{"v":"5.5.9","fr":29.9700012207031,"ip":0,"op":120.0000048877,"w":200,"h":200,"nm":"Planta_0","ddd":0,"assets":[],"layers":[{"ddd":0,"ind":1,"ty":4,"nm":"Shape Layer 1","sr":1,"ks":{"o":{"a":0,"k":100,"ix":11},"r":{"a":0,"k":0,"ix":10},"p":{"a":0,"k":[100,100,0],"ix":2},"a":{"a":0,"k":[0,0,0],"ix":1},"s":{"a":0,"k":[100,100,100],"ix":6}},"ao":0,"shapes":[],"ip":0,"op":81.0000032991976,"st":21.0000008553475,"bm":0},{"ddd":0,"ind":2,"ty":4,"nm":"1:Base","sr":1,"ks":{"o":{"a":0,"k":100,"ix":11},"r":{"a":0,"k":0,"ix":10},"p":{"a":0,"k":[77.5,188,0],"ix":2},"a":{"a":0,"k":[22.75,12.25,0],"ix":1},"s":{"a":0,"k":[100,100,100],"ix":6}},"ao":0,"shapes":[{"ty":"gr","it":[{"ind":0,"ty":"sh","ix":1,"ks":{"a":0,"k":{"i":[[0,0],[0,0],[0,0],[0,0],[0,8.837]],"o":[[0,0],[0,0],[0,0],[-8.837,0],[0,0]],"v":[[-22.5,-12],[22.5,-12],[22.5,12],[-6.5,12],[-22.5,-4]],"c":true},"ix":2},"nm":"Path 1","mn":"ADBE Vector Shape - Group","hd":false},{"ty":"fl","c":{"a":0,"k":[0.011999999776,0.184000007779,0.161000001197,1],"ix":4},"o":{"a":0,"k":100,"ix":5},"r":1,"bm":0,"nm":"Fill 1","mn":"ADBE Vector Graphic - Fill","hd":false},{"ty":"tr","p":{"a":0,"k":[22.75,12.25],"ix":2},"a":{"a":0,"k":[0,0],"ix":1},"s":{"a":0,"k":[100,100],"ix":3},"r":{"a":0,"k":0,"ix":6},"o":{"a":0,"k":100,"ix":7},"sk":{"a":0,"k":0,"ix":4},"sa":{"a":0,"k":0,"ix":5},"nm":"Transform"}],"nm":"Group 1","np":2,"cix":2,"bm":0,"ix":1,"mn":"ADBE Vector Group","hd":false}],"ip":0,"op":120.0000048877,"st":21.0000008553475,"bm":0},{"ddd":0,"ind":3,"ty":4,"nm":"2:Base","sr":1,"ks":{"o":{"a":0,"k":100,"ix":11},"r":{"a":0,"k":0,"ix":10},"p":{"a":0,"k":[100,188,0],"ix":2},"a":{"a":0,"k":[45.25,12.25,0],"ix":1},"s":{"a":0,"k":[100,100,100],"ix":6}},"ao":0,"shapes":[{"ty":"gr","it":[{"ind":0,"ty":"sh","ix":1,"ks":{"a":0,"k":{"i":[[0,0],[0,0],[0,0],[8.837,0],[0,0],[0,8.837]],"o":[[0,0],[0,0],[0,8.837],[0,0],[-8.837,0],[0,0]],"v":[[-45,-12],[45,-12],[45,-4],[29,12],[-29,12],[-45,-4]],"c":true},"ix":2},"nm":"Path 1","mn":"ADBE Vector Shape - Group","hd":false},{"ty":"fl","c":{"a":0,"k":[0.023999999551,0.305999995213,0.270999983245,1],"ix":4},"o":{"a":0,"k":100,"ix":5},"r":1,"bm":0,"nm":"Fill 1","mn":"ADBE Vector Graphic - Fill","hd":false},{"ty":"tr","p":{"a":0,"k":[45.25,12.25],"ix":2},"a":{"a":0,"k":[0,0],"ix":1},"s":{"a":0,"k":[100,100],"ix":3},"r":{"a":0,"k":0,"ix":6},"o":{"a":0,"k":100,"ix":7},"sk":{"a":0,"k":0,"ix":4},"sa":{"a":0,"k":0,"ix":5},"nm":"Transform"}],"nm":"Group 1","np":2,"cix":2,"bm":0,"ix":1,"mn":"ADBE Vector Group","hd":false}],"ip":0,"op":120.0000048877,"st":21.0000008553475,"bm":0},{"ddd":0,"ind":4,"ty":4,"nm":"1:Soil","sr":1,"ks":{"o":{"a":0,"k":100,"ix":11},"r":{"a":0,"k":0,"ix":10},"p":{"a":0,"k":[100.5,170.579,0],"ix":2},"a":{"a":0,"k":[21.916,5.671,0],"ix":1},"s":{"a":1,"k":[{"i":{"x":[0.667,0.667,0.667],"y":[1,1,1]},"o":{"x":[0.333,0.333,0.333],"y":[0,0,0]},"t":14,"s":[100,100,100]},{"i":{"x":[0.667,0.667,0.667],"y":[1,1,1]},"o":{"x":[0.333,0.333,0.333],"y":[0,0,0]},"t":26,"s":[110,100,100]},{"i":{"x":[0.667,0.667,0.667],"y":[1,1,1]},"o":{"x":[0.333,0.333,0.333],"y":[0,0,0]},"t":55,"s":[110,100,100]},{"t":62.4375025431315,"s":[100,100,100]}],"ix":6}},"ao":0,"shapes":[{"ty":"gr","it":[{"ind":0,"ty":"sh","ix":1,"ks":{"a":0,"k":{"i":[[0,0],[0,0],[0,0],[2.812,-1.312],[0,0],[0,0],[0,0],[0,0],[0,0],[0,0],[0,0],[0,0]],"o":[[0,0],[0,0],[0,0],[-2.812,1.312],[0,0],[0,0],[0,0],[0,0],[0,0],[0,0],[0,0],[0,0]],"v":[[20.166,5.404],[11.416,2.342],[7.166,6.967],[3.541,9.717],[1.104,11.029],[42.666,11.029],[41.479,10.154],[37.666,9.217],[35.729,5.842],[31.041,3.842],[26.729,5.467],[25.041,8.029]],"c":true},"ix":2},"nm":"Path 1","mn":"ADBE Vector Shape - Group","hd":false},{"ty":"fl","c":{"a":0,"k":[0.125,0.745000023935,0.611999990426,1],"ix":4},"o":{"a":0,"k":100,"ix":5},"r":1,"bm":0,"nm":"Fill 1","mn":"ADBE Vector Graphic - Fill","hd":false},{"ty":"tr","p":{"a":0,"k":[0,0],"ix":2},"a":{"a":0,"k":[0,0],"ix":1},"s":{"a":0,"k":[100,100],"ix":3},"r":{"a":0,"k":0,"ix":6},"o":{"a":0,"k":100,"ix":7},"sk":{"a":0,"k":0,"ix":4},"sa":{"a":0,"k":0,"ix":5},"nm":"Transform"}],"nm":"Shape 1","np":3,"cix":2,"bm":0,"ix":1,"mn":"ADBE Vector Group","hd":false},{"ty":"gr","it":[{"ind":0,"ty":"sh","ix":1,"ks":{"a":0,"k":{"i":[[0,0],[1.229,0.026],[0.142,-0.549]],"o":[[-0.691,-0.915],[-0.277,0.479],[0,0]],"v":[[1.818,0.77],[-1.182,-0.77],[-1.818,0.77]],"c":true},"ix":2},"nm":"Path 1","mn":"ADBE Vector Shape - Group","hd":false},{"ty":"fl","c":{"a":0,"k":[0.125,0.745000023935,0.611999990426,1],"ix":4},"o":{"a":0,"k":100,"ix":5},"r":1,"bm":0,"nm":"Fill 1","mn":"ADBE Vector Graphic - Fill","hd":false},{"ty":"tr","p":{"a":0,"k":[4.593,10.321],"ix":2},"a":{"a":0,"k":[0,0],"ix":1},"s":{"a":0,"k":[100,100],"ix":3},"r":{"a":0,"k":0,"ix":6},"o":{"a":0,"k":100,"ix":7},"sk":{"a":0,"k":0,"ix":4},"sa":{"a":0,"k":0,"ix":5},"nm":"Transform"}],"nm":"Group 1","np":2,"cix":2,"bm":0,"ix":2,"mn":"ADBE Vector Group","hd":false},{"ty":"gr","it":[{"ind":0,"ty":"sh","ix":1,"ks":{"a":0,"k":{"i":[[-0.277,0.479],[0.028,0],[0.707,-0.936],[0,0]],"o":[[-0.027,0],[-1.262,0],[0,0],[0.142,-0.549]],"v":[[1.581,-0.766],[1.499,-0.775],[-1.581,0.775],[0.945,0.775]],"c":true},"ix":2},"nm":"Path 1","mn":"ADBE Vector Shape - Group","hd":false},{"ty":"fl","c":{"a":0,"k":[0.125,0.745000023935,0.611999990426,1],"ix":4},"o":{"a":0,"k":100,"ix":5},"r":1,"bm":0,"nm":"Fill 1","mn":"ADBE Vector Graphic - Fill","hd":false},{"ty":"tr","p":{"a":0,"k":[1.83,10.317],"ix":2},"a":{"a":0,"k":[0,0],"ix":1},"s":{"a":0,"k":[100,100],"ix":3},"r":{"a":0,"k":0,"ix":6},"o":{"a":0,"k":100,"ix":7},"sk":{"a":0,"k":0,"ix":4},"sa":{"a":0,"k":0,"ix":5},"nm":"Transform"}],"nm":"Group 2","np":2,"cix":2,"bm":0,"ix":3,"mn":"ADBE Vector Group","hd":false},{"ty":"gr","it":[{"ind":0,"ty":"sh","ix":1,"ks":{"a":0,"k":{"i":[[0.415,-0.548],[0,0],[0.204,0.398]],"o":[[0,0],[-0.114,-0.44],[-0.644,0.266]],"v":[[-1.044,0.628],[1.044,0.628],[0.562,-0.628]],"c":true},"ix":2},"nm":"Path 1","mn":"ADBE Vector Shape - Group","hd":false},{"ty":"fl","c":{"a":0,"k":[0.125,0.745000023935,0.611999990426,1],"ix":4},"o":{"a":0,"k":100,"ix":5},"r":1,"bm":0,"nm":"Fill 1","mn":"ADBE Vector Graphic - Fill","hd":false},{"ty":"tr","p":{"a":0,"k":[38.465,10.464],"ix":2},"a":{"a":0,"k":[0,0],"ix":1},"s":{"a":0,"k":[100,100],"ix":3},"r":{"a":0,"k":0,"ix":6},"o":{"a":0,"k":100,"ix":7},"sk":{"a":0,"k":0,"ix":4},"sa":{"a":0,"k":0,"ix":5},"nm":"Transform"}],"nm":"Group 3","np":2,"cix":2,"bm":0,"ix":4,"mn":"ADBE Vector Group","hd":false},{"ty":"gr","it":[{"ind":0,"ty":"sh","ix":1,"ks":{"a":0,"k":{"i":[[0,0],[1.262,0],[0.454,-0.187],[-0.114,-0.44]],"o":[[-0.707,-0.936],[-0.523,0],[0.203,0.398],[0,0]],"v":[[2.277,0.775],[-0.803,-0.775],[-2.277,-0.48],[-1.797,0.775]],"c":true},"ix":2},"nm":"Path 1","mn":"ADBE Vector Shape - Group","hd":false},{"ty":"fl","c":{"a":0,"k":[0.125,0.745000023935,0.611999990426,1],"ix":4},"o":{"a":0,"k":100,"ix":5},"r":1,"bm":0,"nm":"Fill 1","mn":"ADBE Vector Graphic - Fill","hd":false},{"ty":"tr","p":{"a":0,"k":[41.305,10.317],"ix":2},"a":{"a":0,"k":[0,0],"ix":1},"s":{"a":0,"k":[100,100],"ix":3},"r":{"a":0,"k":0,"ix":6},"o":{"a":0,"k":100,"ix":7},"sk":{"a":0,"k":0,"ix":4},"sa":{"a":0,"k":0,"ix":5},"nm":"Transform"}],"nm":"Group 4","np":2,"cix":2,"bm":0,"ix":5,"mn":"ADBE Vector Group","hd":false},{"ty":"gr","it":[{"ind":0,"ty":"sh","ix":1,"ks":{"a":0,"k":{"i":[[0.15,0.72],[0.214,-0.824],[0,0]],"o":[[-0.507,0.654],[0,0],[0,-0.764]],"v":[[0.434,-1.115],[-0.665,1.115],[0.665,1.115]],"c":true},"ix":2},"nm":"Path 1","mn":"ADBE Vector Shape - Group","hd":false},{"ty":"fl","c":{"a":0,"k":[0.125,0.745000023935,0.611999990426,1],"ix":4},"o":{"a":0,"k":100,"ix":5},"r":1,"bm":0,"nm":"Fill 1","mn":"ADBE Vector Graphic - Fill","hd":false},{"ty":"tr","p":{"a":0,"k":[28.221,9.977],"ix":2},"a":{"a":0,"k":[0,0],"ix":1},"s":{"a":0,"k":[100,100],"ix":3},"r":{"a":0,"k":0,"ix":6},"o":{"a":0,"k":100,"ix":7},"sk":{"a":0,"k":0,"ix":4},"sa":{"a":0,"k":0,"ix":5},"nm":"Transform"}],"nm":"Group 5","np":2,"cix":2,"bm":0,"ix":6,"mn":"ADBE Vector Group","hd":false},{"ty":"gr","it":[{"ind":0,"ty":"sh","ix":1,"ks":{"a":0,"k":{"i":[[1.133,-1.46],[0,-0.764],[0,0],[0,0.538],[0.351,0.777],[0.908,0]],"o":[[0.15,0.72],[0,0],[0.129,-0.498],[0,-0.909],[-0.776,-0.351],[-1.992,0]],"v":[[-3.988,0.094],[-3.757,2.323],[3.768,2.323],[3.988,0.775],[3.43,-1.766],[0.89,-2.323]],"c":true},"ix":2},"nm":"Path 1","mn":"ADBE Vector Shape - Group","hd":false},{"ty":"fl","c":{"a":0,"k":[0.125,0.745000023935,0.611999990426,1],"ix":4},"o":{"a":0,"k":100,"ix":5},"r":1,"bm":0,"nm":"Fill 1","mn":"ADBE Vector Graphic - Fill","hd":false},{"ty":"tr","p":{"a":0,"k":[32.643,8.768],"ix":2},"a":{"a":0,"k":[0,0],"ix":1},"s":{"a":0,"k":[100,100],"ix":3},"r":{"a":0,"k":0,"ix":6},"o":{"a":0,"k":100,"ix":7},"sk":{"a":0,"k":0,"ix":4},"sa":{"a":0,"k":0,"ix":5},"nm":"Transform"}],"nm":"Group 6","np":2,"cix":2,"bm":0,"ix":7,"mn":"ADBE Vector Group","hd":false},{"ty":"gr","it":[{"ind":0,"ty":"sh","ix":1,"ks":{"a":0,"k":{"i":[[0.129,-0.498],[0,0],[-0.644,0.266],[1.283,0.58],[0,-0.908]],"o":[[0,0],[0.414,-0.548],[-0.638,-1.249],[0.351,0.777],[0,0.538]],"v":[[-1.139,2.045],[-0.129,2.045],[1.478,0.79],[-1.478,-2.045],[-0.921,0.496]],"c":true},"ix":2},"nm":"Path 1","mn":"ADBE Vector Shape - Group","hd":false},{"ty":"fl","c":{"a":0,"k":[0.125,0.745000023935,0.611999990426,1],"ix":4},"o":{"a":0,"k":100,"ix":5},"r":1,"bm":0,"nm":"Fill 1","mn":"ADBE Vector Graphic - Fill","hd":false},{"ty":"tr","p":{"a":0,"k":[37.55,9.047],"ix":2},"a":{"a":0,"k":[0,0],"ix":1},"s":{"a":0,"k":[100,100],"ix":3},"r":{"a":0,"k":0,"ix":6},"o":{"a":0,"k":100,"ix":7},"sk":{"a":0,"k":0,"ix":4},"sa":{"a":0,"k":0,"ix":5},"nm":"Transform"}],"nm":"Group 7","np":2,"cix":2,"bm":0,"ix":8,"mn":"ADBE Vector Group","hd":false},{"ty":"gr","it":[{"ind":0,"ty":"sh","ix":1,"ks":{"a":0,"k":{"i":[[0,0],[2.884,0],[0.173,-0.014],[0,-1.645]],"o":[[-0.691,-2.667],[-0.176,0],[-0.655,1.397],[0,0]],"v":[[3.762,2.323],[-2.215,-2.323],[-2.668,-2.335],[-3.762,2.323]],"c":true},"ix":2},"nm":"Path 1","mn":"ADBE Vector Shape - Group","hd":false},{"ty":"fl","c":{"a":0,"k":[0.125,0.745000023935,0.611999990426,1],"ix":4},"o":{"a":0,"k":100,"ix":5},"r":1,"bm":0,"nm":"Fill 1","mn":"ADBE Vector Graphic - Fill","hd":false},{"ty":"tr","p":{"a":0,"k":[10.965,8.769],"ix":2},"a":{"a":0,"k":[0,0],"ix":1},"s":{"a":0,"k":[100,100],"ix":3},"r":{"a":0,"k":0,"ix":6},"o":{"a":0,"k":100,"ix":7},"sk":{"a":0,"k":0,"ix":4},"sa":{"a":0,"k":0,"ix":5},"nm":"Transform"}],"nm":"Group 8","np":2,"cix":2,"bm":0,"ix":9,"mn":"ADBE Vector Group","hd":false},{"ty":"gr","it":[{"ind":0,"ty":"sh","ix":1,"ks":{"a":0,"k":{"i":[[-0.691,-0.915],[0,0],[-0.656,1.397],[0.989,-1.705]],"o":[[0,0],[0,-1.645],[-2.069,0.174],[1.229,0.026]],"v":[[0.588,2.298],[1.38,2.298],[2.412,-2.298],[-2.412,0.757]],"c":true},"ix":2},"nm":"Path 1","mn":"ADBE Vector Shape - Group","hd":false},{"ty":"fl","c":{"a":0,"k":[0.125,0.745000023935,0.611999990426,1],"ix":4},"o":{"a":0,"k":100,"ix":5},"r":1,"bm":0,"nm":"Fill 1","mn":"ADBE Vector Graphic - Fill","hd":false},{"ty":"tr","p":{"a":0,"k":[5.823,8.794],"ix":2},"a":{"a":0,"k":[0,0],"ix":1},"s":{"a":0,"k":[100,100],"ix":3},"r":{"a":0,"k":0,"ix":6},"o":{"a":0,"k":100,"ix":7},"sk":{"a":0,"k":0,"ix":4},"sa":{"a":0,"k":0,"ix":5},"nm":"Transform"}],"nm":"Group 9","np":2,"cix":2,"bm":0,"ix":10,"mn":"ADBE Vector Group","hd":false},{"ty":"gr","it":[{"ind":0,"ty":"sh","ix":1,"ks":{"a":1,"k":[{"i":{"x":0.421,"y":1},"o":{"x":0.171,"y":0},"t":16,"s":[{"i":[[0,-2.022],[-0.129,-0.498],[0,0],[-0.507,0.655],[0.928,1.242]],"o":[[0,0.538],[0,0],[0.214,-0.824],[-0.329,-1.57],[-1.499,1.131]],"v":[[-2.208,1.691],[-1.989,3.24],[1.109,3.24],[2.208,1.01],[0.275,-3.24]],"c":true}]},{"i":{"x":0.421,"y":1},"o":{"x":0.171,"y":0},"t":21,"s":[{"i":[[0,-2.022],[-0.129,-0.498],[0,0],[-0.507,0.655],[0.928,1.242]],"o":[[0,0.538],[0,0],[0.214,-0.824],[-0.329,-1.57],[-1.499,1.131]],"v":[[-1.301,1.66],[-1.082,3.209],[2.015,3.209],[3.114,0.979],[1.181,-3.272]],"c":true}]},{"i":{"x":0.829,"y":1},"o":{"x":0.579,"y":0},"t":57,"s":[{"i":[[0,-2.022],[-0.129,-0.498],[0,0],[-0.507,0.655],[0.928,1.242]],"o":[[0,0.538],[0,0],[0.214,-0.824],[-0.329,-1.57],[-1.499,1.131]],"v":[[-1.301,1.66],[-1.082,3.209],[2.015,3.209],[3.114,0.979],[1.181,-3.272]],"c":true}]},{"t":62.9375025634969,"s":[{"i":[[0,-2.022],[-0.129,-0.498],[0,0],[-0.507,0.655],[0.928,1.242]],"o":[[0,0.538],[0,0],[0.214,-0.824],[-0.329,-1.57],[-1.499,1.131]],"v":[[-2.208,1.691],[-1.989,3.24],[1.109,3.24],[2.208,1.01],[0.275,-3.24]],"c":true}]}],"ix":2},"nm":"Path 1","mn":"ADBE Vector Shape - Group","hd":false},{"ty":"fl","c":{"a":0,"k":[0.125,0.745000023935,0.611999990426,1],"ix":4},"o":{"a":0,"k":100,"ix":5},"r":1,"bm":0,"nm":"Fill 1","mn":"ADBE Vector Graphic - Fill","hd":false},{"ty":"tr","p":{"a":1,"k":[{"i":{"x":0.421,"y":0.421},"o":{"x":0.171,"y":0.171},"t":16,"s":[26.447,7.852],"to":[0,0],"ti":[0,0]},{"i":{"x":0.421,"y":0.421},"o":{"x":0.171,"y":0.171},"t":21,"s":[26.447,7.852],"to":[0,0],"ti":[0,0]},{"i":{"x":0.829,"y":0.829},"o":{"x":0.579,"y":0.579},"t":57,"s":[26.447,7.852],"to":[0,0],"ti":[0,0]},{"t":62.9375025634969,"s":[26.447,7.852]}],"ix":2},"a":{"a":0,"k":[0,0],"ix":1},"s":{"a":0,"k":[100,100],"ix":3},"r":{"a":0,"k":0,"ix":6},"o":{"a":0,"k":100,"ix":7},"sk":{"a":0,"k":0,"ix":4},"sa":{"a":0,"k":0,"ix":5},"nm":"Transform"}],"nm":"Group 10","np":2,"cix":2,"bm":0,"ix":11,"mn":"ADBE Vector Group","hd":false},{"ty":"gr","it":[{"ind":0,"ty":"sh","ix":1,"ks":{"a":1,"k":[{"i":{"x":0.833,"y":0.814},"o":{"x":0.236,"y":0},"t":16,"s":[{"i":[[-1.992,0],[-0.777,-0.351],[2.514,0],[1.037,-0.782],[-0.329,-1.57]],"o":[[0.908,0],[-0.972,-2.151],[-1.399,0],[0.928,1.241],[1.133,-1.46]],"v":[[2.135,0.34],[4.676,0.898],[-0.963,-2.758],[-4.676,-1.493],[-2.743,2.758]],"c":true}]},{"i":{"x":0.833,"y":0.86},"o":{"x":0.167,"y":0},"t":21,"s":[{"i":[[-1.992,0],[-0.777,-0.351],[2.487,0.368],[1.037,-0.782],[-0.329,-1.57]],"o":[[0.908,0],[-0.972,-2.151],[-3.206,-0.474],[0.928,1.241],[1.133,-1.46]],"v":[[2.073,0.778],[4.488,2.21],[-0.65,-2.445],[-5.895,-1.493],[-5.055,4.32]],"c":true}]},{"i":{"x":0.764,"y":1},"o":{"x":0.167,"y":0.14},"t":57,"s":[{"i":[[-1.992,0],[-0.777,-0.351],[2.487,0.368],[1.037,-0.782],[-0.329,-1.57]],"o":[[0.908,0],[-0.972,-2.151],[-3.206,-0.474],[0.928,1.241],[1.133,-1.46]],"v":[[2.916,0.84],[5.176,3.335],[-0.119,-2.695],[-5.77,-1.462],[-4.212,4.383]],"c":true}]},{"t":62.9375025634969,"s":[{"i":[[-1.992,0],[-0.777,-0.351],[2.514,0],[1.037,-0.782],[-0.329,-1.57]],"o":[[0.908,0],[-0.972,-2.151],[-1.399,0],[0.928,1.241],[1.133,-1.46]],"v":[[2.135,0.34],[4.676,0.898],[-0.963,-2.758],[-4.676,-1.493],[-2.743,2.758]],"c":true}]}],"ix":2},"nm":"Path 1","mn":"ADBE Vector Shape - Group","hd":false},{"ty":"fl","c":{"a":0,"k":[0.125,0.745000023935,0.611999990426,1],"ix":4},"o":{"a":0,"k":100,"ix":5},"r":1,"bm":0,"nm":"Fill 1","mn":"ADBE Vector Graphic - Fill","hd":false},{"ty":"tr","p":{"a":1,"k":[{"i":{"x":0.833,"y":0.814},"o":{"x":0.236,"y":0},"t":16,"s":[31.398,6.105],"to":[0.333,0],"ti":[-0.333,0]},{"i":{"x":0.833,"y":0.833},"o":{"x":0.167,"y":0.167},"t":21,"s":[33.398,6.105],"to":[0,0],"ti":[0,0]},{"i":{"x":0.764,"y":1},"o":{"x":0.167,"y":0.167},"t":57,"s":[33.398,6.105],"to":[-0.333,0],"ti":[0.333,0]},{"t":62.9375025634969,"s":[31.398,6.105]}],"ix":2},"a":{"a":0,"k":[0,0],"ix":1},"s":{"a":0,"k":[100,100],"ix":3},"r":{"a":0,"k":0,"ix":6},"o":{"a":0,"k":100,"ix":7},"sk":{"a":0,"k":0,"ix":4},"sa":{"a":0,"k":0,"ix":5},"nm":"Transform"}],"nm":"Group 11","np":2,"cix":2,"bm":0,"ix":12,"mn":"ADBE Vector Group","hd":false},{"ty":"gr","it":[{"ind":0,"ty":"sh","ix":1,"ks":{"a":1,"k":[{"i":{"x":0.833,"y":0.814},"o":{"x":0.236,"y":0},"t":16,"s":[{"i":[[-0.691,-2.667],[0,0],[0,0.538],[-1.499,1.13],[3.555,0],[1.731,-3.687],[-0.176,0]],"o":[[0,0],[-0.129,-0.498],[0,-2.022],[-1.977,-2.643],[-4.342,0],[0.173,-0.014],[2.884,0]],"v":[[-2.751,5.421],[6.98,5.421],[6.762,3.872],[9.243,-1.059],[0.566,-5.421],[-9.243,0.826],[-8.728,0.775]],"c":true}]},{"i":{"x":0.833,"y":0.86},"o":{"x":0.167,"y":0},"t":21,"s":[{"i":[[-0.691,-2.667],[0,0],[0,0.538],[-1.499,1.13],[3.555,0],[1.731,-3.687],[-0.176,0]],"o":[[0,0],[-0.129,-0.498],[0,-2.022],[-1.977,-2.643],[-4.342,0],[0.173,-0.014],[2.884,0]],"v":[[-2.75,5.421],[8.543,5.421],[8.449,3.997],[9.275,2.003],[-1.185,-4.609],[-9.243,0.826],[-8.728,0.775]],"c":true}]},{"i":{"x":0.764,"y":1},"o":{"x":0.167,"y":0},"t":57,"s":[{"i":[[-0.691,-2.667],[0,0],[0,0.538],[-1.499,1.13],[3.555,0],[1.731,-3.687],[-0.176,0]],"o":[[0,0],[-0.129,-0.498],[0,-2.022],[-1.977,-2.643],[-4.342,0],[0.173,-0.014],[2.884,0]],"v":[[-2.751,5.421],[8.543,5.421],[8.449,3.997],[8.618,1.316],[-1.185,-4.609],[-9.243,0.826],[-8.728,0.775]],"c":true}]},{"t":62.9375025634969,"s":[{"i":[[-0.691,-2.667],[0,0],[0,0.538],[-1.499,1.13],[3.555,0],[1.731,-3.687],[-0.176,0]],"o":[[0,0],[-0.129,-0.498],[0,-2.022],[-1.977,-2.643],[-4.342,0],[0.173,-0.014],[2.884,0]],"v":[[-2.751,5.421],[6.98,5.421],[6.762,3.872],[9.243,-1.059],[0.566,-5.421],[-9.243,0.826],[-8.728,0.775]],"c":true}]}],"ix":2},"nm":"Path 1","mn":"ADBE Vector Shape - Group","hd":false},{"ty":"fl","c":{"a":0,"k":[0.125,0.745000023935,0.611999990426,1],"ix":4},"o":{"a":0,"k":100,"ix":5},"r":1,"bm":0,"nm":"Fill 1","mn":"ADBE Vector Graphic - Fill","hd":false},{"ty":"tr","p":{"a":1,"k":[{"i":{"x":0.833,"y":0.814},"o":{"x":0.236,"y":0},"t":16,"s":[17.478,5.671],"to":[-0.167,0],"ti":[0.167,0]},{"i":{"x":0.833,"y":0.833},"o":{"x":0.167,"y":0.167},"t":21,"s":[16.478,5.671],"to":[0,0],"ti":[0,0]},{"i":{"x":0.764,"y":1},"o":{"x":0.167,"y":0},"t":57,"s":[16.478,5.671],"to":[0.167,0],"ti":[-0.167,0]},{"t":62.9375025634969,"s":[17.478,5.671]}],"ix":2},"a":{"a":0,"k":[0,0],"ix":1},"s":{"a":0,"k":[100,100],"ix":3},"r":{"a":0,"k":0,"ix":6},"o":{"a":0,"k":100,"ix":7},"sk":{"a":0,"k":0,"ix":4},"sa":{"a":0,"k":0,"ix":5},"nm":"Transform"}],"nm":"Group 12","np":2,"cix":2,"bm":0,"ix":13,"mn":"ADBE Vector Group","hd":false}],"ip":0,"op":120.0000048877,"st":21.0000008553475,"bm":0},{"ddd":0,"ind":5,"ty":4,"nm":"1:Shovel 3","sr":1,"ks":{"o":{"a":0,"k":100,"ix":11},"r":{"a":1,"k":[{"i":{"x":[0],"y":[1]},"o":{"x":[0.289],"y":[0]},"t":0.131,"s":[-182.932]},{"i":{"x":[0.833],"y":[1]},"o":{"x":[0.167],"y":[0]},"t":17,"s":[-15.192]},{"i":{"x":[0.833],"y":[1]},"o":{"x":[0.167],"y":[0]},"t":20,"s":[-6.192]},{"i":{"x":[0.633],"y":[0.798]},"o":{"x":[0.167],"y":[0]},"t":51,"s":[-6.192]},{"i":{"x":[0.833],"y":[1]},"o":{"x":[0.352],"y":[0.327]},"t":57,"s":[99.365]},{"t":63.0000025660426,"s":[161.808]}],"ix":10},"p":{"s":true,"x":{"a":1,"k":[{"i":{"x":[0.693],"y":[1.033]},"o":{"x":[0.239],"y":[0]},"t":0.131,"s":[23.905]},{"i":{"x":[0.833],"y":[1]},"o":{"x":[0.167],"y":[0]},"t":17,"s":[100.837]},{"i":{"x":[0.833],"y":[1]},"o":{"x":[0.159],"y":[0]},"t":20,"s":[104.837]},{"i":{"x":[0.708],"y":[0.59]},"o":{"x":[0.167],"y":[0.167]},"t":51,"s":[104.837]},{"i":{"x":[0.722],"y":[1]},"o":{"x":[0.396],"y":[0.534]},"t":57,"s":[137.273]},{"t":63.0000025660426,"s":[171.087]}],"ix":3},"y":{"a":1,"k":[{"i":{"x":[0.605],"y":[2.221]},"o":{"x":[0.319],"y":[2.01]},"t":0.131,"s":[236.205]},{"i":{"x":[0.833],"y":[0.833]},"o":{"x":[0.157],"y":[0]},"t":17,"s":[148.387]},{"i":{"x":[0.667],"y":[1]},"o":{"x":[0.167],"y":[0.167]},"t":51,"s":[140.387]},{"i":{"x":[0.96],"y":[1]},"o":{"x":[0.804],"y":[0]},"t":57,"s":[115.037]},{"t":63.0000025660426,"s":[258.137]}],"ix":4}},"a":{"a":0,"k":[22.266,52.048,0],"ix":1},"s":{"a":0,"k":[100,100,100],"ix":6}},"ao":0,"shapes":[{"ty":"gr","it":[{"ind":0,"ty":"sh","ix":1,"ks":{"a":0,"k":{"i":[[-1.727,-0.427],[0,0],[0.427,-1.726],[0,0],[1.726,0.427],[0,0],[-0.427,1.726],[0,0]],"o":[[0,0],[1.726,0.427],[0,0],[-0.427,1.726],[0,0],[-1.727,-0.428],[0,0],[0.426,-1.726]],"v":[[2.118,-13.898],[4.602,-13.283],[6.956,-9.385],[1.781,11.545],[-2.118,13.898],[-4.603,13.284],[-6.956,9.385],[-1.781,-11.545]],"c":true},"ix":2},"nm":"Path 1","mn":"ADBE Vector Shape - Group","hd":false},{"ty":"fl","c":{"a":0,"k":[0.011999999776,0.184000007779,0.161000001197,1],"ix":4},"o":{"a":0,"k":100,"ix":5},"r":1,"bm":0,"nm":"Fill 1","mn":"ADBE Vector Graphic - Fill","hd":false},{"ty":"tr","p":{"a":0,"k":[32.349,14.575],"ix":2},"a":{"a":0,"k":[0,0],"ix":1},"s":{"a":0,"k":[100,100],"ix":3},"r":{"a":0,"k":0,"ix":6},"o":{"a":0,"k":100,"ix":7},"sk":{"a":0,"k":0,"ix":4},"sa":{"a":0,"k":0,"ix":5},"nm":"Transform"}],"nm":"Group 1","np":2,"cix":2,"bm":0,"ix":1,"mn":"ADBE Vector Group","hd":false},{"ty":"gr","it":[{"ind":0,"ty":"sh","ix":1,"ks":{"a":0,"k":{"i":[[0,0],[-13.531,-8.598],[0,0]],"o":[[0,0],[0,0],[0,0]],"v":[[-13.039,-18.497],[-10,17.431],[-1.131,-18.445]],"c":true},"ix":2},"nm":"Path 2","mn":"ADBE Vector Shape - Group","hd":false},{"ind":1,"ty":"sh","ix":2,"ks":{"a":0,"k":{"i":[[-5.719,31.097],[0,0],[0,0],[0,0]],"o":[[0,0],[0,0],[0,0],[0.004,0]],"v":[[10.001,-12.652],[-0.51,-18.444],[-1.131,-18.446],[-10.001,17.43]],"c":true},"ix":2},"nm":"Path 1","mn":"ADBE Vector Shape - Group","hd":false},{"ty":"fl","c":{"a":0,"k":[0.948999980852,0.948999980852,0.948999980852,1],"ix":4},"o":{"a":0,"k":100,"ix":5},"r":1,"bm":0,"nm":"Fill 1","mn":"ADBE Vector Graphic - Fill","hd":false},{"ty":"tr","p":{"a":0,"k":[19.045,68.527],"ix":2},"a":{"a":0,"k":[-4.736,-1.638],"ix":1},"s":{"a":0,"k":[100,100],"ix":3},"r":{"a":0,"k":0,"ix":6},"o":{"a":0,"k":100,"ix":7},"sk":{"a":0,"k":0,"ix":4},"sa":{"a":0,"k":0,"ix":5},"nm":"Transform"}],"nm":"Group 2","np":3,"cix":2,"bm":0,"ix":2,"mn":"ADBE Vector Group","hd":false},{"ty":"gr","it":[{"ty":"tr","p":{"a":0,"k":[11.45,69.632],"ix":2},"a":{"a":0,"k":[0,0],"ix":1},"s":{"a":0,"k":[100,100],"ix":3},"r":{"a":0,"k":0,"ix":6},"o":{"a":0,"k":100,"ix":7},"sk":{"a":0,"k":0,"ix":4},"sa":{"a":0,"k":0,"ix":5},"nm":"Transform"}],"nm":"Group 3","np":0,"cix":2,"bm":0,"ix":3,"mn":"ADBE Vector Group","hd":false},{"ty":"gr","it":[{"ind":0,"ty":"sh","ix":1,"ks":{"a":0,"k":{"i":[[0,0],[0,0],[0,0],[0,0]],"o":[[0,0],[0,0],[0,0],[0,0]],"v":[[-6.027,13.962],[-1.173,15.161],[6.027,-13.963],[1.173,-15.161]],"c":true},"ix":2},"nm":"Path 1","mn":"ADBE Vector Shape - Group","hd":false},{"ty":"fl","c":{"a":0,"k":[0.125,0.745000023935,0.611999990426,1],"ix":4},"o":{"a":0,"k":100,"ix":5},"r":1,"bm":0,"nm":"Fill 1","mn":"ADBE Vector Graphic - Fill","hd":false},{"ty":"tr","p":{"a":0,"k":[25.628,41.757],"ix":2},"a":{"a":0,"k":[0,0],"ix":1},"s":{"a":0,"k":[100,100],"ix":3},"r":{"a":0,"k":0,"ix":6},"o":{"a":0,"k":100,"ix":7},"sk":{"a":0,"k":0,"ix":4},"sa":{"a":0,"k":0,"ix":5},"nm":"Transform"}],"nm":"Group 4","np":2,"cix":2,"bm":0,"ix":4,"mn":"ADBE Vector Group","hd":false}],"ip":51.0000020772726,"op":66.0000026882351,"st":21.0000008553475,"bm":0},{"ddd":0,"ind":6,"ty":4,"nm":"1:Shovel 2","sr":1,"ks":{"o":{"a":0,"k":100,"ix":11},"r":{"a":1,"k":[{"i":{"x":[0.682],"y":[1]},"o":{"x":[0.318],"y":[0]},"t":31,"s":[-6.192]},{"i":{"x":[0.682],"y":[1]},"o":{"x":[0.318],"y":[0]},"t":36,"s":[-19.192]},{"i":{"x":[0.682],"y":[1]},"o":{"x":[1],"y":[0]},"t":41,"s":[0.808]},{"t":48.0000019550801,"s":[-6.192]}],"ix":10},"p":{"s":true,"x":{"a":1,"k":[{"i":{"x":[0.682],"y":[1]},"o":{"x":[0.318],"y":[0]},"t":31,"s":[101.087]},{"i":{"x":[0.682],"y":[1]},"o":{"x":[0.318],"y":[0]},"t":36,"s":[101.087]},{"i":{"x":[0.682],"y":[1]},"o":{"x":[0.318],"y":[0]},"t":41,"s":[101.087]},{"t":48.0000019550801,"s":[101.087]}],"ix":3},"y":{"a":1,"k":[{"i":{"x":[0.833],"y":[0.833]},"o":{"x":[0.167],"y":[0.167]},"t":31,"s":[176.637]},{"i":{"x":[0.833],"y":[0.833]},"o":{"x":[0.167],"y":[0.167]},"t":36,"s":[173.746]},{"i":{"x":[0.667],"y":[1]},"o":{"x":[0.167],"y":[0]},"t":41,"s":[168.685]},{"t":48.0000019550801,"s":[168.685]}],"ix":4}},"a":{"a":0,"k":[15.49,79.728,0],"ix":1},"s":{"a":0,"k":[100,100,100],"ix":6}},"ao":0,"shapes":[{"ty":"gr","it":[{"ind":0,"ty":"sh","ix":1,"ks":{"a":0,"k":{"i":[[-1.727,-0.427],[0,0],[0.427,-1.726],[0,0],[1.726,0.427],[0,0],[-0.427,1.726],[0,0]],"o":[[0,0],[1.726,0.427],[0,0],[-0.427,1.726],[0,0],[-1.727,-0.428],[0,0],[0.426,-1.726]],"v":[[2.118,-13.898],[4.602,-13.283],[6.956,-9.385],[1.781,11.545],[-2.118,13.898],[-4.603,13.284],[-6.956,9.385],[-1.781,-11.545]],"c":true},"ix":2},"nm":"Path 1","mn":"ADBE Vector Shape - Group","hd":false},{"ty":"fl","c":{"a":0,"k":[0.011999999776,0.184000007779,0.161000001197,1],"ix":4},"o":{"a":0,"k":100,"ix":5},"r":1,"bm":0,"nm":"Fill 1","mn":"ADBE Vector Graphic - Fill","hd":false},{"ty":"tr","p":{"a":0,"k":[32.349,14.575],"ix":2},"a":{"a":0,"k":[0,0],"ix":1},"s":{"a":0,"k":[100,100],"ix":3},"r":{"a":0,"k":0,"ix":6},"o":{"a":0,"k":100,"ix":7},"sk":{"a":0,"k":0,"ix":4},"sa":{"a":0,"k":0,"ix":5},"nm":"Transform"}],"nm":"Group 1","np":2,"cix":2,"bm":0,"ix":1,"mn":"ADBE Vector Group","hd":false},{"ty":"gr","it":[{"ind":0,"ty":"sh","ix":1,"ks":{"a":0,"k":{"i":[[0,0],[-13.531,-8.598],[0,0]],"o":[[0,0],[0,0],[0,0]],"v":[[-13.039,-18.497],[-10,17.431],[-1.131,-18.445]],"c":true},"ix":2},"nm":"Path 2","mn":"ADBE Vector Shape - Group","hd":false},{"ind":1,"ty":"sh","ix":2,"ks":{"a":0,"k":{"i":[[-5.719,31.097],[0,0],[0,0],[0,0]],"o":[[0,0],[0,0],[0,0],[0.004,0]],"v":[[10.001,-12.652],[-0.51,-18.444],[-1.131,-18.446],[-10.001,17.43]],"c":true},"ix":2},"nm":"Path 1","mn":"ADBE Vector Shape - Group","hd":false},{"ty":"fl","c":{"a":0,"k":[0.948999980852,0.948999980852,0.948999980852,1],"ix":4},"o":{"a":0,"k":100,"ix":5},"r":1,"bm":0,"nm":"Fill 1","mn":"ADBE Vector Graphic - Fill","hd":false},{"ty":"tr","p":{"a":0,"k":[19.045,68.527],"ix":2},"a":{"a":0,"k":[-4.736,-1.638],"ix":1},"s":{"a":0,"k":[100,100],"ix":3},"r":{"a":0,"k":0,"ix":6},"o":{"a":0,"k":100,"ix":7},"sk":{"a":0,"k":0,"ix":4},"sa":{"a":0,"k":0,"ix":5},"nm":"Transform"}],"nm":"Group 2","np":3,"cix":2,"bm":0,"ix":2,"mn":"ADBE Vector Group","hd":false},{"ty":"gr","it":[{"ty":"tr","p":{"a":0,"k":[11.45,69.632],"ix":2},"a":{"a":0,"k":[0,0],"ix":1},"s":{"a":0,"k":[100,100],"ix":3},"r":{"a":0,"k":0,"ix":6},"o":{"a":0,"k":100,"ix":7},"sk":{"a":0,"k":0,"ix":4},"sa":{"a":0,"k":0,"ix":5},"nm":"Transform"}],"nm":"Group 3","np":0,"cix":2,"bm":0,"ix":3,"mn":"ADBE Vector Group","hd":false},{"ty":"gr","it":[{"ind":0,"ty":"sh","ix":1,"ks":{"a":0,"k":{"i":[[0,0],[0,0],[0,0],[0,0]],"o":[[0,0],[0,0],[0,0],[0,0]],"v":[[-6.027,13.962],[-1.173,15.161],[6.027,-13.963],[1.173,-15.161]],"c":true},"ix":2},"nm":"Path 1","mn":"ADBE Vector Shape - Group","hd":false},{"ty":"fl","c":{"a":0,"k":[0.125,0.745000023935,0.611999990426,1],"ix":4},"o":{"a":0,"k":100,"ix":5},"r":1,"bm":0,"nm":"Fill 1","mn":"ADBE Vector Graphic - Fill","hd":false},{"ty":"tr","p":{"a":0,"k":[25.628,41.757],"ix":2},"a":{"a":0,"k":[0,0],"ix":1},"s":{"a":0,"k":[100,100],"ix":3},"r":{"a":0,"k":0,"ix":6},"o":{"a":0,"k":100,"ix":7},"sk":{"a":0,"k":0,"ix":4},"sa":{"a":0,"k":0,"ix":5},"nm":"Transform"}],"nm":"Group 4","np":2,"cix":2,"bm":0,"ix":4,"mn":"ADBE Vector Group","hd":false}],"ip":21.0000008553475,"op":51.0000020772726,"st":21.0000008553475,"bm":0},{"ddd":0,"ind":7,"ty":4,"nm":"1:Shovel","sr":1,"ks":{"o":{"a":0,"k":100,"ix":11},"r":{"a":1,"k":[{"i":{"x":[0],"y":[1]},"o":{"x":[0.289],"y":[0]},"t":0.131,"s":[-182.932]},{"i":{"x":[0.833],"y":[1]},"o":{"x":[0.167],"y":[0]},"t":17,"s":[-15.192]},{"i":{"x":[0.833],"y":[1]},"o":{"x":[0.167],"y":[0]},"t":20,"s":[-6.192]},{"i":{"x":[0.633],"y":[0.798]},"o":{"x":[0.167],"y":[0]},"t":51,"s":[-6.192]},{"i":{"x":[0.833],"y":[1]},"o":{"x":[0.352],"y":[0.327]},"t":57,"s":[99.365]},{"t":63.0000025660426,"s":[161.808]}],"ix":10},"p":{"s":true,"x":{"a":1,"k":[{"i":{"x":[0.693],"y":[1.033]},"o":{"x":[0.239],"y":[0]},"t":0.131,"s":[23.905]},{"i":{"x":[0.833],"y":[1]},"o":{"x":[0.167],"y":[0]},"t":17,"s":[100.837]},{"i":{"x":[0.833],"y":[1]},"o":{"x":[0.159],"y":[0]},"t":20,"s":[104.837]},{"i":{"x":[0.708],"y":[0.605]},"o":{"x":[0.167],"y":[0.167]},"t":51.219,"s":[104.837]},{"i":{"x":[0.722],"y":[1]},"o":{"x":[0.396],"y":[0.534]},"t":57,"s":[137.273]},{"t":63.0000025660426,"s":[171.087]}],"ix":3},"y":{"a":1,"k":[{"i":{"x":[0.605],"y":[2.221]},"o":{"x":[0.319],"y":[2.01]},"t":0.131,"s":[236.205]},{"i":{"x":[0.833],"y":[1]},"o":{"x":[0.157],"y":[0]},"t":17,"s":[148.387]},{"i":{"x":[0.667],"y":[1]},"o":{"x":[0.167],"y":[0.167]},"t":51.219,"s":[148.387]},{"i":{"x":[0.96],"y":[1]},"o":{"x":[0.804],"y":[0]},"t":57,"s":[115.037]},{"t":63.0000025660426,"s":[258.137]}],"ix":4}},"a":{"a":0,"k":[22.266,52.048,0],"ix":1},"s":{"a":0,"k":[100,100,100],"ix":6}},"ao":0,"shapes":[{"ty":"gr","it":[{"ind":0,"ty":"sh","ix":1,"ks":{"a":0,"k":{"i":[[-1.727,-0.427],[0,0],[0.427,-1.726],[0,0],[1.726,0.427],[0,0],[-0.427,1.726],[0,0]],"o":[[0,0],[1.726,0.427],[0,0],[-0.427,1.726],[0,0],[-1.727,-0.428],[0,0],[0.426,-1.726]],"v":[[2.118,-13.898],[4.602,-13.283],[6.956,-9.385],[1.781,11.545],[-2.118,13.898],[-4.603,13.284],[-6.956,9.385],[-1.781,-11.545]],"c":true},"ix":2},"nm":"Path 1","mn":"ADBE Vector Shape - Group","hd":false},{"ty":"fl","c":{"a":0,"k":[0.011999999776,0.184000007779,0.161000001197,1],"ix":4},"o":{"a":0,"k":100,"ix":5},"r":1,"bm":0,"nm":"Fill 1","mn":"ADBE Vector Graphic - Fill","hd":false},{"ty":"tr","p":{"a":0,"k":[32.349,14.575],"ix":2},"a":{"a":0,"k":[0,0],"ix":1},"s":{"a":0,"k":[100,100],"ix":3},"r":{"a":0,"k":0,"ix":6},"o":{"a":0,"k":100,"ix":7},"sk":{"a":0,"k":0,"ix":4},"sa":{"a":0,"k":0,"ix":5},"nm":"Transform"}],"nm":"Group 1","np":2,"cix":2,"bm":0,"ix":1,"mn":"ADBE Vector Group","hd":false},{"ty":"gr","it":[{"ind":0,"ty":"sh","ix":1,"ks":{"a":0,"k":{"i":[[0,0],[-13.531,-8.598],[0,0]],"o":[[0,0],[0,0],[0,0]],"v":[[-13.039,-18.497],[-10,17.431],[-1.131,-18.445]],"c":true},"ix":2},"nm":"Path 2","mn":"ADBE Vector Shape - Group","hd":false},{"ind":1,"ty":"sh","ix":2,"ks":{"a":0,"k":{"i":[[-5.719,31.097],[0,0],[0,0],[0,0]],"o":[[0,0],[0,0],[0,0],[0.004,0]],"v":[[10.001,-12.652],[-0.51,-18.444],[-1.131,-18.446],[-10.001,17.43]],"c":true},"ix":2},"nm":"Path 1","mn":"ADBE Vector Shape - Group","hd":false},{"ty":"fl","c":{"a":0,"k":[0.948999980852,0.948999980852,0.948999980852,1],"ix":4},"o":{"a":0,"k":100,"ix":5},"r":1,"bm":0,"nm":"Fill 1","mn":"ADBE Vector Graphic - Fill","hd":false},{"ty":"tr","p":{"a":0,"k":[19.045,68.527],"ix":2},"a":{"a":0,"k":[-4.736,-1.638],"ix":1},"s":{"a":0,"k":[100,100],"ix":3},"r":{"a":0,"k":0,"ix":6},"o":{"a":0,"k":100,"ix":7},"sk":{"a":0,"k":0,"ix":4},"sa":{"a":0,"k":0,"ix":5},"nm":"Transform"}],"nm":"Group 2","np":3,"cix":2,"bm":0,"ix":2,"mn":"ADBE Vector Group","hd":false},{"ty":"gr","it":[{"ty":"tr","p":{"a":0,"k":[11.45,69.632],"ix":2},"a":{"a":0,"k":[0,0],"ix":1},"s":{"a":0,"k":[100,100],"ix":3},"r":{"a":0,"k":0,"ix":6},"o":{"a":0,"k":100,"ix":7},"sk":{"a":0,"k":0,"ix":4},"sa":{"a":0,"k":0,"ix":5},"nm":"Transform"}],"nm":"Group 3","np":0,"cix":2,"bm":0,"ix":3,"mn":"ADBE Vector Group","hd":false},{"ty":"gr","it":[{"ind":0,"ty":"sh","ix":1,"ks":{"a":0,"k":{"i":[[0,0],[0,0],[0,0],[0,0]],"o":[[0,0],[0,0],[0,0],[0,0]],"v":[[-6.027,13.962],[-1.173,15.161],[6.027,-13.963],[1.173,-15.161]],"c":true},"ix":2},"nm":"Path 1","mn":"ADBE Vector Shape - Group","hd":false},{"ty":"fl","c":{"a":0,"k":[0.125,0.745000023935,0.611999990426,1],"ix":4},"o":{"a":0,"k":100,"ix":5},"r":1,"bm":0,"nm":"Fill 1","mn":"ADBE Vector Graphic - Fill","hd":false},{"ty":"tr","p":{"a":0,"k":[25.628,41.757],"ix":2},"a":{"a":0,"k":[0,0],"ix":1},"s":{"a":0,"k":[100,100],"ix":3},"r":{"a":0,"k":0,"ix":6},"o":{"a":0,"k":100,"ix":7},"sk":{"a":0,"k":0,"ix":4},"sa":{"a":0,"k":0,"ix":5},"nm":"Transform"}],"nm":"Group 4","np":2,"cix":2,"bm":0,"ix":4,"mn":"ADBE Vector Group","hd":false}],"ip":0,"op":21.0000008553475,"st":21.0000008553475,"bm":0},{"ddd":0,"ind":8,"ty":4,"nm":"seed","sr":1,"ks":{"o":{"a":0,"k":100,"ix":11},"r":{"a":1,"k":[{"i":{"x":[0.676],"y":[0.893]},"o":{"x":[0.037],"y":[0.424]},"t":51,"s":[0]},{"t":79.000003217736,"s":[630]}],"ix":10},"p":{"s":true,"x":{"a":1,"k":[{"i":{"x":[0.833],"y":[0.833]},"o":{"x":[0.167],"y":[0.167]},"t":51,"s":[17.795]},{"t":79.000003217736,"s":[105.295]}],"ix":3},"y":{"a":1,"k":[{"i":{"x":[0.975],"y":[1127.944]},"o":{"x":[0.018],"y":[1101.133]},"t":51,"s":[206.263]},{"t":79.000003217736,"s":[206.126]}],"ix":4}},"a":{"a":0,"k":[-0.171,-15.237,0],"ix":1},"s":{"a":0,"k":[100,100,100],"ix":6}},"ao":0,"shapes":[{"ty":"gr","it":[{"d":1,"ty":"el","s":{"a":0,"k":[3.658,7.525],"ix":2},"p":{"a":0,"k":[0,0],"ix":3},"nm":"Ellipse Path 1","mn":"ADBE Vector Shape - Ellipse","hd":false},{"ty":"fl","c":{"a":0,"k":[0.011764705882,0.18431372549,0.160784313725,1],"ix":4},"o":{"a":0,"k":100,"ix":5},"r":1,"bm":0,"nm":"Fill 1","mn":"ADBE Vector Graphic - Fill","hd":false},{"ty":"tr","p":{"a":0,"k":[-0.171,-15.237],"ix":2},"a":{"a":0,"k":[0,0],"ix":1},"s":{"a":0,"k":[120,120],"ix":3},"r":{"a":0,"k":0,"ix":6},"o":{"a":0,"k":100,"ix":7},"sk":{"a":0,"k":0,"ix":4},"sa":{"a":0,"k":0,"ix":5},"nm":"Transform"}],"nm":"Ellipse 1","np":3,"cix":2,"bm":0,"ix":1,"mn":"ADBE Vector Group","hd":false}],"ip":0,"op":120.0000048877,"st":21.0000008553475,"bm":0},{"ddd":0,"ind":9,"ty":4,"nm":"1 Dirt","sr":1,"ks":{"o":{"a":0,"k":100,"ix":11},"r":{"a":0,"k":0,"ix":10},"p":{"a":1,"k":[{"i":{"x":0.861,"y":1},"o":{"x":0.522,"y":0},"t":53,"s":[94.051,167.676,0],"to":[-1.146,-3.604,0],"ti":[1.708,-1.25,0]},{"i":{"x":0.861,"y":1},"o":{"x":0.522,"y":0},"t":57.09,"s":[87.176,146.051,0],"to":[-1.708,1.25,0],"ti":[0.562,-4.854,0]},{"t":62.0000025253118,"s":[83.801,175.176,0]}],"ix":2},"a":{"a":0,"k":[-9.324,61.176,0],"ix":1},"s":{"a":0,"k":[100,100,100],"ix":6}},"ao":0,"shapes":[{"ty":"gr","it":[{"ind":0,"ty":"sh","ix":1,"ks":{"a":0,"k":{"i":[[0.926,0],[0,-0.926],[-0.926,0],[0,0.926]],"o":[[-0.926,0],[0,0.926],[0.926,0],[0,-0.926]],"v":[[0,-1.676],[-1.676,0],[0,1.676],[1.676,0]],"c":true},"ix":2},"nm":"Path 1","mn":"ADBE Vector Shape - Group","hd":false},{"ty":"fl","c":{"a":0,"k":[0.125490196078,0.745098039216,0.611764705882,1],"ix":4},"o":{"a":0,"k":100,"ix":5},"r":1,"bm":0,"nm":"Fill 1","mn":"ADBE Vector Graphic - Fill","hd":false},{"ty":"tr","p":{"a":0,"k":[-9.324,61.176],"ix":2},"a":{"a":0,"k":[0,0],"ix":1},"s":{"a":0,"k":[100,100],"ix":3},"r":{"a":0,"k":0,"ix":6},"o":{"a":0,"k":100,"ix":7},"sk":{"a":0,"k":0,"ix":4},"sa":{"a":0,"k":0,"ix":5},"nm":"Transform"}],"nm":"Ellipse 1","np":3,"cix":2,"bm":0,"ix":1,"mn":"ADBE Vector Group","hd":false}],"ip":53.0000021587343,"op":67.0000027289659,"st":1.00000004073083,"bm":0},{"ddd":0,"ind":10,"ty":4,"nm":"2 Dirt","sr":1,"ks":{"o":{"a":0,"k":100,"ix":11},"r":{"a":0,"k":0,"ix":10},"p":{"a":1,"k":[{"i":{"x":0.861,"y":1},"o":{"x":0.522,"y":0},"t":52,"s":[94.051,167.676,0],"to":[-0.458,-9.521,0],"ti":[1.708,-1.25,0]},{"i":{"x":0.861,"y":1},"o":{"x":0.522,"y":0},"t":58.364,"s":[91.301,110.551,0],"to":[-1.708,1.25,0],"ti":[1.25,-10.771,0]},{"t":66.0000026882351,"s":[83.801,175.176,0]}],"ix":2},"a":{"a":0,"k":[-9.324,61.176,0],"ix":1},"s":{"a":0,"k":[100,100,100],"ix":6}},"ao":0,"shapes":[{"ty":"gr","it":[{"ind":0,"ty":"sh","ix":1,"ks":{"a":0,"k":{"i":[[0.926,0],[0,-0.926],[-0.926,0],[0,0.926]],"o":[[-0.926,0],[0,0.926],[0.926,0],[0,-0.926]],"v":[[0,-1.676],[-1.676,0],[0,1.676],[1.676,0]],"c":true},"ix":2},"nm":"Path 1","mn":"ADBE Vector Shape - Group","hd":false},{"ty":"fl","c":{"a":0,"k":[0.125490196078,0.745098039216,0.611764705882,1],"ix":4},"o":{"a":0,"k":100,"ix":5},"r":1,"bm":0,"nm":"Fill 1","mn":"ADBE Vector Graphic - Fill","hd":false},{"ty":"tr","p":{"a":0,"k":[-9.324,61.176],"ix":2},"a":{"a":0,"k":[0,0],"ix":1},"s":{"a":0,"k":[171.387,221.726],"ix":3},"r":{"a":0,"k":0,"ix":6},"o":{"a":0,"k":100,"ix":7},"sk":{"a":0,"k":0,"ix":4},"sa":{"a":0,"k":0,"ix":5},"nm":"Transform"}],"nm":"Ellipse 1","np":3,"cix":2,"bm":0,"ix":1,"mn":"ADBE Vector Group","hd":false}],"ip":52.0000021180034,"op":66.0000026882351,"st":0,"bm":0}],"markers":[]}