{"v":"5.5.7","meta":{"g":"LottieFiles AE 0.1.20","a":"","k":"","d":"","tc":""},"fr":30,"ip":0,"op":150,"w":1000,"h":1000,"nm":"Comp 2","ddd":0,"assets":[],"layers":[{"ddd":0,"ind":1,"ty":3,"nm":"NULL CONTROL ","sr":1,"ks":{"o":{"a":0,"k":0,"ix":11},"r":{"a":0,"k":0,"ix":10},"p":{"a":0,"k":[455.627,727.367,0],"ix":2},"a":{"a":0,"k":[50,50,0],"ix":1},"s":{"a":0,"k":[66.406,66.406,100],"ix":6}},"ao":0,"ip":0,"op":150,"st":0,"bm":0},{"ddd":0,"ind":2,"ty":4,"nm":"Layer 28","parent":21,"sr":1,"ks":{"o":{"a":0,"k":100,"ix":11},"r":{"a":0,"k":0,"ix":10},"p":{"a":0,"k":[29.436,-42.851,0],"ix":2},"a":{"a":0,"k":[0,0,0],"ix":1},"s":{"a":0,"k":[34,34,100],"ix":6}},"ao":0,"shapes":[{"ty":"gr","it":[{"ind":0,"ty":"sh","ix":1,"ks":{"a":0,"k":{"i":[[0,0],[0,0],[25.014,-0.152],[33.036,6.345],[18.076,8.577],[3.592,2.718],[0,0],[-0.367,2.381],[0,0],[0,0],[0,0],[0,0],[0,0],[0,0],[-32.833,-5.303],[-20.972,-8.485],[0.392,-7.429]],"o":[[0,0],[-6.187,6.197],[-25.182,0.12],[-31.469,-6.409],[-5.789,-2.764],[0,0],[-2.361,-2.641],[0,0],[0,0],[0,0],[0,0],[0,0],[0,0],[22.592,-1.197],[32.772,5.671],[20.972,8.485],[0,0]],"v":[[115.822,19.376],[114.181,22.691],[67.38,32.215],[-19.946,22.877],[-94.263,0.398],[-108.336,-7.824],[-112.768,-11.831],[-115.759,-19.364],[-114.118,-22.679],[-110.479,-25.513],[-104.984,-27.859],[-97.778,-29.708],[-89.002,-31.053],[-78.801,-31.887],[4.337,-25.729],[84.952,-4.494],[115.822,19.376]],"c":false},"ix":2},"nm":"Path 1","mn":"ADBE Vector Shape - Group","hd":false},{"ty":"fl","c":{"a":0,"k":[0.239215686917,0.305882364511,0.321568638086,1],"ix":4},"o":{"a":0,"k":100,"ix":5},"r":1,"bm":0,"nm":"Fill 1","mn":"ADBE Vector Graphic - Fill","hd":false},{"ty":"tr","p":{"a":0,"k":[0,0],"ix":2},"a":{"a":0,"k":[0,0],"ix":1},"s":{"a":0,"k":[100,100],"ix":3},"r":{"a":0,"k":0,"ix":6},"o":{"a":0,"k":100,"ix":7},"sk":{"a":0,"k":0,"ix":4},"sa":{"a":0,"k":0,"ix":5},"nm":"Transform"}],"nm":"Group 1","np":2,"cix":2,"bm":0,"ix":1,"mn":"ADBE Vector Group","hd":false}],"ip":0,"op":150,"st":0,"bm":0},{"ddd":0,"ind":3,"ty":4,"nm":"Layer 27","parent":1,"sr":1,"ks":{"o":{"a":0,"k":100,"ix":11},"r":{"a":0,"k":0,"ix":10},"p":{"a":0,"k":[582.266,218.479,0],"ix":2},"a":{"a":0,"k":[0,0,0],"ix":1},"s":{"a":0,"k":[100,100,100],"ix":6}},"ao":0,"shapes":[{"ty":"gr","it":[{"ind":0,"ty":"sh","ix":1,"ks":{"a":0,"k":{"i":[[0,0],[0,0],[0,0],[0,0]],"o":[[0,0],[0,0],[0,0],[0,0]],"v":[[0,0],[0,0],[0,0],[0,0]],"c":false},"ix":2},"nm":"Path 1","mn":"ADBE Vector Shape - Group","hd":false},{"ty":"fl","c":{"a":0,"k":[0.874509811401,0.392156869173,0.270588248968,1],"ix":4},"o":{"a":0,"k":100,"ix":5},"r":1,"bm":0,"nm":"Fill 1","mn":"ADBE Vector Graphic - Fill","hd":false},{"ty":"tr","p":{"a":0,"k":[0,0],"ix":2},"a":{"a":0,"k":[0,0],"ix":1},"s":{"a":0,"k":[100,100],"ix":3},"r":{"a":0,"k":0,"ix":6},"o":{"a":0,"k":100,"ix":7},"sk":{"a":0,"k":0,"ix":4},"sa":{"a":0,"k":0,"ix":5},"nm":"Transform"}],"nm":"Group 1","np":2,"cix":2,"bm":0,"ix":1,"mn":"ADBE Vector Group","hd":false}],"ip":0,"op":150,"st":0,"bm":0},{"ddd":0,"ind":4,"ty":4,"nm":"Layer 26","parent":1,"sr":1,"ks":{"o":{"a":0,"k":100,"ix":11},"r":{"a":0,"k":0,"ix":10},"p":{"a":0,"k":[474.792,319.828,0],"ix":2},"a":{"a":0,"k":[0,0,0],"ix":1},"s":{"a":0,"k":[100,100,100],"ix":6}},"ao":0,"shapes":[{"ty":"gr","it":[{"ind":0,"ty":"sh","ix":1,"ks":{"a":0,"k":{"i":[[0,0],[0,0],[0,0],[0,-22.394],[95.7,0],[0,22.395]],"o":[[0,0],[0,0],[0,22.395],[-95.7,0],[0,-22.395],[0,0]],"v":[[-143.55,-33.593],[0,-33.592],[143.55,-33.592],[143.55,33.592],[-143.55,33.593],[-143.55,-33.593]],"c":false},"ix":2},"nm":"Path 1","mn":"ADBE Vector Shape - Group","hd":false},{"ty":"fl","c":{"a":0,"k":[0.874509811401,0.392156869173,0.270588248968,1],"ix":4},"o":{"a":0,"k":100,"ix":5},"r":1,"bm":0,"nm":"Fill 1","mn":"ADBE Vector Graphic - Fill","hd":false},{"ty":"tr","p":{"a":0,"k":[0,0],"ix":2},"a":{"a":0,"k":[0,0],"ix":1},"s":{"a":0,"k":[100,100],"ix":3},"r":{"a":0,"k":0,"ix":6},"o":{"a":0,"k":100,"ix":7},"sk":{"a":0,"k":0,"ix":4},"sa":{"a":0,"k":0,"ix":5},"nm":"Transform"}],"nm":"Group 1","np":2,"cix":2,"bm":0,"ix":1,"mn":"ADBE Vector Group","hd":false}],"ip":0,"op":150,"st":0,"bm":0},{"ddd":0,"ind":5,"ty":4,"nm":"2","parent":1,"sr":1,"ks":{"o":{"a":0,"k":100,"ix":11},"r":{"a":1,"k":[{"i":{"x":[0.899],"y":[1]},"o":{"x":[0.179],"y":[0]},"t":102,"s":[0]},{"i":{"x":[0.899],"y":[1]},"o":{"x":[0.179],"y":[0]},"t":113.111,"s":[11]},{"i":{"x":[0.899],"y":[1]},"o":{"x":[0.179],"y":[0]},"t":117.556,"s":[-14]},{"t":122,"s":[0]}],"ix":10},"p":{"a":0,"k":[530.785,-92.525,0],"ix":2},"a":{"a":0,"k":[1090.066,698.886,0],"ix":1},"s":{"a":1,"k":[{"i":{"x":[0.899,0.899,0.899],"y":[1,1,1]},"o":{"x":[0.179,0.179,0.179],"y":[0,0,0]},"t":102,"s":[0,0,100]},{"i":{"x":[0.899,0.899,0.899],"y":[1,1,1]},"o":{"x":[0.179,0.179,0.179],"y":[0,0,0]},"t":113.111,"s":[110,110,100]},{"i":{"x":[0.899,0.899,0.899],"y":[1,1,1]},"o":{"x":[0.179,0.179,0.179],"y":[0,0,0]},"t":117.556,"s":[90,90,100]},{"t":122,"s":[100,100,100]}],"ix":6}},"ao":0,"shapes":[{"ty":"gr","it":[{"ty":"gr","it":[{"ind":0,"ty":"sh","ix":1,"ks":{"a":0,"k":{"i":[[0,0],[0,0],[-3.473,2.613],[-3.313,0.048],[-2.971,20.988],[0,0],[0,0],[1.092,0.309],[1.765,5.062],[0.095,1.877],[0,0],[0,0],[0,0],[2.727,-2.46],[3.303,0.055],[0.334,-0.157],[-0.474,-1.051],[-1.502,-0.366],[-1.77,-1.389],[-0.261,-6.192],[0,0]],"o":[[0,0],[0.483,-3.396],[3.242,-2.436],[4.607,-0.02],[0,0],[0,0],[-0.589,-0.239],[-4.607,-1.431],[-0.365,-1.085],[0,0],[0,0],[0,0],[-0.922,3.231],[-2.713,2.353],[-1.398,0.009],[-0.678,0.422],[0.116,0.274],[1.738,0.508],[4.833,3.84],[0,0],[0,0]],"v":[[76.651,49.674],[76.859,48.205],[84.044,37.276],[94.477,33.323],[101.298,14.38],[103.954,-4.376],[102.817,-4.743],[99.754,-5.745],[88.189,-17.572],[87.349,-22.965],[87.164,-26.403],[-77.243,-49.674],[-77.977,-47.039],[-83.939,-37.796],[-95.486,-33.334],[-98.636,-33.006],[-103.923,4.359],[-100.996,5.599],[-95.569,8.542],[-88.049,23.363],[-87.907,26.38]],"c":true},"ix":2},"nm":"Path 1","mn":"ADBE Vector Shape - Group","hd":false},{"ind":1,"ty":"sh","ix":2,"ks":{"a":0,"k":{"i":[[1.792,0.252],[4.628,9.699],[-13.14,9.155],[-7.78,-1.103],[-4.536,-3.678],[-1.639,-7.781],[0.804,-5.677],[1.944,-3.501],[4.596,-3.229],[5.827,-0.259]],"o":[[-10.404,-1.471],[-6.782,-14.198],[6.525,-4.537],[5.627,0.797],[5.704,4.634],[0.785,3.576],[-0.826,5.831],[-2.788,5.087],[-4.759,3.307],[-1.821,0.077]],"v":[[-4.606,31.638],[-29.221,13.641],[-18.278,-26.385],[4.149,-31.504],[19.761,-24.775],[31.001,-5.913],[30.985,4.426],[27.991,14.606],[17.71,26.234],[0.824,31.91]],"c":true},"ix":2},"nm":"Path 2","mn":"ADBE Vector Shape - Group","hd":false},{"ty":"fl","c":{"a":0,"k":[0.164705887437,0.686274528503,0.525490224361,1],"ix":4},"o":{"a":0,"k":100,"ix":5},"r":1,"bm":0,"nm":"Fill 1","mn":"ADBE Vector Graphic - Fill","hd":false},{"ty":"tr","p":{"a":0,"k":[0,0],"ix":2},"a":{"a":0,"k":[0,0],"ix":1},"s":{"a":0,"k":[100,100],"ix":3},"r":{"a":0,"k":0,"ix":6},"o":{"a":0,"k":100,"ix":7},"sk":{"a":0,"k":0,"ix":4},"sa":{"a":0,"k":0,"ix":5},"nm":"Transform"}],"nm":"Group 1","np":3,"cix":2,"bm":0,"ix":1,"mn":"ADBE Vector Group","hd":false},{"ty":"tr","p":{"a":0,"k":[954.787,700.989],"ix":2},"a":{"a":0,"k":[0,0],"ix":1},"s":{"a":0,"k":[100,100],"ix":3},"r":{"a":0,"k":0,"ix":6},"o":{"a":0,"k":100,"ix":7},"sk":{"a":0,"k":0,"ix":4},"sa":{"a":0,"k":0,"ix":5},"nm":"Transform"}],"nm":"Group 1","np":1,"cix":2,"bm":0,"ix":1,"mn":"ADBE Vector Group","hd":false},{"ty":"gr","it":[{"ty":"gr","it":[{"ind":0,"ty":"sh","ix":1,"ks":{"a":0,"k":{"i":[[-12.382,0.523],[-4.759,3.307],[-2.788,5.087],[-0.826,5.831],[0.785,3.576],[5.704,4.634],[11.241,-7.818],[-6.782,-14.198]],"o":[[5.827,-0.259],[4.596,-3.229],[1.944,-3.501],[0.804,-5.677],[-1.639,-7.781],[-10.809,-8.768],[-13.14,9.155],[5.425,11.373]],"v":[[1.197,31.857],[18.083,26.181],[28.365,14.553],[31.358,4.373],[31.374,-5.966],[20.134,-24.829],[-17.904,-26.438],[-28.848,13.588]],"c":true},"ix":2},"nm":"Path 1","mn":"ADBE Vector Shape - Group","hd":false},{"ty":"fl","c":{"a":0,"k":[0.149019613862,0.470588237047,0.372549027205,1],"ix":4},"o":{"a":0,"k":100,"ix":5},"r":1,"bm":0,"nm":"Fill 1","mn":"ADBE Vector Graphic - Fill","hd":false},{"ty":"tr","p":{"a":0,"k":[0,0],"ix":2},"a":{"a":0,"k":[0,0],"ix":1},"s":{"a":0,"k":[100,100],"ix":3},"r":{"a":0,"k":0,"ix":6},"o":{"a":0,"k":100,"ix":7},"sk":{"a":0,"k":0,"ix":4},"sa":{"a":0,"k":0,"ix":5},"nm":"Transform"}],"nm":"Group 1","np":2,"cix":2,"bm":0,"ix":1,"mn":"ADBE Vector Group","hd":false},{"ty":"tr","p":{"a":0,"k":[954.414,701.042],"ix":2},"a":{"a":0,"k":[0,0],"ix":1},"s":{"a":0,"k":[100,100],"ix":3},"r":{"a":0,"k":0,"ix":6},"o":{"a":0,"k":100,"ix":7},"sk":{"a":0,"k":0,"ix":4},"sa":{"a":0,"k":0,"ix":5},"nm":"Transform"}],"nm":"Group 2","np":1,"cix":2,"bm":0,"ix":2,"mn":"ADBE Vector Group","hd":false},{"ty":"gr","it":[{"ty":"gr","it":[{"ind":0,"ty":"sh","ix":1,"ks":{"a":0,"k":{"i":[[0,0],[4.833,3.84],[1.738,0.508],[0.116,0.274],[-0.678,0.422],[-1.398,0.009],[-2.713,2.353],[-0.922,3.231],[0,0],[0,0],[0,0],[0,0],[-0.365,-1.085],[-4.607,-1.431],[-0.589,-0.239],[0,0],[0,0],[4.607,-0.02],[3.242,-2.436],[0.483,-3.396],[0,0],[0,0],[0,0]],"o":[[-0.261,-6.192],[-1.77,-1.389],[-1.502,-0.366],[-0.474,-1.051],[0.334,-0.157],[3.303,0.055],[2.727,-2.46],[0,0],[0,0],[0,0],[0,0],[0.095,1.877],[1.765,5.062],[1.092,0.309],[0,0],[0,0],[-2.971,20.988],[-3.313,0.048],[-3.473,2.613],[0,0],[0,0],[0,0],[0,0]],"v":[[-87.786,23.535],[-95.306,8.714],[-100.733,5.771],[-103.66,4.531],[-98.373,-32.834],[-95.223,-33.162],[-83.676,-37.624],[-77.714,-46.867],[-76.979,-49.503],[5.25,-37.866],[87.427,-26.231],[87.612,-22.793],[88.452,-17.4],[100.017,-5.573],[103.08,-4.572],[104.217,-4.204],[101.561,14.552],[94.741,33.495],[84.307,37.448],[77.122,48.377],[76.914,49.846],[-5.365,38.201],[-87.644,26.552]],"c":true},"ix":2},"nm":"Path 1","mn":"ADBE Vector Shape - Group","hd":false},{"ind":1,"ty":"sh","ix":2,"ks":{"a":0,"k":{"i":[[-0.183,0.18],[-4.843,34.585],[0,0],[0,0],[0,0],[0,0],[0,0],[0,0]],"o":[[0.137,-0.239],[0,0],[0,0],[0,0],[0,0],[0,0],[0,0],[69.554,9.846]],"v":[[117.637,81.107],[126.694,17.851],[135.542,-45.015],[8.976,-63.089],[-117.6,-81.11],[-126.571,-17.743],[-135.542,45.626],[-9.106,63.526]],"c":true},"ix":2},"nm":"Path 2","mn":"ADBE Vector Shape - Group","hd":false},{"ty":"fl","c":{"a":0,"k":[0.149019613862,0.470588237047,0.372549027205,1],"ix":4},"o":{"a":0,"k":100,"ix":5},"r":1,"bm":0,"nm":"Fill 1","mn":"ADBE Vector Graphic - Fill","hd":false},{"ty":"tr","p":{"a":0,"k":[0,0],"ix":2},"a":{"a":0,"k":[0,0],"ix":1},"s":{"a":0,"k":[100,100],"ix":3},"r":{"a":0,"k":0,"ix":6},"o":{"a":0,"k":100,"ix":7},"sk":{"a":0,"k":0,"ix":4},"sa":{"a":0,"k":0,"ix":5},"nm":"Transform"}],"nm":"Group 1","np":3,"cix":2,"bm":0,"ix":1,"mn":"ADBE Vector Group","hd":false},{"ty":"tr","p":{"a":0,"k":[954.524,700.817],"ix":2},"a":{"a":0,"k":[0,0],"ix":1},"s":{"a":0,"k":[100,100],"ix":3},"r":{"a":0,"k":0,"ix":6},"o":{"a":0,"k":100,"ix":7},"sk":{"a":0,"k":0,"ix":4},"sa":{"a":0,"k":0,"ix":5},"nm":"Transform"}],"nm":"Group 3","np":1,"cix":2,"bm":0,"ix":3,"mn":"ADBE Vector Group","hd":false},{"ty":"gr","it":[{"ty":"gr","it":[{"ind":0,"ty":"sh","ix":1,"ks":{"a":0,"k":{"i":[[0,0],[0,0],[0,0]],"o":[[0,0],[0,0],[0,0]],"v":[[87.429,-26.229],[-76.979,-49.502],[5.249,-37.863]],"c":true},"ix":2},"nm":"Path 1","mn":"ADBE Vector Shape - Group","hd":false},{"ind":1,"ty":"sh","ix":2,"ks":{"a":0,"k":{"i":[[0,0],[-0.043,-0.007],[-0.042,-0.006]],"o":[[0.041,0.005],[0.041,0.005],[0,0]],"v":[[3.917,-31.397],[4.042,-31.379],[4.165,-31.365]],"c":true},"ix":2},"nm":"Path 2","mn":"ADBE Vector Shape - Group","hd":false},{"ind":2,"ty":"sh","ix":3,"ks":{"a":0,"k":{"i":[[0,0],[0,0],[0,0]],"o":[[0,0],[0,0],[0,0]],"v":[[76.917,49.849],[-5.363,38.204],[-87.644,26.554]],"c":true},"ix":2},"nm":"Path 3","mn":"ADBE Vector Shape - Group","hd":false},{"ind":3,"ty":"sh","ix":4,"ks":{"a":0,"k":{"i":[[-13.81,-1.794],[-0.026,0.028],[-4.843,34.583],[0,0],[0,0],[0,0],[0,0],[0,0],[0,0]],"o":[[2.441,0.316],[0.138,-0.238],[0,0],[0,0],[0,0],[0,0],[0,0],[0,0],[59.107,8.368]],"v":[[113.857,80.662],[117.634,81.107],[126.695,17.852],[135.542,-45.015],[8.975,-63.089],[-117.6,-81.11],[-126.571,-17.742],[-135.542,45.629],[-9.104,63.527]],"c":true},"ix":2},"nm":"Path 4","mn":"ADBE Vector Shape - Group","hd":false},{"ty":"fl","c":{"a":0,"k":[0.149019613862,0.470588237047,0.372549027205,1],"ix":4},"o":{"a":0,"k":100,"ix":5},"r":1,"bm":0,"nm":"Fill 1","mn":"ADBE Vector Graphic - Fill","hd":false},{"ty":"tr","p":{"a":0,"k":[0,0],"ix":2},"a":{"a":0,"k":[0,0],"ix":1},"s":{"a":0,"k":[100,100],"ix":3},"r":{"a":0,"k":0,"ix":6},"o":{"a":0,"k":100,"ix":7},"sk":{"a":0,"k":0,"ix":4},"sa":{"a":0,"k":0,"ix":5},"nm":"Transform"}],"nm":"Group 1","np":5,"cix":2,"bm":0,"ix":1,"mn":"ADBE Vector Group","hd":false},{"ty":"tr","p":{"a":0,"k":[953.333,696.955],"ix":2},"a":{"a":0,"k":[0,0],"ix":1},"s":{"a":0,"k":[100,100],"ix":3},"r":{"a":0,"k":0,"ix":6},"o":{"a":0,"k":100,"ix":7},"sk":{"a":0,"k":0,"ix":4},"sa":{"a":0,"k":0,"ix":5},"nm":"Transform"}],"nm":"Group 4","np":1,"cix":2,"bm":0,"ix":4,"mn":"ADBE Vector Group","hd":false}],"ip":102,"op":187,"st":37,"bm":0},{"ddd":0,"ind":6,"ty":4,"nm":"1","parent":1,"sr":1,"ks":{"o":{"a":0,"k":100,"ix":11},"r":{"a":1,"k":[{"i":{"x":[0.899],"y":[1]},"o":{"x":[0.179],"y":[0]},"t":73,"s":[0]},{"i":{"x":[0.899],"y":[1]},"o":{"x":[0.179],"y":[0]},"t":83.029,"s":[11]},{"i":{"x":[0.899],"y":[1]},"o":{"x":[0.179],"y":[0]},"t":87.04,"s":[-14]},{"t":91.0517578125,"s":[0]}],"ix":10},"p":{"a":0,"k":[553.335,116.937,0],"ix":2},"a":{"a":0,"k":[1112.616,908.349,0],"ix":1},"s":{"a":1,"k":[{"i":{"x":[0.899,0.899,0.899],"y":[1,1,1]},"o":{"x":[0.179,0.179,0.179],"y":[0,0,0]},"t":73,"s":[0,0,100]},{"i":{"x":[0.899,0.899,0.899],"y":[1,1,1]},"o":{"x":[0.179,0.179,0.179],"y":[0,0,0]},"t":83.029,"s":[110,110,100]},{"i":{"x":[0.899,0.899,0.899],"y":[1,1,1]},"o":{"x":[0.179,0.179,0.179],"y":[0,0,0]},"t":87.04,"s":[90,90,100]},{"t":91.0517578125,"s":[100,100,100]}],"ix":6}},"ao":0,"shapes":[{"ty":"gr","it":[{"ty":"gr","it":[{"ind":0,"ty":"sh","ix":1,"ks":{"a":0,"k":{"i":[[0,0],[0,0],[2.45,-3.59],[3.123,-1.109],[-3.927,-20.83],[0,0],[0,0],[-1.133,0.058],[-3.297,-4.227],[-0.693,-1.746],[0,0],[0,0],[0,0],[-1.792,3.205],[-3.146,1.008],[-0.265,0.256],[0.786,0.843],[1.54,-0.135],[2.122,0.747],[2.235,5.78],[0,0]],"o":[[0,0],[0.634,3.371],[-2.288,3.347],[-4.357,1.499],[0,0],[0,0],[0.634,0.037],[4.822,-0.125],[0.695,0.91],[0,0],[0,0],[0,0],[-0.165,-3.356],[1.814,-3.1],[1.321,-0.458],[0.507,-0.617],[-0.198,-0.222],[-1.809,0.077],[-5.811,-2.084],[0,0],[0,0]],"v":[[-88.827,-22.32],[-88.552,-20.862],[-91.847,-8.204],[-100.458,-1.11],[-100.833,19.019],[-97.325,37.636],[-96.131,37.618],[-92.908,37.583],[-78.158,45.07],[-75.63,49.907],[-74.351,53.104],[88.819,22.346],[88.669,19.614],[91.347,8.946],[100.848,1.012],[103.726,-0.31],[96.733,-37.393],[93.563,-37.628],[87.479,-38.672],[75.597,-50.293],[74.494,-53.104]],"c":true},"ix":2},"nm":"Path 1","mn":"ADBE Vector Shape - Group","hd":false},{"ind":1,"ty":"sh","ix":2,"ks":{"a":0,"k":{"i":[[-1.778,0.337],[-7.497,-7.699],[9.503,-12.889],[7.722,-1.454],[5.477,2.027],[4.051,6.843],[1.062,5.635],[-0.717,3.941],[-3.315,4.534],[-5.434,2.116]],"o":[[10.326,-1.948],[10.982,11.268],[-4.722,6.392],[-5.584,1.052],[-6.89,-2.557],[-1.892,-3.135],[-1.09,-5.787],[1.006,-5.713],[3.445,-4.661],[1.7,-0.658]],"v":[[-6.082,-31.333],[23.009,-22.195],[25.499,19.226],[5.904,31.275],[-11.041,29.917],[-27.743,15.663],[-31.049,5.866],[-31.483,-4.736],[-25.481,-19.049],[-11.312,-29.847]],"c":true},"ix":2},"nm":"Path 2","mn":"ADBE Vector Shape - Group","hd":false},{"ty":"fl","c":{"a":0,"k":[0.164705887437,0.686274528503,0.525490224361,1],"ix":4},"o":{"a":0,"k":100,"ix":5},"r":1,"bm":0,"nm":"Fill 1","mn":"ADBE Vector Graphic - Fill","hd":false},{"ty":"tr","p":{"a":0,"k":[0,0],"ix":2},"a":{"a":0,"k":[0,0],"ix":1},"s":{"a":0,"k":[100,100],"ix":3},"r":{"a":0,"k":0,"ix":6},"o":{"a":0,"k":100,"ix":7},"sk":{"a":0,"k":0,"ix":4},"sa":{"a":0,"k":0,"ix":5},"nm":"Transform"}],"nm":"Group 1","np":3,"cix":2,"bm":0,"ix":1,"mn":"ADBE Vector Group","hd":false},{"ty":"tr","p":{"a":0,"k":[1250.048,818.731],"ix":2},"a":{"a":0,"k":[0,0],"ix":1},"s":{"a":0,"k":[100,100],"ix":3},"r":{"a":0,"k":0,"ix":6},"o":{"a":0,"k":100,"ix":7},"sk":{"a":0,"k":0,"ix":4},"sa":{"a":0,"k":0,"ix":5},"nm":"Transform"}],"nm":"Group 1","np":1,"cix":2,"bm":0,"ix":1,"mn":"ADBE Vector Group","hd":false},{"ty":"gr","it":[{"ty":"gr","it":[{"ind":0,"ty":"sh","ix":1,"ks":{"a":0,"k":{"i":[[11.558,-4.472],[3.445,-4.661],[1.006,-5.713],[-1.09,-5.787],[-1.892,-3.135],[-6.89,-2.557],[-8.135,11.014],[10.982,11.268]],"o":[[-5.434,2.116],[-3.315,4.534],[-0.717,3.941],[1.062,5.635],[4.051,6.843],[13.052,4.833],[9.503,-12.889],[-8.79,-9.029]],"v":[[-11.33,-29.832],[-25.498,-19.034],[-31.501,-4.721],[-31.067,5.881],[-27.761,15.678],[-11.059,29.931],[25.481,19.241],[22.991,-22.18]],"c":true},"ix":2},"nm":"Path 1","mn":"ADBE Vector Shape - Group","hd":false},{"ty":"fl","c":{"a":0,"k":[0.149019613862,0.470588237047,0.372549027205,1],"ix":4},"o":{"a":0,"k":100,"ix":5},"r":1,"bm":0,"nm":"Fill 1","mn":"ADBE Vector Graphic - Fill","hd":false},{"ty":"tr","p":{"a":0,"k":[0,0],"ix":2},"a":{"a":0,"k":[0,0],"ix":1},"s":{"a":0,"k":[100,100],"ix":3},"r":{"a":0,"k":0,"ix":6},"o":{"a":0,"k":100,"ix":7},"sk":{"a":0,"k":0,"ix":4},"sa":{"a":0,"k":0,"ix":5},"nm":"Transform"}],"nm":"Group 1","np":2,"cix":2,"bm":0,"ix":1,"mn":"ADBE Vector Group","hd":false},{"ty":"tr","p":{"a":0,"k":[1250.066,818.716],"ix":2},"a":{"a":0,"k":[0,0],"ix":1},"s":{"a":0,"k":[100,100],"ix":3},"r":{"a":0,"k":0,"ix":6},"o":{"a":0,"k":100,"ix":7},"sk":{"a":0,"k":0,"ix":4},"sa":{"a":0,"k":0,"ix":5},"nm":"Transform"}],"nm":"Group 2","np":1,"cix":2,"bm":0,"ix":2,"mn":"ADBE Vector Group","hd":false},{"ty":"gr","it":[{"ty":"gr","it":[{"ind":0,"ty":"sh","ix":1,"ks":{"a":0,"k":{"i":[[0,0],[-5.811,-2.084],[-1.809,0.077],[-0.198,-0.222],[0.507,-0.617],[1.321,-0.458],[1.814,-3.1],[-0.165,-3.356],[0,0],[0,0],[0,0],[0,0],[0.695,0.91],[4.822,-0.125],[0.634,0.037],[0,0],[0,0],[-4.357,1.499],[-2.288,3.347],[0.634,3.371],[0,0],[0,0],[0,0]],"o":[[2.235,5.78],[2.122,0.747],[1.54,-0.135],[0.786,0.843],[-0.265,0.256],[-3.146,1.008],[-1.792,3.205],[0,0],[0,0],[0,0],[0,0],[-0.693,-1.746],[-3.297,-4.227],[-1.133,0.058],[0,0],[0,0],[-3.927,-20.83],[3.123,-1.109],[2.45,-3.59],[0,0],[0,0],[0,0],[0,0]],"v":[[75.594,-50.19],[87.476,-38.569],[93.56,-37.525],[96.73,-37.291],[103.722,-0.207],[100.845,1.115],[91.343,9.049],[88.665,19.717],[88.816,22.449],[7.206,37.835],[-74.355,53.207],[-75.634,50.01],[-78.161,45.173],[-92.911,37.686],[-96.134,37.721],[-97.328,37.738],[-100.836,19.122],[-100.461,-1.008],[-91.85,-8.102],[-88.555,-20.759],[-88.83,-22.217],[-7.17,-37.611],[74.491,-53.001]],"c":true},"ix":2},"nm":"Path 1","mn":"ADBE Vector Shape - Group","hd":false},{"ind":1,"ty":"sh","ix":2,"ks":{"a":0,"k":{"i":[[0.115,-0.229],[-6.52,-34.308],[0,0],[0,0],[0,0],[0,0],[0,0],[0,0]],"o":[[-0.052,0.27],[0,0],[0,0],[0,0],[0,0],[0,0],[0,0],[-69.031,13.011]],"v":[[-137.434,-38.745],[-125.698,24.069],[-113.888,86.447],[11.778,62.919],[137.435,39.338],[125.58,-23.554],[113.726,-86.447],[-11.76,-62.796]],"c":true},"ix":2},"nm":"Path 2","mn":"ADBE Vector Shape - Group","hd":false},{"ty":"fl","c":{"a":0,"k":[0.149019613862,0.470588237047,0.372549027205,1],"ix":4},"o":{"a":0,"k":100,"ix":5},"r":1,"bm":0,"nm":"Fill 1","mn":"ADBE Vector Graphic - Fill","hd":false},{"ty":"tr","p":{"a":0,"k":[0,0],"ix":2},"a":{"a":0,"k":[0,0],"ix":1},"s":{"a":0,"k":[100,100],"ix":3},"r":{"a":0,"k":0,"ix":6},"o":{"a":0,"k":100,"ix":7},"sk":{"a":0,"k":0,"ix":4},"sa":{"a":0,"k":0,"ix":5},"nm":"Transform"}],"nm":"Group 1","np":3,"cix":2,"bm":0,"ix":1,"mn":"ADBE Vector Group","hd":false},{"ty":"tr","p":{"a":0,"k":[1250.051,818.628],"ix":2},"a":{"a":0,"k":[0,0],"ix":1},"s":{"a":0,"k":[100,100],"ix":3},"r":{"a":0,"k":0,"ix":6},"o":{"a":0,"k":100,"ix":7},"sk":{"a":0,"k":0,"ix":4},"sa":{"a":0,"k":0,"ix":5},"nm":"Transform"}],"nm":"Group 3","np":1,"cix":2,"bm":0,"ix":3,"mn":"ADBE Vector Group","hd":false},{"ty":"gr","it":[{"ty":"gr","it":[{"ind":0,"ty":"sh","ix":1,"ks":{"a":0,"k":{"i":[[0,0],[0,0],[0,0]],"o":[[0,0],[0,0],[0,0]],"v":[[-74.358,53.207],[88.815,22.45],[7.205,37.834]],"c":true},"ix":2},"nm":"Path 1","mn":"ADBE Vector Shape - Group","hd":false},{"ind":1,"ty":"sh","ix":2,"ks":{"a":0,"k":{"i":[[0,0],[0.043,-0.007],[0.042,-0.008]],"o":[[-0.041,0.008],[-0.04,0.008],[0,0]],"v":[[6.39,31.282],[6.266,31.306],[6.144,31.332]],"c":true},"ix":2},"nm":"Path 2","mn":"ADBE Vector Shape - Group","hd":false},{"ind":2,"ty":"sh","ix":3,"ks":{"a":0,"k":{"i":[[0,0],[0,0],[0,0]],"o":[[0,0],[0,0],[0,0]],"v":[[-88.834,-22.217],[-7.173,-37.611],[74.489,-53.002]],"c":true},"ix":2},"nm":"Path 3","mn":"ADBE Vector Shape - Group","hd":false},{"ind":3,"ty":"sh","ix":4,"ks":{"a":0,"k":{"i":[[13.654,-2.736],[0.016,-0.035],[-6.52,-34.307],[0,0],[0,0],[0,0],[0,0],[0,0],[0,0]],"o":[[-2.413,0.484],[-0.054,0.27],[0,0],[0,0],[0,0],[0,0],[0,0],[0,0],[-58.663,11.057]],"v":[[-133.713,-39.535],[-137.433,-38.743],[-125.699,24.071],[-113.89,86.448],[11.777,62.92],[137.433,39.339],[125.579,-23.554],[113.724,-86.448],[-11.763,-62.795]],"c":true},"ix":2},"nm":"Path 4","mn":"ADBE Vector Shape - Group","hd":false},{"ty":"fl","c":{"a":0,"k":[0.149019613862,0.470588237047,0.372549027205,1],"ix":4},"o":{"a":0,"k":100,"ix":5},"r":1,"bm":0,"nm":"Fill 1","mn":"ADBE Vector Graphic - Fill","hd":false},{"ty":"tr","p":{"a":0,"k":[0,0],"ix":2},"a":{"a":0,"k":[0,0],"ix":1},"s":{"a":0,"k":[100,100],"ix":3},"r":{"a":0,"k":0,"ix":6},"o":{"a":0,"k":100,"ix":7},"sk":{"a":0,"k":0,"ix":4},"sa":{"a":0,"k":0,"ix":5},"nm":"Transform"}],"nm":"Group 1","np":5,"cix":2,"bm":0,"ix":1,"mn":"ADBE Vector Group","hd":false},{"ty":"tr","p":{"a":0,"k":[1252.42,821.901],"ix":2},"a":{"a":0,"k":[0,0],"ix":1},"s":{"a":0,"k":[100,100],"ix":3},"r":{"a":0,"k":0,"ix":6},"o":{"a":0,"k":100,"ix":7},"sk":{"a":0,"k":0,"ix":4},"sa":{"a":0,"k":0,"ix":5},"nm":"Transform"}],"nm":"Group 4","np":1,"cix":2,"bm":0,"ix":4,"mn":"ADBE Vector Group","hd":false}],"ip":69,"op":180,"st":4,"bm":0},{"ddd":0,"ind":7,"ty":4,"nm":"Shape Layer 9","parent":21,"sr":1.84615384615385,"ks":{"o":{"a":0,"k":100,"ix":11},"r":{"a":0,"k":9,"ix":10},"p":{"a":0,"k":[123.428,-96.218,0],"ix":2},"a":{"a":0,"k":[0,0,0],"ix":1},"s":{"a":0,"k":[100,100,100],"ix":6}},"ao":0,"shapes":[{"ty":"gr","it":[{"ind":0,"ty":"sh","ix":1,"ks":{"a":0,"k":{"i":[[0,0],[21.922,15.417],[0,0]],"o":[[0,0],[-27.691,-19.474],[0,0]],"v":[[128,150],[116.691,97.474],[52,92]],"c":false},"ix":2},"nm":"Path 1","mn":"ADBE Vector Shape - Group","hd":false},{"ty":"tm","s":{"a":0,"k":0,"ix":1},"e":{"a":0,"k":100,"ix":2},"o":{"a":0,"k":0,"ix":3},"m":1,"ix":2,"nm":"Trim Paths 1","mn":"ADBE Vector Filter - Trim","hd":false},{"ty":"st","c":{"a":0,"k":[0,0.658823349897,1,1],"ix":3},"o":{"a":0,"k":100,"ix":4},"w":{"a":0,"k":4,"ix":5},"lc":1,"lj":1,"ml":4,"bm":0,"d":[{"n":"d","nm":"dash","v":{"a":0,"k":12,"ix":1}},{"n":"o","nm":"offset","v":{"a":1,"k":[{"i":{"x":[0.833],"y":[0.833]},"o":{"x":[0.167],"y":[0.167]},"t":102,"s":[0]},{"t":125.99967448005,"s":[-251]}],"ix":7}}],"nm":"Stroke 1","mn":"ADBE Vector Graphic - Stroke","hd":false},{"ty":"tr","p":{"a":0,"k":[0,0],"ix":2},"a":{"a":0,"k":[0,0],"ix":1},"s":{"a":0,"k":[100,100],"ix":3},"r":{"a":0,"k":0,"ix":6},"o":{"a":0,"k":100,"ix":7},"sk":{"a":0,"k":0,"ix":4},"sa":{"a":0,"k":0,"ix":5},"nm":"Transform"}],"nm":"Shape 1","np":4,"cix":2,"bm":0,"ix":1,"mn":"ADBE Vector Group","hd":false}],"ip":102,"op":126,"st":89.0769230769231,"bm":0},{"ddd":0,"ind":8,"ty":4,"nm":"Shape Layer 6","parent":21,"sr":1,"ks":{"o":{"a":0,"k":100,"ix":11},"r":{"a":0,"k":9,"ix":10},"p":{"a":0,"k":[123.428,-96.218,0],"ix":2},"a":{"a":0,"k":[0,0,0],"ix":1},"s":{"a":0,"k":[100,100,100],"ix":6}},"ao":0,"shapes":[{"ty":"gr","it":[{"ind":0,"ty":"sh","ix":1,"ks":{"a":0,"k":{"i":[[0,0],[21.922,15.417],[0,0]],"o":[[0,0],[-27.691,-19.474],[0,0]],"v":[[128,150],[116.691,97.474],[52,92]],"c":false},"ix":2},"nm":"Path 1","mn":"ADBE Vector Shape - Group","hd":false},{"ty":"tm","s":{"a":0,"k":0,"ix":1},"e":{"a":0,"k":100,"ix":2},"o":{"a":0,"k":0,"ix":3},"m":1,"ix":2,"nm":"Trim Paths 1","mn":"ADBE Vector Filter - Trim","hd":false},{"ty":"st","c":{"a":0,"k":[0,0.658823349897,1,1],"ix":3},"o":{"a":0,"k":100,"ix":4},"w":{"a":0,"k":4,"ix":5},"lc":1,"lj":1,"ml":4,"bm":0,"d":[{"n":"d","nm":"dash","v":{"a":0,"k":12,"ix":1}},{"n":"o","nm":"offset","v":{"a":1,"k":[{"i":{"x":[0.833],"y":[0.833]},"o":{"x":[0.167],"y":[0.167]},"t":57,"s":[0]},{"t":77,"s":[-251]}],"ix":7}}],"nm":"Stroke 1","mn":"ADBE Vector Graphic - Stroke","hd":false},{"ty":"tr","p":{"a":0,"k":[0,0],"ix":2},"a":{"a":0,"k":[0,0],"ix":1},"s":{"a":0,"k":[100,100],"ix":3},"r":{"a":0,"k":0,"ix":6},"o":{"a":0,"k":100,"ix":7},"sk":{"a":0,"k":0,"ix":4},"sa":{"a":0,"k":0,"ix":5},"nm":"Transform"}],"nm":"Shape 1","np":4,"cix":2,"bm":0,"ix":1,"mn":"ADBE Vector Group","hd":false}],"ip":57,"op":78,"st":54,"bm":0},{"ddd":0,"ind":9,"ty":4,"nm":"Shape Layer 2","parent":21,"sr":1,"ks":{"o":{"a":0,"k":100,"ix":11},"r":{"a":0,"k":9,"ix":10},"p":{"a":0,"k":[123.428,-96.218,0],"ix":2},"a":{"a":0,"k":[0,0,0],"ix":1},"s":{"a":0,"k":[100,100,100],"ix":6}},"ao":0,"shapes":[{"ty":"gr","it":[{"ind":0,"ty":"sh","ix":1,"ks":{"a":0,"k":{"i":[[0,0],[21.922,15.417],[0,0]],"o":[[0,0],[-27.691,-19.474],[0,0]],"v":[[128,150],[116.691,97.474],[52,92]],"c":false},"ix":2},"nm":"Path 1","mn":"ADBE Vector Shape - Group","hd":false},{"ty":"tm","s":{"a":0,"k":0,"ix":1},"e":{"a":0,"k":100,"ix":2},"o":{"a":0,"k":0,"ix":3},"m":1,"ix":2,"nm":"Trim Paths 1","mn":"ADBE Vector Filter - Trim","hd":false},{"ty":"st","c":{"a":0,"k":[0,0.658823349897,1,1],"ix":3},"o":{"a":0,"k":100,"ix":4},"w":{"a":0,"k":4,"ix":5},"lc":1,"lj":1,"ml":4,"bm":0,"d":[{"n":"d","nm":"dash","v":{"a":0,"k":12,"ix":1}},{"n":"o","nm":"offset","v":{"a":1,"k":[{"i":{"x":[0.833],"y":[0.833]},"o":{"x":[0.167],"y":[0.167]},"t":7,"s":[0]},{"t":33,"s":[-251]}],"ix":7}}],"nm":"Stroke 1","mn":"ADBE Vector Graphic - Stroke","hd":false},{"ty":"tr","p":{"a":0,"k":[0,0],"ix":2},"a":{"a":0,"k":[0,0],"ix":1},"s":{"a":0,"k":[100,100],"ix":3},"r":{"a":0,"k":0,"ix":6},"o":{"a":0,"k":100,"ix":7},"sk":{"a":0,"k":0,"ix":4},"sa":{"a":0,"k":0,"ix":5},"nm":"Transform"}],"nm":"Shape 1","np":4,"cix":2,"bm":0,"ix":1,"mn":"ADBE Vector Group","hd":false}],"ip":7,"op":33,"st":0,"bm":0},{"ddd":0,"ind":10,"ty":4,"nm":"3","parent":1,"sr":1,"ks":{"o":{"a":0,"k":100,"ix":11},"r":{"a":1,"k":[{"i":{"x":[0.899],"y":[1]},"o":{"x":[0.179],"y":[0]},"t":128,"s":[0]},{"i":{"x":[0.899],"y":[1]},"o":{"x":[0.179],"y":[0]},"t":137.444,"s":[11]},{"i":{"x":[0.899],"y":[1]},"o":{"x":[0.179],"y":[0]},"t":141.223,"s":[-14]},{"t":145,"s":[0]}],"ix":10},"p":{"a":0,"k":[531.724,-156.327,0],"ix":2},"a":{"a":0,"k":[1091.005,635.085,0],"ix":1},"s":{"a":1,"k":[{"i":{"x":[0.899,0.899,0.899],"y":[1,1,1]},"o":{"x":[0.179,0.179,0.179],"y":[0,0,0]},"t":128,"s":[0,0,100]},{"i":{"x":[0.899,0.899,0.899],"y":[1,1,1]},"o":{"x":[0.179,0.179,0.179],"y":[0,0,0]},"t":137.444,"s":[110,110,100]},{"i":{"x":[0.899,0.899,0.899],"y":[1,1,1]},"o":{"x":[0.179,0.179,0.179],"y":[0,0,0]},"t":141.223,"s":[90,90,100]},{"t":145,"s":[100,100,100]}],"ix":6}},"ao":0,"shapes":[{"ty":"gr","it":[{"ty":"gr","it":[{"ind":0,"ty":"sh","ix":1,"ks":{"a":0,"k":{"i":[[0,0],[0,0],[1.018,4.225],[-1.272,3.06],[18.082,11.061],[0,0],[0,0],[0.717,-0.88],[5.347,0.391],[1.76,0.658],[0,0],[0,0],[0,0],[-1.175,-3.479],[1.363,-3.009],[-0.012,-0.369],[-1.153,0.018],[-0.933,1.233],[-1.977,1.073],[-5.786,-2.22],[0,0]],"o":[[0,0],[-2.925,-1.792],[-0.948,-3.942],[1.811,-4.237],[0,0],[0,0],[-0.453,0.445],[-3.142,3.66],[-1.141,-0.095],[0,0],[0,0],[0,0],[2.599,2.13],[1.082,3.424],[-0.547,1.287],[0.118,0.79],[0.297,0.002],[1.156,-1.393],[5.443,-2.911],[0,0],[0,0]],"v":[[76.147,-50.604],[74.881,-51.378],[67.704,-62.312],[68.219,-73.457],[53.543,-87.239],[37.383,-97.125],[36.595,-96.228],[34.459,-93.814],[19.012,-87.898],[13.729,-89.268],[10.5,-90.464],[-76.147,51.181],[-74.02,52.902],[-67.905,62.044],[-68.395,74.413],[-69.345,77.434],[-37.152,97.125],[-34.852,94.931],[-29.996,91.119],[-13.407,90.104],[-10.582,91.171]],"c":true},"ix":2},"nm":"Path 1","mn":"ADBE Vector Shape - Group","hd":false},{"ind":1,"ty":"sh","ix":2,"ks":{"a":0,"k":{"i":[[0.943,-1.544],[10.739,-0.395],[3.184,15.695],[-4.102,6.703],[-5.177,2.702],[-7.792,-1.586],[-4.891,-2.992],[-2.442,-3.175],[-1.138,-5.5],[2.076,-5.45]],"o":[[-5.482,8.964],[-15.724,0.586],[-1.573,-7.79],[2.966,-4.847],[6.518,-3.394],[3.594,0.7],[5.023,3.074],[3.562,4.578],[1.146,5.681],[-0.652,1.701]],"v":[[27.324,16.809],[1.032,32.253],[-31.357,6.314],[-27.148,-16.301],[-14.773,-27.957],[7.002,-30.782],[16.485,-26.662],[24.638,-19.871],[31.227,-5.818],[29.73,11.933]],"c":true},"ix":2},"nm":"Path 2","mn":"ADBE Vector Shape - Group","hd":false},{"ty":"fl","c":{"a":0,"k":[0.164705887437,0.686274528503,0.525490224361,1],"ix":4},"o":{"a":0,"k":100,"ix":5},"r":1,"bm":0,"nm":"Fill 1","mn":"ADBE Vector Graphic - Fill","hd":false},{"ty":"tr","p":{"a":0,"k":[0,0],"ix":2},"a":{"a":0,"k":[0,0],"ix":1},"s":{"a":0,"k":[100,100],"ix":3},"r":{"a":0,"k":0,"ix":6},"o":{"a":0,"k":100,"ix":7},"sk":{"a":0,"k":0,"ix":4},"sa":{"a":0,"k":0,"ix":5},"nm":"Transform"}],"nm":"Group 1","np":3,"cix":2,"bm":0,"ix":1,"mn":"ADBE Vector Group","hd":false},{"ty":"tr","p":{"a":0,"k":[1093.151,492.379],"ix":2},"a":{"a":0,"k":[0,0],"ix":1},"s":{"a":0,"k":[100,100],"ix":3},"r":{"a":0,"k":0,"ix":6},"o":{"a":0,"k":100,"ix":7},"sk":{"a":0,"k":0,"ix":4},"sa":{"a":0,"k":0,"ix":5},"nm":"Transform"}],"nm":"Group 1","np":1,"cix":2,"bm":0,"ix":1,"mn":"ADBE Vector Group","hd":false},{"ty":"gr","it":[{"ty":"gr","it":[{"ind":0,"ty":"sh","ix":1,"ks":{"a":0,"k":{"i":[[-4.437,11.572],[1.146,5.681],[3.562,4.578],[5.023,3.074],[3.594,0.7],[6.518,-3.394],[-2.711,-13.422],[-15.724,0.586]],"o":[[2.076,-5.45],[-1.138,-5.5],[-2.442,-3.175],[-4.891,-2.992],[-7.792,-1.586],[-12.339,6.438],[3.184,15.695],[12.592,-0.462]],"v":[[29.795,11.552],[31.292,-6.199],[24.703,-20.253],[16.55,-27.043],[7.067,-31.163],[-14.708,-28.338],[-31.292,5.933],[1.097,31.872]],"c":true},"ix":2},"nm":"Path 1","mn":"ADBE Vector Shape - Group","hd":false},{"ty":"fl","c":{"a":0,"k":[0.149019613862,0.470588237047,0.372549027205,1],"ix":4},"o":{"a":0,"k":100,"ix":5},"r":1,"bm":0,"nm":"Fill 1","mn":"ADBE Vector Graphic - Fill","hd":false},{"ty":"tr","p":{"a":0,"k":[0,0],"ix":2},"a":{"a":0,"k":[0,0],"ix":1},"s":{"a":0,"k":[100,100],"ix":3},"r":{"a":0,"k":0,"ix":6},"o":{"a":0,"k":100,"ix":7},"sk":{"a":0,"k":0,"ix":4},"sa":{"a":0,"k":0,"ix":5},"nm":"Transform"}],"nm":"Group 1","np":2,"cix":2,"bm":0,"ix":1,"mn":"ADBE Vector Group","hd":false},{"ty":"tr","p":{"a":0,"k":[1093.086,492.76],"ix":2},"a":{"a":0,"k":[0,0],"ix":1},"s":{"a":0,"k":[100,100],"ix":3},"r":{"a":0,"k":0,"ix":6},"o":{"a":0,"k":100,"ix":7},"sk":{"a":0,"k":0,"ix":4},"sa":{"a":0,"k":0,"ix":5},"nm":"Transform"}],"nm":"Group 2","np":1,"cix":2,"bm":0,"ix":2,"mn":"ADBE Vector Group","hd":false},{"ty":"gr","it":[{"ty":"gr","it":[{"ind":0,"ty":"sh","ix":1,"ks":{"a":0,"k":{"i":[[0,0],[5.443,-2.911],[1.156,-1.393],[0.297,0.002],[0.118,0.79],[-0.547,1.287],[1.082,3.424],[2.599,2.13],[0,0],[0,0],[0,0],[0,0],[-1.141,-0.095],[-3.142,3.66],[-0.453,0.445],[0,0],[0,0],[1.811,-4.237],[-0.948,-3.942],[-2.925,-1.792],[0,0],[0,0],[0,0]],"o":[[-5.786,-2.22],[-1.977,1.073],[-0.933,1.233],[-1.153,0.018],[-0.012,-0.369],[1.363,-3.009],[-1.175,-3.479],[0,0],[0,0],[0,0],[0,0],[1.76,0.658],[5.347,0.391],[0.717,-0.88],[0,0],[0,0],[18.082,11.061],[-1.272,3.06],[1.018,4.225],[0,0],[0,0],[0,0],[0,0]],"v":[[-13.268,89.791],[-29.857,90.807],[-34.713,94.618],[-37.013,96.813],[-69.206,77.122],[-68.256,74.101],[-67.766,61.732],[-73.881,52.589],[-76.008,50.869],[-32.673,-19.977],[10.639,-90.776],[13.868,-89.58],[19.151,-88.21],[34.598,-94.127],[36.734,-96.54],[37.522,-97.438],[53.682,-87.551],[68.358,-73.77],[67.843,-62.625],[75.02,-51.69],[76.286,-50.916],[32.923,19.972],[-10.444,90.859]],"c":true},"ix":2},"nm":"Path 1","mn":"ADBE Vector Shape - Group","hd":false},{"ind":1,"ty":"sh","ix":2,"ks":{"a":0,"k":{"i":[[0.093,0.239],[29.818,18.179],[0,0],[0,0],[0,0],[0,0],[0,0],[0,0]],"o":[[-0.165,-0.22],[0,0],[0,0],[0,0],[0,0],[0,0],[0,0],[36.658,-59.924]],"v":[[121.148,-75.875],[66.69,-109.308],[12.507,-142.393],[-54.342,-33.413],[-121.148,75.596],[-66.554,108.994],[-11.959,142.393],[54.68,33.463]],"c":true},"ix":2},"nm":"Path 2","mn":"ADBE Vector Shape - Group","hd":false},{"ty":"fl","c":{"a":0,"k":[0.149019613862,0.470588237047,0.372549027205,1],"ix":4},"o":{"a":0,"k":100,"ix":5},"r":1,"bm":0,"nm":"Fill 1","mn":"ADBE Vector Graphic - Fill","hd":false},{"ty":"tr","p":{"a":0,"k":[0,0],"ix":2},"a":{"a":0,"k":[0,0],"ix":1},"s":{"a":0,"k":[100,100],"ix":3},"r":{"a":0,"k":0,"ix":6},"o":{"a":0,"k":100,"ix":7},"sk":{"a":0,"k":0,"ix":4},"sa":{"a":0,"k":0,"ix":5},"nm":"Transform"}],"nm":"Group 1","np":3,"cix":2,"bm":0,"ix":1,"mn":"ADBE Vector Group","hd":false},{"ty":"tr","p":{"a":0,"k":[1093.013,492.691],"ix":2},"a":{"a":0,"k":[0,0],"ix":1},"s":{"a":0,"k":[100,100],"ix":3},"r":{"a":0,"k":0,"ix":6},"o":{"a":0,"k":100,"ix":7},"sk":{"a":0,"k":0,"ix":4},"sa":{"a":0,"k":0,"ix":5},"nm":"Transform"}],"nm":"Group 3","np":1,"cix":2,"bm":0,"ix":3,"mn":"ADBE Vector Group","hd":false},{"ty":"gr","it":[{"ty":"gr","it":[{"ind":0,"ty":"sh","ix":1,"ks":{"a":0,"k":{"i":[[0,0],[0,0],[0,0]],"o":[[0,0],[0,0],[0,0]],"v":[[10.642,-90.777],[-76.007,50.868],[-32.67,-19.976]],"c":true},"ix":2},"nm":"Path 1","mn":"ADBE Vector Shape - Group","hd":false},{"ind":1,"ty":"sh","ix":2,"ks":{"a":0,"k":{"i":[[0,0],[-0.023,0.036],[-0.022,0.036]],"o":[[0.021,-0.036],[0.021,-0.035],[0,0]],"v":[[-27.265,-16.186],[-27.199,-16.293],[-27.137,-16.401]],"c":true},"ix":2},"nm":"Path 2","mn":"ADBE Vector Shape - Group","hd":false},{"ind":2,"ty":"sh","ix":3,"ks":{"a":0,"k":{"i":[[0,0],[0,0],[0,0]],"o":[[0,0],[0,0],[0,0]],"v":[[76.289,-50.918],[32.926,19.971],[-10.441,90.859]],"c":true},"ix":2},"nm":"Path 3","mn":"ADBE Vector Shape - Group","hd":false},{"ind":3,"ty":"sh","ix":4,"ks":{"a":0,"k":{"i":[[-7.13,11.962],[0.015,0.035],[29.816,18.179],[0,0],[0,0],[0,0],[0,0],[0,0],[0,0]],"o":[[1.26,-2.115],[-0.164,-0.221],[0,0],[0,0],[0,0],[0,0],[0,0],[0,0],[31.153,-50.923]],"v":[[119.238,-72.584],[121.146,-75.874],[66.691,-109.309],[12.509,-142.394],[-54.342,-33.413],[-121.147,75.596],[-66.553,108.994],[-11.956,142.394],[54.682,33.461]],"c":true},"ix":2},"nm":"Path 4","mn":"ADBE Vector Shape - Group","hd":false},{"ty":"fl","c":{"a":0,"k":[0.149019613862,0.470588237047,0.372549027205,1],"ix":4},"o":{"a":0,"k":100,"ix":5},"r":1,"bm":0,"nm":"Fill 1","mn":"ADBE Vector Graphic - Fill","hd":false},{"ty":"tr","p":{"a":0,"k":[0,0],"ix":2},"a":{"a":0,"k":[0,0],"ix":1},"s":{"a":0,"k":[100,100],"ix":3},"r":{"a":0,"k":0,"ix":6},"o":{"a":0,"k":100,"ix":7},"sk":{"a":0,"k":0,"ix":4},"sa":{"a":0,"k":0,"ix":5},"nm":"Transform"}],"nm":"Group 1","np":5,"cix":2,"bm":0,"ix":1,"mn":"ADBE Vector Group","hd":false},{"ty":"tr","p":{"a":0,"k":[1088.995,492.252],"ix":2},"a":{"a":0,"k":[0,0],"ix":1},"s":{"a":0,"k":[100,100],"ix":3},"r":{"a":0,"k":0,"ix":6},"o":{"a":0,"k":100,"ix":7},"sk":{"a":0,"k":0,"ix":4},"sa":{"a":0,"k":0,"ix":5},"nm":"Transform"}],"nm":"Group 4","np":1,"cix":2,"bm":0,"ix":4,"mn":"ADBE Vector Group","hd":false}],"ip":128,"op":206,"st":56,"bm":0},{"ddd":0,"ind":11,"ty":4,"nm":"1","parent":1,"sr":1,"ks":{"o":{"a":0,"k":100,"ix":11},"r":{"a":0,"k":0,"ix":10},"p":{"a":0,"k":[482.189,314.148,0],"ix":2},"a":{"a":0,"k":[79.412,327.117,0],"ix":1},"s":{"a":1,"k":[{"i":{"x":[0.899,0.899,0.899],"y":[1,1,1]},"o":{"x":[0.179,0.179,0.179],"y":[0,0,0]},"t":24.615,"s":[0,0,100]},{"t":49.23046875,"s":[100,100,100]}],"ix":6}},"ao":0,"shapes":[{"ty":"gr","it":[{"ind":0,"ty":"sh","ix":1,"ks":{"a":0,"k":{"i":[[-0.191,-0.114],[-0.492,-1.192],[-2.768,-3.331],[-5.316,-3.097],[-0.348,-0.145],[-4.676,-2.013],[-4.014,-2.623],[-3.159,-10.572],[-5.623,-4.892],[-4.471,-1.281],[-3.016,-1.017],[-15.011,-7.369],[-5.497,-3.069],[3.408,4.651],[6.088,3.452],[1.297,0.812],[1.463,1.8],[0.607,2.058],[0.737,3.302],[0.338,6.881],[0.11,1.782],[0.206,3.762],[0.073,0.643],[-0.024,3.904],[0.085,1.023],[-0.08,0.274],[-0.142,-1.624],[-0.147,-1.286],[-1.233,-3.339],[-3.098,-4.013],[-4.766,-4.91],[-3.008,-4.962],[-0.349,-4.809],[0.408,-2.86],[-1.991,-5.526],[-4.735,-2.855],[-0.322,-0.781],[-1.289,-0.911],[-0.034,-0.082],[-2.281,-1.8],[-3.336,-3.192],[-1.175,-1.102],[-1.028,-1.21],[-0.273,0.737],[0.253,2.829],[4.484,10.171],[1.002,5.693],[-0.34,2.207],[-2.538,5.038],[-0.354,0.771],[-3.382,4.039],[-1.443,1.749],[-1.706,1.81],[-1.257,1.383],[2.156,-2.813],[0.961,-3.617],[-0.188,-4.536],[0.02,-0.537],[-1.854,-9.86],[-0.189,-1.508],[-0.124,-0.767],[-0.377,-4.412],[3.836,-5.621],[3.248,-1.917],[1.1,-6.656],[-1.374,-1.116],[-1.631,-1.972],[-0.753,-0.893],[-4.894,-6.154],[-0.486,-0.712],[-1.559,-2.146],[-10.635,-20.424],[-3.271,-7.932],[-0.277,0.259],[0.921,4.331],[0.19,1.508],[-1.871,9.57],[-5.868,8.623],[-9.162,7.864],[-2.199,2.013],[-1.759,1.446],[-0.191,-0.114],[0.494,-0.204],[1.239,-1.425],[1.376,-7.973],[-0.034,-0.082],[0.291,-2.091],[0.026,-1.452],[0.116,-2.164],[1.474,-6.569],[6.822,-2.813],[2.37,-5.448],[-0.831,-2.015],[-2.801,-10.288],[-1.127,-5.882],[-0.167,-0.989],[-0.255,-2.25],[-0.157,-0.848],[-0.723,-7.347],[-0.022,-1.337],[-0.022,-0.52],[0.076,-2.148],[0.007,-0.916],[0.103,-1.966],[-0.157,-0.031],[-1.035,1.918],[-0.186,0.365],[-1.081,9.39],[-2.617,6.129],[-2.661,2.876],[-7.937,5.821],[-0.736,0.544],[-0.721,0.585],[-17.747,8.617],[-2.423,1.239],[-0.186,-0.452],[1.953,-1.094],[4.557,-4.572],[2.162,-3.968],[2.057,-3.638],[2.69,-6.303],[4.067,-5.765],[6.871,-4.324],[7.289,-1.563],[3.452,-2.24],[2.771,-3.307],[0.39,-1.268],[0.31,-3.445],[0.322,-2.488],[-0.034,-0.083],[1.328,-5.644],[0.181,-0.844],[1.11,-4.303],[6.381,-15.422],[-0.116,-0.049],[-3.54,4.008],[-5.883,11.85],[-0.78,0.323],[-1.099,1.416],[-4.773,3.7],[-8.824,2.389],[-1.078,0.301],[-2.166,0.46],[-1.526,0.148],[-4.439,0.195],[-1.542,0.108],[-0.519,0.022],[-1.163,0.095],[-0.875,-0.024],[-2.062,0.129],[-0.817,0],[-1.857,0.045],[-0.52,0.022],[-2.096,0.046],[-1.214,-0.028],[-0.816,0],[-0.818,-0.001],[-0.101,-0.247],[3.506,-0.243],[5.046,-1.409],[4.721,-2.427],[0.384,-0.351],[2.095,-1.681],[10.255,-11.393],[10.268,-9.378],[1.26,-1.144],[5.589,-2.304],[4.037,-0.704],[8.877,1.821],[7.881,-2.576],[5.657,-4.353],[0.703,-1.444],[15.769,-19.822],[0.452,-0.187],[1.535,-1.642],[0.366,0.186],[0.881,2.137],[-0.491,0.442],[-0.751,0.743],[-1.16,1.152],[-9.529,12.103],[-3.37,5.236],[-0.304,1.711],[0.272,1.475],[0.203,1.071],[1.609,2.269],[1.838,1.31],[2.276,1.321],[4.326,4.659],[0.79,10.78],[0.215,2.268],[-0.049,3.145],[0.063,4.349],[0.022,0.52],[-0.007,0.917],[1.035,7.171],[0.136,1.145],[2.397,3.484],[2.705,2.828],[-0.74,0.305],[-13.637,-12.551],[-1.953,-1.936],[-3.002,-2.849],[-3.939,-3.954],[-0.875,-0.841],[-2.983,-3.386],[-3.356,-5.106],[-0.578,-0.819],[-1.251,-1.985],[-0.635,-0.844],[-0.799,-4.383],[5.404,-19.537],[0.073,-0.174],[0.079,-1.907],[-0.916,-6.884],[-0.369,0.153],[-3.339,7.293],[-4.719,13.389],[-2.921,17.986],[-1.281,10.769],[0,0],[0,0],[5.221,6.597],[1.887,1.193],[6.857,1.355],[7.197,6.023],[10.277,25.62],[3.617,4.807],[7.4,3.488],[-0.278,0.258],[-5.697,-2.507],[-3.706,-1.644],[-9.094,-4.328],[-2.007,-0.903],[-11.883,-8.996],[-4.528,-8.182],[-1.437,-5.466],[-1.455,-17.285],[-5.103,-7.127],[0.058,1.658],[-0.151,2.898],[1.539,15.041],[0.032,0.66],[0.641,4.351],[4.44,14.612],[1.12,2.133],[7.08,2.128],[6.161,-1.964],[7.537,1.603],[3.891,2.674],[2.63,2.762],[0.6,0.521],[0.518,0.557],[7.431,5.542],[6.016,1.413],[0.863,-0.356],[-0.31,0.416],[-1.544,0.106],[-2.045,0.17],[-0.537,-0.018],[-1.682,0.118],[-2.451,0],[-0.899,0.034],[-0.519,0.023],[-1.255,-0.011],[-0.898,0.035],[-0.52,0.023],[-1.197,0.013],[-11.533,-2.552],[-6.057,-4.427],[-4.883,-7.41],[-2.628,-4.974],[-1.269,-1.448],[-0.904,0.373],[0.242,0.237],[2.062,4.536],[11.196,15.72],[0.67,0.927],[3.054,3.791],[0.786,0.974],[1.328,1.471],[1.53,1.725],[5.192,2.33],[4.684,0.281],[5.17,-2.854],[3.797,-0.941],[4.445,1.1],[10.779,6.085],[4.783,1.921],[3.611,0.244],[5.044,-1.408],[0.085,0.205],[-6.261,1.957],[-3.061,0.974],[-3.204,0.744],[-6.087,0.395],[-8.664,-3.639],[-6.594,-6.896],[-0.391,-0.367],[-1.127,-1.218],[-1.47,-0.884],[-0.217,0.522],[1.067,0.954],[1.084,0.995],[2.626,1.705],[0.034,0.083],[5.695,3.902],[5.272,2.875],[1.03,0.633],[2.881,1.505],[5.9,-0.269],[3.862,-1.593],[4.891,-4.229],[7.175,-3.006],[9.8,0.094],[7.049,0.652],[6.044,-1.435],[2.509,-1.611],[-2.228,1.592],[-2.861,1.806],[-1.902,1.217],[-1.271,0.765],[-2.231,1.353],[-9.327,3.847],[-4.913,-0.137],[-2.015,0.013],[-6.84,-2.708],[-1.592,-0.593],[0.475,1.15],[7.373,2.489],[0.464,0.193],[3.61,1.059],[0.191,0.114],[5.624,1.047],[5.838,-1.35],[4.239,-2.661],[2.987,-4.068],[5.776,-4.065],[3.469,-0.566],[1.344,-0.122],[2.539,-0.373],[0.865,-0.116],[2.151,-0.501],[1.169,-0.194],[4.308,-3.892],[0.208,0.155],[-2.264,2.088],[-0.58,0.576],[-1.904,1.795],[-0.367,0.392],[-1.169,1.012],[-3.386,2.982],[-3.308,2.47],[-10.003,6.291],[-3.559,0.698],[-12.724,-2.638],[-4.131,0.597],[0.187,0.452],[12.058,1.375],[0.371,-0.153],[0.975,0.031],[4.036,-0.125],[6.261,-2.774],[8.846,-0.234],[4.324,1.39],[7.478,4.609],[2.634,1.606],[-0.169,0.406],[-0.672,-0.347],[-6.915,0.255],[-2.966,0.503],[-1.499,0.329],[-0.66,0.031],[-1.509,0.189],[-2.841,-0.128],[-8.628,-6.347],[-15.746,-1.104],[-13.221,-2.096],[-4.527,-1.066],[3.17,1.625],[7.998,0.74],[7.219,4.331],[5.907,8.141],[5.087,10.355],[-0.493,0.203]],"o":[[0.215,0.055],[0.814,1.972],[2.91,3.561],[2.866,1.702],[0.365,0.187],[8.734,3.805],[6.086,4.029],[2.685,8.844],[4.142,3.63],[6.856,1.933],[17.594,5.821],[8.199,4.024],[5.88,3.298],[-2.899,-3.997],[-3.081,-1.758],[-2.518,-1.559],[-3.606,-4.428],[-1.628,-5.58],[-2.154,-9.305],[-0.161,-2.722],[-0.127,-1.823],[-0.205,-3.761],[-0.103,-1.064],[0,-0.817],[-0.085,-1.022],[0.286,-0.937],[0.076,0.883],[0.129,1.245],[2.108,5.813],[5.567,7.32],[7.678,7.893],[1.604,2.608],[0.119,1.921],[-1.05,7.598],[2.79,7.697],[7.005,4.275],[0.034,0.082],[1.289,0.911],[0.051,0.123],[4.105,3.307],[0.991,0.889],[2.201,2.073],[0.534,0.597],[0.555,-1.335],[-0.224,-2.408],[-4.847,-10.935],[-0.542,-2.948],[0.445,-2.299],[0.937,-1.925],[1.041,-2.257],[1.745,-2.065],[2.974,-3.63],[0.645,-0.65],[2.89,-3.019],[-2.224,2.888],[-1.025,3.693],[0.078,1.94],[0.007,3.747],[0.209,0.972],[0.189,1.508],[0.189,1.509],[0.543,6.796],[-2.21,3.267],[-5.079,2.959],[-0.915,5.475],[0.358,0.285],[1.631,1.971],[1.253,1.405],[0.837,1.097],[0.527,0.697],[10.393,14.129],[1.593,3.045],[4.277,10.255],[0.834,-0.777],[-0.93,-4.473],[-1.345,-10.841],[1.246,-6.187],[6.071,-8.947],[0.508,-0.401],[4.611,-4.21],[6.516,-5.187],[0.406,0.168],[-0.287,0.119],[-4.382,4.884],[-0.521,3.05],[0.033,0.082],[-0.333,2.108],[-0.084,1.429],[-0.39,10.595],[-1.664,7.273],[-5.999,2.475],[-2.555,5.814],[1.152,2.794],[1.221,4.594],[0.336,1.978],[0.504,2.387],[0.167,0.989],[0.405,2.381],[0.32,2.993],[-0.017,0.775],[0.17,5.074],[-0.026,1.452],[-0.047,0.933],[-0.103,1.964],[0.173,0.073],[0.979,-1.941],[1.287,-2.358],[0.748,-6.462],[2.424,-5.664],[2.79,-3.026],[1.639,-1.156],[0.762,-0.603],[3.013,-2.253],[3.843,-1.874],[5.385,-2.798],[0.068,0.165],[-5.964,3.375],[-3.977,3.996],[-0.227,0.382],[-2.042,3.68],[-6.739,15.953],[-3.399,4.815],[-4.74,2.965],[-5.584,1.148],[-3.623,2.408],[-2.25,2.706],[-0.201,0.563],[-0.31,3.446],[-0.336,2.448],[0.203,0.492],[-0.181,0.844],[-0.182,0.844],[-3.894,14.925],[-1.835,4.411],[0.928,0.386],[2.911,-3.316],[4.009,-8],[0.124,-0.051],[2.834,-3.621],[6.437,-4.913],[2.724,-0.739],[5.227,-1.434],[3.822,-0.759],[3.15,-0.289],[2.599,-0.111],[1.543,-0.107],[0.537,0.019],[5.907,-0.368],[0.52,-0.023],[2.062,-0.13],[0.775,0.016],[1.816,-0.028],[0.536,0.019],[2.113,-0.007],[1.214,0.028],[0.776,0.016],[0.875,0.023],[0.272,0.658],[-4.371,0.36],[-3.68,0.988],[-3.167,1.644],[-0.41,0.408],[-11.399,9.317],[-7.481,8.326],[-1.798,1.703],[-5.509,5.062],[-4.191,1.729],[-9.344,1.594],[-10.233,-2.079],[-5.939,1.921],[-3.381,2.645],[-13.488,26.285],[-4.235,5.354],[-0.123,0.05],[-4.251,4.733],[-0.174,-0.073],[-1.357,-3.287],[0.359,-0.293],[0.734,-0.783],[7.481,-7.509],[3.053,-3.904],[7.177,-11.278],[0.101,-0.571],[-0.313,-1.458],[-0.458,-2.744],[-2.28,-3.195],[-0.965,-0.707],[-7.101,-4.043],[-9.119,-9.751],[-0.032,-0.659],[-1.223,-11.708],[0.019,-0.536],[-0.063,-4.35],[0.019,-0.538],[0.036,-2.707],[-0.534,-3.627],[-0.413,-3.099],[-3.177,-4.555],[-2.838,-2.916],[0.592,-0.196],[1.384,1.257],[3.57,3.528],[0.875,0.841],[3.922,3.912],[4.021,3.919],[2.482,2.871],[1.167,1.778],[0.578,0.82],[1.251,1.983],[1.878,2.686],[3.104,17.086],[-1.272,4.612],[-0.502,0.881],[-0.218,5.186],[0.286,2.093],[0.329,-0.135],[3.967,-8.8],[5.162,-14.533],[1.016,-6.044],[0,0],[0,0],[-2.033,-4.932],[-1.004,-1.268],[-3.449,-2.184],[-9.314,-1.831],[-6.521,-5.437],[-6.225,-15.56],[-4.958,-6.659],[-1.56,-0.751],[0.384,-0.352],[1.293,0.572],[6.046,2.651],[1.617,0.775],[9.324,4.186],[12.167,9.214],[3.873,7.057],[1.926,7.235],[0.587,7.02],[1.5,2.121],[-0.015,-0.619],[0.684,-14.081],[-0.202,-1.888],[-0.061,-1.081],[-2.048,-13.243],[-2.045,-6.706],[-1.668,-3.112],[-5.266,-1.579],[-6.549,2.076],[-3.806,-0.835],[-3.701,-2.562],[-0.96,-1.046],[-0.575,-0.58],[-3.457,-3.719],[-6.049,-4.525],[-3.508,-0.813],[-0.756,0.264],[0.155,-0.208],[1.526,-0.148],[2.045,-0.171],[0.536,0.019],[3.184,-0.206],[0.776,0.017],[0.882,-0.076],[4.093,-0.101],[0.776,0.016],[0.883,-0.075],[0.52,-0.022],[7.246,-0.152],[6.85,1.454],[6.606,4.824],[0.738,1.091],[0.684,1.305],[2.499,2.912],[0.288,-0.118],[-0.259,-0.279],[-8.916,-19.641],[-0.939,-1.344],[-1.636,-2.451],[-1.423,-1.817],[-1.239,-1.605],[-0.258,-0.278],[-6.9,-7.636],[-5.906,-2.663],[-4.964,-0.26],[-7.54,4.215],[-6.783,1.739],[-5.479,-1.395],[-2.93,-1.627],[-7.477,-2.975],[-6.146,-0.445],[-1.325,0.402],[-0.203,-0.493],[2.755,-0.896],[9.937,-3.187],[2.857,-0.649],[9.049,-0.558],[7.173,3.051],[1.871,1.97],[0.393,0.368],[1.169,1.201],[2.758,1.556],[0.072,-0.175],[-1.067,-0.954],[-4.429,-4.328],[-0.689,-0.389],[-0.187,-0.452],[-7.493,-5.229],[-2.085,-1.207],[-1.055,-0.575],[-5.42,-2.765],[-2.92,0.146],[-3.945,1.626],[-7.034,6.026],[-6.761,2.837],[-7.05,-0.074],[-18.796,-1.623],[-3.754,0.923],[-2.262,1.51],[2.016,-1.408],[1.042,-0.621],[1.86,-1.2],[1.272,-0.765],[16.304,-9.898],[11.794,-4.863],[0.537,0.019],[6,-0.023],[3.448,1.367],[3.604,1.398],[-0.289,-0.699],[-3.678,-1.224],[-0.465,-0.194],[-3.611,-1.06],[-1.021,-0.493],[-7.627,-1.471],[-5.254,1.253],[-3.574,2.292],[-3.758,5.108],[-2.858,2.045],[-5.57,0.95],[-8.916,0.648],[-1.632,0.24],[-0.865,0.117],[-2.207,0.478],[-3.715,0.667],[-0.94,0.869],[-0.341,-0.244],[0.662,-0.609],[0.539,-0.559],[1.922,-1.754],[0.384,-0.351],[1.17,-1.011],[8.994,-8.036],[3.455,-2.579],[3.55,-2.233],[11.466,-2.276],[8.172,1.63],[4.327,-0.583],[-0.152,-0.37],[-4.149,-0.501],[-0.164,0.068],[-2.47,-0.04],[-3.399,0.152],[-14.353,6.351],[-4.81,0.109],[-7.992,-2.474],[-4.063,-2.508],[-7.536,-4.633],[0.072,-0.174],[7.906,4.48],[5.355,-0.188],[4.582,-0.783],[0.848,-0.158],[0.644,-0.073],[5.589,-0.671],[5.449,0.156],[6.756,4.955],[18.898,1.292],[5.672,0.931],[1.804,0.411],[-3.703,-1.983],[-11.486,-1.033],[-5.675,-3.382],[-6.903,-9.511],[-10.202,-20.89],[0.206,-0.084]],"v":[[-195.987,-338.789],[-194.699,-336.483],[-189.558,-328.796],[-178.659,-319.971],[-172.861,-316.64],[-163.682,-312.686],[-141.224,-301.368],[-127.774,-280.182],[-117.741,-263.549],[-105.027,-256.387],[-85.517,-250.584],[-38.354,-231.473],[-23.678,-223.871],[-20.773,-225.453],[-31.133,-234.018],[-39.125,-238.704],[-47.894,-246.098],[-55.783,-258.231],[-59.048,-270.347],[-61.932,-289.112],[-62.432,-297.32],[-62.994,-307.426],[-63.45,-315.411],[-63.535,-323.31],[-63.652,-326.627],[-63.619,-328.996],[-62.739,-327.677],[-62.342,-323.802],[-59.859,-315.449],[-54.426,-305.188],[-43.691,-292.451],[-25.046,-270.089],[-21.336,-255.848],[-21.871,-247.118],[-20.804,-232.172],[-8.796,-215.294],[18.92,-196.241],[21.359,-194.41],[23.796,-192.578],[28.01,-189.123],[44.658,-174.64],[48.575,-170.968],[60.408,-159.067],[61.356,-159.217],[62.09,-170.146],[56.865,-184.098],[50.427,-202.503],[50.068,-215.385],[55.222,-228.185],[57.605,-233.014],[65.404,-244.068],[71.151,-251.005],[82.697,-264.277],[86.175,-267.971],[88.339,-268.671],[83.013,-257.916],[82.085,-248.975],[82.215,-244.461],[84.94,-224.911],[85.649,-220.394],[86.188,-216.289],[87.255,-205.189],[82.884,-188.626],[74.516,-180.703],[65.868,-167.281],[66.989,-151.972],[70.656,-147.859],[75.004,-142.679],[82.867,-132.942],[85.337,-129.633],[89.108,-124.456],[118.47,-76.223],[127.326,-56.267],[133.699,-42.211],[133.547,-55.755],[131.139,-68.706],[131.75,-93.575],[139.857,-110.525],[159.029,-131.653],[163.935,-136.08],[172.047,-143.225],[182.594,-151.228],[182.155,-149.845],[179.362,-147.059],[170.654,-127.6],[169.782,-121.904],[169.296,-117.953],[168.647,-111.483],[168.353,-104.967],[164.857,-73.572],[149.891,-55.764],[138.294,-44.828],[136.042,-34.666],[145.028,-4.716],[149.318,14.43],[150.324,19.786],[151.957,29.69],[152.487,33.077],[154.216,47.991],[155.719,69.008],[155.744,71.4],[155.921,87.917],[155.842,92.275],[155.618,97.561],[155.708,101.274],[157.867,97.883],[160.027,93.675],[164.258,72.457],[170.13,50.322],[180.972,31.957],[197.549,18.293],[201.865,15.119],[204.609,13.026],[230.032,-0.296],[241.388,-5.987],[266.813,-16.619],[263.437,-14.313],[250.237,-4.348],[242.249,6.013],[238.086,13.404],[229.472,31.574],[210.94,68.834],[197.857,80.479],[180.361,87.021],[171.283,90.427],[161.971,98.74],[155.226,108.734],[154.297,116.04],[153.156,126.799],[152.603,131.404],[147.145,160.724],[146.468,163.744],[144.115,173.08],[128.534,219.125],[125.435,227.23],[137.743,217.202],[147.656,200.085],[159.252,179.82],[161.477,177.171],[175.514,163.64],[195.176,154.187],[202.089,152.298],[216.018,148.766],[226.111,147.008],[237.808,146.223],[245.332,145.812],[249.094,145.608],[252.172,145.493],[265.117,144.818],[269.819,144.562],[275.018,144.342],[279.804,144.29],[284.096,144.204],[288.882,144.153],[294.9,144.171],[298.541,144.255],[301.53,144.274],[303.327,144.784],[300.273,145.658],[285.626,148.381],[275.376,152.559],[268.912,156.235],[264.411,160.014],[240.036,183.337],[219.494,203.827],[213.919,208.963],[199.658,218.451],[189.249,221.542],[166.049,221.252],[145.122,221.804],[128.256,230.924],[119.327,239.703],[78.273,304.425],[61.649,323.926],[58.653,327.036],[46.611,338.878],[44.687,334.91],[43.691,330.514],[45.684,328.585],[49.13,325.048],[75.779,294.299],[91.359,272.151],[106.403,246.139],[106.057,242.386],[105.174,237.798],[98.609,221.993],[90.95,213.565],[85.034,209.946],[71.094,199.347],[56.998,170.061],[56.486,164.742],[54.624,140.989],[54.57,132.117],[54.476,123.261],[54.53,120.592],[52.595,101.678],[51.347,93.057],[43.136,73.845],[35.539,64.285],[33.131,60.662],[52.461,77.453],[58.533,83.315],[65.889,90.426],[74.607,99.092],[83.326,107.757],[90.255,114.997],[100.264,128.659],[103.41,133.371],[106.725,138.495],[110.115,143.685],[115.619,158.195],[112.751,204.285],[110.284,212.996],[108.285,222.956],[109.013,235.446],[110.23,238.982],[116.855,225.431],[129.272,193.867],[143.125,138.149],[145.458,120.839],[146.29,113.764],[144.883,110.354],[135.378,95.234],[127.797,88.744],[114.458,84.147],[90.804,72.843],[68.769,32.118],[52.529,-1.429],[32.102,-18.2],[30.121,-19.738],[42.79,-15.25],[51.887,-11.262],[74.782,-0.749],[81.417,2.283],[107.926,18.759],[125.955,37.528],[132.686,53.264],[136.53,81.007],[145.087,102.337],[147.092,103.001],[147.337,96.601],[145.928,48.764],[145.506,44.129],[143.399,28.411],[132.327,-19.191],[123.614,-43.581],[107.248,-53.42],[91.025,-52.885],[68.746,-52.11],[58.369,-56.87],[38.052,-74.072],[35.173,-76.971],[33.13,-79.013],[18.335,-91.568],[1.689,-99.752],[-9.741,-101.001],[-11.943,-101.679],[-8.911,-102.256],[-2.396,-102.779],[2.29,-103.077],[6.29,-103.285],[18.363,-103.743],[21.474,-103.777],[24.074,-103.887],[30.758,-103.999],[33.852,-104.074],[36.451,-104.184],[39.547,-104.257],[69.741,-100.411],[84.98,-93.423],[99.759,-77.642],[107.755,-63.149],[111.299,-58.169],[120.469,-51.324],[120.578,-51.993],[116.39,-60.749],[84.776,-116.419],[81.885,-120.517],[72.884,-132.431],[68.868,-137.505],[61.177,-146.594],[57.835,-150.265],[45.952,-160.076],[30.867,-164.242],[17.301,-160.763],[5.117,-155.21],[-11.15,-154.319],[-42.282,-168.599],[-56.284,-175.037],[-69.127,-178.781],[-85.01,-177.422],[-87.624,-177.114],[-76.183,-181.784],[-65.695,-185.147],[-36.377,-193.921],[-16.517,-196.244],[3.165,-192.821],[21.441,-179.635],[25.58,-175.428],[28.401,-172.553],[33.212,-168.815],[43.082,-165.288],[41.318,-167.349],[37.474,-170.957],[13.783,-191.093],[12.494,-192.005],[-0.211,-201.478],[-26.366,-218.146],[-32.071,-221.371],[-39.211,-225.158],[-50.273,-227.615],[-62.358,-224.507],[-71.8,-218.257],[-87.642,-208.167],[-105.234,-205.239],[-120.942,-206.022],[-155.82,-206.302],[-171.897,-199.817],[-172.082,-200.847],[-163.836,-206.268],[-158.489,-209.626],[-152.75,-213.195],[-146.392,-217.017],[-117.091,-232.708],[-95.075,-238.902],[-90.452,-238.885],[-71.838,-235.023],[-62.67,-231.446],[-50.023,-230.507],[-86.247,-245.476],[-93.794,-248.036],[-101.206,-250.269],[-108.071,-252.343],[-133.352,-258.264],[-147.576,-258.361],[-160.849,-252.886],[-169.51,-244.507],[-182.24,-232.237],[-196.622,-226.306],[-215.182,-223.509],[-229.324,-222.245],[-233.858,-221.577],[-239.418,-220.487],[-245.546,-219.257],[-264.138,-208.61],[-266.188,-207.284],[-263.131,-210.948],[-260.883,-213.077],[-256.389,-217.334],[-252.237,-221.259],[-249.424,-223.765],[-241.139,-231.075],[-224.951,-244.867],[-208.688,-255.565],[-196.155,-260.733],[-168.2,-260.337],[-155.584,-259.241],[-149.088,-260.861],[-165.697,-263.245],[-187.472,-264.746],[-189.51,-264.675],[-196.774,-264.565],[-206.82,-261.527],[-233.295,-254.024],[-243.24,-255.403],[-271.402,-268.311],[-283.575,-275.792],[-303.455,-289.374],[-302.123,-289.058],[-280.017,-282.789],[-265.741,-283.964],[-258.227,-285.332],[-255.508,-285.732],[-251.591,-286.145],[-235.67,-287.181],[-213.149,-276.755],[-181.441,-268.195],[-140.717,-263.882],[-117.681,-259.438],[-120.09,-261.666],[-132.477,-264.539],[-155.397,-271.146],[-168.446,-284.131],[-181.596,-305.875],[-196.723,-338.823]],"c":true},"ix":2},"nm":"Path 1","mn":"ADBE Vector Shape - Group","hd":false},{"ty":"fl","c":{"a":0,"k":[0.149019613862,0.470588237047,0.372549027205,1],"ix":4},"o":{"a":0,"k":100,"ix":5},"r":1,"bm":0,"nm":"Fill 1","mn":"ADBE Vector Graphic - Fill","hd":false},{"ty":"tr","p":{"a":0,"k":[0,0],"ix":2},"a":{"a":0,"k":[0,0],"ix":1},"s":{"a":0,"k":[100,100],"ix":3},"r":{"a":0,"k":0,"ix":6},"o":{"a":0,"k":100,"ix":7},"sk":{"a":0,"k":0,"ix":4},"sa":{"a":0,"k":0,"ix":5},"nm":"Transform"}],"nm":"Group 1","np":2,"cix":2,"bm":0,"ix":1,"mn":"ADBE Vector Group","hd":false}],"ip":15,"op":163,"st":0,"bm":0},{"ddd":0,"ind":15,"ty":4,"nm":"Shape Layer 8","parent":21,"sr":1.84615384615385,"ks":{"o":{"a":0,"k":100,"ix":11},"r":{"a":0,"k":9,"ix":10},"p":{"a":0,"k":[103.625,-105.43,0],"ix":2},"a":{"a":0,"k":[0,0,0],"ix":1},"s":{"a":0,"k":[100,100,100],"ix":6}},"ao":0,"shapes":[{"ty":"gr","it":[{"ind":0,"ty":"sh","ix":1,"ks":{"a":0,"k":{"i":[[0,0],[21.922,15.417],[0,0]],"o":[[0,0],[-27.691,-19.474],[0,0]],"v":[[171,163],[142.691,83.474],[52,92]],"c":false},"ix":2},"nm":"Path 1","mn":"ADBE Vector Shape - Group","hd":false},{"ty":"tm","s":{"a":0,"k":0,"ix":1},"e":{"a":0,"k":100,"ix":2},"o":{"a":0,"k":0,"ix":3},"m":1,"ix":2,"nm":"Trim Paths 1","mn":"ADBE Vector Filter - Trim","hd":false},{"ty":"st","c":{"a":0,"k":[0,0.658823349897,1,1],"ix":3},"o":{"a":0,"k":100,"ix":4},"w":{"a":0,"k":4,"ix":5},"lc":1,"lj":1,"ml":4,"bm":0,"d":[{"n":"d","nm":"dash","v":{"a":0,"k":12,"ix":1}},{"n":"o","nm":"offset","v":{"a":1,"k":[{"i":{"x":[0.833],"y":[0.833]},"o":{"x":[0.167],"y":[0.167]},"t":102,"s":[0]},{"t":125.99967448005,"s":[-251]}],"ix":7}}],"nm":"Stroke 1","mn":"ADBE Vector Graphic - Stroke","hd":false},{"ty":"tr","p":{"a":0,"k":[0,0],"ix":2},"a":{"a":0,"k":[0,0],"ix":1},"s":{"a":0,"k":[100,100],"ix":3},"r":{"a":0,"k":0,"ix":6},"o":{"a":0,"k":100,"ix":7},"sk":{"a":0,"k":0,"ix":4},"sa":{"a":0,"k":0,"ix":5},"nm":"Transform"}],"nm":"Shape 1","np":4,"cix":2,"bm":0,"ix":1,"mn":"ADBE Vector Group","hd":false}],"ip":102,"op":126,"st":89.0769230769231,"bm":0},{"ddd":0,"ind":16,"ty":4,"nm":"Shape Layer 5","parent":21,"sr":1,"ks":{"o":{"a":0,"k":100,"ix":11},"r":{"a":0,"k":9,"ix":10},"p":{"a":0,"k":[103.625,-105.43,0],"ix":2},"a":{"a":0,"k":[0,0,0],"ix":1},"s":{"a":0,"k":[100,100,100],"ix":6}},"ao":0,"shapes":[{"ty":"gr","it":[{"ind":0,"ty":"sh","ix":1,"ks":{"a":0,"k":{"i":[[0,0],[21.922,15.417],[0,0]],"o":[[0,0],[-27.691,-19.474],[0,0]],"v":[[171,163],[142.691,83.474],[52,92]],"c":false},"ix":2},"nm":"Path 1","mn":"ADBE Vector Shape - Group","hd":false},{"ty":"tm","s":{"a":0,"k":0,"ix":1},"e":{"a":0,"k":100,"ix":2},"o":{"a":0,"k":0,"ix":3},"m":1,"ix":2,"nm":"Trim Paths 1","mn":"ADBE Vector Filter - Trim","hd":false},{"ty":"st","c":{"a":0,"k":[0,0.658823349897,1,1],"ix":3},"o":{"a":0,"k":100,"ix":4},"w":{"a":0,"k":4,"ix":5},"lc":1,"lj":1,"ml":4,"bm":0,"d":[{"n":"d","nm":"dash","v":{"a":0,"k":12,"ix":1}},{"n":"o","nm":"offset","v":{"a":1,"k":[{"i":{"x":[0.833],"y":[0.833]},"o":{"x":[0.167],"y":[0.167]},"t":57,"s":[0]},{"t":77,"s":[-251]}],"ix":7}}],"nm":"Stroke 1","mn":"ADBE Vector Graphic - Stroke","hd":false},{"ty":"tr","p":{"a":0,"k":[0,0],"ix":2},"a":{"a":0,"k":[0,0],"ix":1},"s":{"a":0,"k":[100,100],"ix":3},"r":{"a":0,"k":0,"ix":6},"o":{"a":0,"k":100,"ix":7},"sk":{"a":0,"k":0,"ix":4},"sa":{"a":0,"k":0,"ix":5},"nm":"Transform"}],"nm":"Shape 1","np":4,"cix":2,"bm":0,"ix":1,"mn":"ADBE Vector Group","hd":false}],"ip":57,"op":78,"st":54,"bm":0},{"ddd":0,"ind":17,"ty":4,"nm":"Shape Layer 3","parent":21,"sr":1,"ks":{"o":{"a":0,"k":100,"ix":11},"r":{"a":0,"k":9,"ix":10},"p":{"a":0,"k":[103.625,-105.43,0],"ix":2},"a":{"a":0,"k":[0,0,0],"ix":1},"s":{"a":0,"k":[100,100,100],"ix":6}},"ao":0,"shapes":[{"ty":"gr","it":[{"ind":0,"ty":"sh","ix":1,"ks":{"a":0,"k":{"i":[[0,0],[21.922,15.417],[0,0]],"o":[[0,0],[-27.691,-19.474],[0,0]],"v":[[171,163],[142.691,83.474],[52,92]],"c":false},"ix":2},"nm":"Path 1","mn":"ADBE Vector Shape - Group","hd":false},{"ty":"tm","s":{"a":0,"k":0,"ix":1},"e":{"a":0,"k":100,"ix":2},"o":{"a":0,"k":0,"ix":3},"m":1,"ix":2,"nm":"Trim Paths 1","mn":"ADBE Vector Filter - Trim","hd":false},{"ty":"st","c":{"a":0,"k":[0,0.658823349897,1,1],"ix":3},"o":{"a":0,"k":100,"ix":4},"w":{"a":0,"k":4,"ix":5},"lc":1,"lj":1,"ml":4,"bm":0,"d":[{"n":"d","nm":"dash","v":{"a":0,"k":12,"ix":1}},{"n":"o","nm":"offset","v":{"a":1,"k":[{"i":{"x":[0.833],"y":[0.833]},"o":{"x":[0.167],"y":[0.167]},"t":7,"s":[0]},{"t":32.8203125,"s":[-251]}],"ix":7}}],"nm":"Stroke 1","mn":"ADBE Vector Graphic - Stroke","hd":false},{"ty":"tr","p":{"a":0,"k":[0,0],"ix":2},"a":{"a":0,"k":[0,0],"ix":1},"s":{"a":0,"k":[100,100],"ix":3},"r":{"a":0,"k":0,"ix":6},"o":{"a":0,"k":100,"ix":7},"sk":{"a":0,"k":0,"ix":4},"sa":{"a":0,"k":0,"ix":5},"nm":"Transform"}],"nm":"Shape 1","np":4,"cix":2,"bm":0,"ix":1,"mn":"ADBE Vector Group","hd":false}],"ip":7,"op":33,"st":0,"bm":0},{"ddd":0,"ind":18,"ty":4,"nm":"Shape Layer 7","parent":21,"sr":1.84615384615385,"ks":{"o":{"a":0,"k":100,"ix":11},"r":{"a":0,"k":9,"ix":10},"p":{"a":0,"k":[119.262,-82.704,0],"ix":2},"a":{"a":0,"k":[0,0,0],"ix":1},"s":{"a":0,"k":[100,100,100],"ix":6}},"ao":0,"shapes":[{"ty":"gr","it":[{"ind":0,"ty":"sh","ix":1,"ks":{"a":0,"k":{"i":[[0,0],[-15.388,-11.743],[0,0]],"o":[[0,0],[21.305,16.259],[0,0]],"v":[[52,92],[100.691,94.474],[128,150]],"c":false},"ix":2},"nm":"Path 1","mn":"ADBE Vector Shape - Group","hd":false},{"ty":"tm","s":{"a":0,"k":0,"ix":1},"e":{"a":0,"k":100,"ix":2},"o":{"a":0,"k":0,"ix":3},"m":1,"ix":2,"nm":"Trim Paths 1","mn":"ADBE Vector Filter - Trim","hd":false},{"ty":"st","c":{"a":0,"k":[0,0.658823349897,1,1],"ix":3},"o":{"a":0,"k":100,"ix":4},"w":{"a":0,"k":4,"ix":5},"lc":1,"lj":1,"ml":4,"bm":0,"d":[{"n":"d","nm":"dash","v":{"a":0,"k":10,"ix":1}},{"n":"o","nm":"offset","v":{"a":1,"k":[{"i":{"x":[0.833],"y":[0.833]},"o":{"x":[0.167],"y":[0.167]},"t":102,"s":[0]},{"t":125.99967448005,"s":[-321]}],"ix":7}}],"nm":"Stroke 1","mn":"ADBE Vector Graphic - Stroke","hd":false},{"ty":"tr","p":{"a":0,"k":[0,0],"ix":2},"a":{"a":0,"k":[0,0],"ix":1},"s":{"a":0,"k":[100,100],"ix":3},"r":{"a":0,"k":0,"ix":6},"o":{"a":0,"k":100,"ix":7},"sk":{"a":0,"k":0,"ix":4},"sa":{"a":0,"k":0,"ix":5},"nm":"Transform"}],"nm":"Shape 1","np":4,"cix":2,"bm":0,"ix":1,"mn":"ADBE Vector Group","hd":false}],"ip":102,"op":126,"st":89.0769230769231,"bm":0},{"ddd":0,"ind":19,"ty":4,"nm":"Shape Layer 4","parent":21,"sr":1,"ks":{"o":{"a":0,"k":100,"ix":11},"r":{"a":0,"k":9,"ix":10},"p":{"a":0,"k":[119.262,-82.704,0],"ix":2},"a":{"a":0,"k":[0,0,0],"ix":1},"s":{"a":0,"k":[100,100,100],"ix":6}},"ao":0,"shapes":[{"ty":"gr","it":[{"ind":0,"ty":"sh","ix":1,"ks":{"a":0,"k":{"i":[[0,0],[-15.388,-11.743],[0,0]],"o":[[0,0],[21.305,16.259],[0,0]],"v":[[52,92],[100.691,94.474],[128,150]],"c":false},"ix":2},"nm":"Path 1","mn":"ADBE Vector Shape - Group","hd":false},{"ty":"tm","s":{"a":0,"k":0,"ix":1},"e":{"a":0,"k":100,"ix":2},"o":{"a":0,"k":0,"ix":3},"m":1,"ix":2,"nm":"Trim Paths 1","mn":"ADBE Vector Filter - Trim","hd":false},{"ty":"st","c":{"a":0,"k":[0,0.658823349897,1,1],"ix":3},"o":{"a":0,"k":100,"ix":4},"w":{"a":0,"k":4,"ix":5},"lc":1,"lj":1,"ml":4,"bm":0,"d":[{"n":"d","nm":"dash","v":{"a":0,"k":10,"ix":1}},{"n":"o","nm":"offset","v":{"a":1,"k":[{"i":{"x":[0.833],"y":[0.833]},"o":{"x":[0.167],"y":[0.167]},"t":57,"s":[0]},{"t":77,"s":[-321]}],"ix":7}}],"nm":"Stroke 1","mn":"ADBE Vector Graphic - Stroke","hd":false},{"ty":"tr","p":{"a":0,"k":[0,0],"ix":2},"a":{"a":0,"k":[0,0],"ix":1},"s":{"a":0,"k":[100,100],"ix":3},"r":{"a":0,"k":0,"ix":6},"o":{"a":0,"k":100,"ix":7},"sk":{"a":0,"k":0,"ix":4},"sa":{"a":0,"k":0,"ix":5},"nm":"Transform"}],"nm":"Shape 1","np":4,"cix":2,"bm":0,"ix":1,"mn":"ADBE Vector Group","hd":false}],"ip":57,"op":78,"st":54,"bm":0},{"ddd":0,"ind":20,"ty":4,"nm":"Shape Layer 1","parent":21,"sr":1,"ks":{"o":{"a":0,"k":100,"ix":11},"r":{"a":0,"k":9,"ix":10},"p":{"a":0,"k":[119.262,-82.704,0],"ix":2},"a":{"a":0,"k":[0,0,0],"ix":1},"s":{"a":0,"k":[100,100,100],"ix":6}},"ao":0,"shapes":[{"ty":"gr","it":[{"ind":0,"ty":"sh","ix":1,"ks":{"a":0,"k":{"i":[[0,0],[-15.388,-11.743],[0,0]],"o":[[0,0],[21.305,16.259],[0,0]],"v":[[52,92],[100.691,94.474],[128,150]],"c":false},"ix":2},"nm":"Path 1","mn":"ADBE Vector Shape - Group","hd":false},{"ty":"tm","s":{"a":0,"k":0,"ix":1},"e":{"a":0,"k":100,"ix":2},"o":{"a":0,"k":0,"ix":3},"m":1,"ix":2,"nm":"Trim Paths 1","mn":"ADBE Vector Filter - Trim","hd":false},{"ty":"st","c":{"a":0,"k":[0,0.658823349897,1,1],"ix":3},"o":{"a":0,"k":100,"ix":4},"w":{"a":0,"k":4,"ix":5},"lc":1,"lj":1,"ml":4,"bm":0,"d":[{"n":"d","nm":"dash","v":{"a":0,"k":10,"ix":1}},{"n":"o","nm":"offset","v":{"a":1,"k":[{"i":{"x":[0.833],"y":[0.833]},"o":{"x":[0.167],"y":[0.167]},"t":7,"s":[0]},{"t":32.8203125,"s":[-321]}],"ix":7}}],"nm":"Stroke 1","mn":"ADBE Vector Graphic - Stroke","hd":false},{"ty":"tr","p":{"a":0,"k":[0,0],"ix":2},"a":{"a":0,"k":[0,0],"ix":1},"s":{"a":0,"k":[100,100],"ix":3},"r":{"a":0,"k":0,"ix":6},"o":{"a":0,"k":100,"ix":7},"sk":{"a":0,"k":0,"ix":4},"sa":{"a":0,"k":0,"ix":5},"nm":"Transform"}],"nm":"Shape 1","np":4,"cix":2,"bm":0,"ix":1,"mn":"ADBE Vector Group","hd":false}],"ip":7,"op":33,"st":0,"bm":0},{"ddd":0,"ind":21,"ty":3,"nm":"NULL CONTROL 1","parent":1,"sr":1,"ks":{"o":{"a":0,"k":0,"ix":11},"r":{"a":1,"k":[{"i":{"x":[0.9],"y":[1]},"o":{"x":[0.167],"y":[0]},"t":0,"s":[-9]},{"i":{"x":[0.9],"y":[1]},"o":{"x":[0.167],"y":[0]},"t":8.205,"s":[10]},{"i":{"x":[0.9],"y":[1]},"o":{"x":[0.167],"y":[0]},"t":26.257,"s":[10]},{"i":{"x":[0.9],"y":[1]},"o":{"x":[0.167],"y":[0]},"t":32.82,"s":[-9]},{"i":{"x":[0.9],"y":[1]},"o":{"x":[0.167],"y":[0]},"t":49.23,"s":[-9]},{"i":{"x":[0.9],"y":[1]},"o":{"x":[0.167],"y":[0]},"t":57.436,"s":[10]},{"i":{"x":[0.9],"y":[1]},"o":{"x":[0.167],"y":[0]},"t":75.487,"s":[10]},{"i":{"x":[0.9],"y":[1]},"o":{"x":[0.167],"y":[0]},"t":82.052,"s":[-9]},{"i":{"x":[0.9],"y":[1]},"o":{"x":[0.167],"y":[0]},"t":95.18,"s":[-9]},{"i":{"x":[0.9],"y":[1]},"o":{"x":[0.167],"y":[0]},"t":103.385,"s":[10]},{"i":{"x":[0.9],"y":[1]},"o":{"x":[0.167],"y":[0]},"t":121.436,"s":[10]},{"t":128,"s":[-9]}],"ix":10},"p":{"a":0,"k":[-58.62,127.921,0],"ix":2},"a":{"a":0,"k":[50,50,0],"ix":1},"s":{"a":0,"k":[294.118,294.118,100],"ix":6}},"ao":0,"ip":0,"op":163,"st":0,"bm":0},{"ddd":0,"ind":22,"ty":4,"nm":"Layer 18","parent":21,"sr":1,"ks":{"o":{"a":0,"k":100,"ix":11},"r":{"a":0,"k":0,"ix":10},"p":{"a":0,"k":[135.369,-1.12,0],"ix":2},"a":{"a":0,"k":[0,0,0],"ix":1},"s":{"a":0,"k":[34,34,100],"ix":6}},"ao":0,"shapes":[{"ty":"gr","it":[{"ind":0,"ty":"sh","ix":1,"ks":{"a":0,"k":{"i":[[0,0],[0,0],[0.134,-0.317],[0.188,-0.411],[0.207,-0.248],[1.857,0.078],[0.69,0.391],[0.289,0.421],[0.202,2.189],[-0.18,1.249],[-0.284,0.397],[-0.42,0.228],[-0.134,0.024],[-0.684,0.034],[-1.48,-1.436],[-0.252,-2.192]],"o":[[0,0],[-0.052,1.511],[-0.27,0.799],[-0.368,0.613],[-1.227,1.513],[-1.213,-0.138],[-1.18,-0.757],[-1.533,-1.855],[-0.082,-0.81],[0.441,-1.482],[0.875,-1.095],[0.868,-0.445],[0.357,-0.096],[1.803,0.064],[1.651,1.833],[0,0]],"v":[[6.985,-0.427],[7.076,0.705],[6.797,3.447],[6.111,5.263],[5.249,6.553],[0.623,8.707],[-2.232,7.913],[-4.435,6.146],[-7.038,0.08],[-6.89,-3.009],[-5.802,-5.827],[-3.86,-7.812],[-2.357,-8.517],[-0.794,-8.712],[4.13,-6.464],[6.985,-0.427]],"c":false},"ix":2},"nm":"Path 1","mn":"ADBE Vector Shape - Group","hd":false},{"ty":"fl","c":{"a":0,"k":[0.239215686917,0.305882364511,0.321568638086,1],"ix":4},"o":{"a":0,"k":100,"ix":5},"r":1,"bm":0,"nm":"Fill 1","mn":"ADBE Vector Graphic - Fill","hd":false},{"ty":"tr","p":{"a":0,"k":[0,0],"ix":2},"a":{"a":0,"k":[0,0],"ix":1},"s":{"a":0,"k":[100,100],"ix":3},"r":{"a":0,"k":0,"ix":6},"o":{"a":0,"k":100,"ix":7},"sk":{"a":0,"k":0,"ix":4},"sa":{"a":0,"k":0,"ix":5},"nm":"Transform"}],"nm":"Group 1","np":2,"cix":2,"bm":0,"ix":1,"mn":"ADBE Vector Group","hd":false}],"ip":0,"op":150,"st":0,"bm":0},{"ddd":0,"ind":23,"ty":4,"nm":"Layer 17","parent":21,"sr":1,"ks":{"o":{"a":0,"k":100,"ix":11},"r":{"a":0,"k":0,"ix":10},"p":{"a":0,"k":[142.708,4.817,0],"ix":2},"a":{"a":0,"k":[0,0,0],"ix":1},"s":{"a":0,"k":[34,34,100],"ix":6}},"ao":0,"shapes":[{"ty":"gr","it":[{"ind":0,"ty":"sh","ix":1,"ks":{"a":0,"k":{"i":[[0,0],[0,0],[0.156,-0.515],[0.136,-0.273],[0.271,-0.342],[0.528,-0.243],[1.126,0.001],[0.696,0.367],[0.874,0.677],[0.312,0.369],[0.074,0.22],[0.163,0.436],[0.094,0.945],[-0.171,1.021],[-0.297,0.294],[-0.466,0.204],[-0.14,0.016],[-0.513,0.017],[-0.976,-0.222],[-0.367,-0.183],[-0.663,-0.648],[-0.089,-0.229],[-0.195,-0.453],[-0.122,-0.996]],"o":[[0,0],[-0.03,1.313],[-0.322,0.938],[-0.304,0.518],[-0.687,0.787],[-0.743,0.407],[-1.081,-0.109],[-0.209,-0.048],[-0.34,-0.297],[-0.718,-0.993],[-0.221,-0.418],[-0.326,-0.872],[-0.072,-1.039],[0.496,-1.667],[0.868,-1.093],[0.793,-0.406],[0.432,-0.1],[0.216,-0.04],[0.384,0.113],[0.734,0.367],[0.846,1.01],[0.262,0.43],[0.39,0.906],[0,0]],"v":[[6.982,-0.423],[7.073,0.708],[6.794,3.45],[6.108,5.267],[5.246,6.557],[3.424,8.102],[0.62,8.71],[-2.046,7.995],[-3.671,6.907],[-4.648,5.909],[-5.836,4.089],[-6.411,2.808],[-7.041,0.083],[-6.893,-3.006],[-5.702,-5.948],[-3.7,-7.894],[-2.301,-8.526],[-0.883,-8.701],[0.905,-8.427],[2.032,-7.982],[4.127,-6.46],[5.529,-4.601],[6.214,-3.276],[6.982,-0.423]],"c":false},"ix":2},"nm":"Path 1","mn":"ADBE Vector Shape - Group","hd":false},{"ty":"fl","c":{"a":0,"k":[0.239215686917,0.305882364511,0.321568638086,1],"ix":4},"o":{"a":0,"k":100,"ix":5},"r":1,"bm":0,"nm":"Fill 1","mn":"ADBE Vector Graphic - Fill","hd":false},{"ty":"tr","p":{"a":0,"k":[0,0],"ix":2},"a":{"a":0,"k":[0,0],"ix":1},"s":{"a":0,"k":[100,100],"ix":3},"r":{"a":0,"k":0,"ix":6},"o":{"a":0,"k":100,"ix":7},"sk":{"a":0,"k":0,"ix":4},"sa":{"a":0,"k":0,"ix":5},"nm":"Transform"}],"nm":"Group 1","np":2,"cix":2,"bm":0,"ix":1,"mn":"ADBE Vector Group","hd":false}],"ip":0,"op":150,"st":0,"bm":0},{"ddd":0,"ind":24,"ty":4,"nm":"Layer 16","parent":21,"sr":1,"ks":{"o":{"a":0,"k":100,"ix":11},"r":{"a":0,"k":0,"ix":10},"p":{"a":0,"k":[145.816,15.365,0],"ix":2},"a":{"a":0,"k":[0,0,0],"ix":1},"s":{"a":0,"k":[34,34,100],"ix":6}},"ao":0,"shapes":[{"ty":"gr","it":[{"ind":0,"ty":"sh","ix":1,"ks":{"a":0,"k":{"i":[[0,0],[0,0],[0.193,-0.468],[0.109,-0.205],[0.3,-0.36],[0.628,-0.266],[0.365,-0.083],[0.226,0.059],[1.403,1.66],[0.212,2.125],[-0.161,0.789],[-0.386,0.506],[-0.614,0.345],[-0.2,-0.008],[-0.483,0.015],[-1.493,-1.457],[-0.275,-2.242]],"o":[[0,0],[-0.034,1.477],[-0.308,0.89],[-0.343,0.583],[-0.659,0.746],[-0.334,0.156],[-0.94,0.144],[-1.974,-0.191],[-1.383,-1.759],[-0.063,-1.271],[0.408,-1.455],[0.721,-0.953],[0.854,-0.448],[0.341,-0.083],[1.848,0.037],[1.628,1.783],[0,0]],"v":[[6.979,-0.429],[7.07,0.702],[6.73,3.62],[6.106,5.261],[5.142,6.676],[3.211,8.194],[2.162,8.554],[0.413,8.68],[-4.651,5.904],[-7.044,0.078],[-6.896,-3.011],[-5.705,-5.953],[-3.703,-7.899],[-2.122,-8.56],[-0.886,-8.706],[4.124,-6.466],[6.979,-0.429]],"c":false},"ix":2},"nm":"Path 1","mn":"ADBE Vector Shape - Group","hd":false},{"ty":"fl","c":{"a":0,"k":[0.239215686917,0.305882364511,0.321568638086,1],"ix":4},"o":{"a":0,"k":100,"ix":5},"r":1,"bm":0,"nm":"Fill 1","mn":"ADBE Vector Graphic - Fill","hd":false},{"ty":"tr","p":{"a":0,"k":[0,0],"ix":2},"a":{"a":0,"k":[0,0],"ix":1},"s":{"a":0,"k":[100,100],"ix":3},"r":{"a":0,"k":0,"ix":6},"o":{"a":0,"k":100,"ix":7},"sk":{"a":0,"k":0,"ix":4},"sa":{"a":0,"k":0,"ix":5},"nm":"Transform"}],"nm":"Group 1","np":2,"cix":2,"bm":0,"ix":1,"mn":"ADBE Vector Group","hd":false}],"ip":0,"op":150,"st":0,"bm":0},{"ddd":0,"ind":25,"ty":4,"nm":"Layer 15","parent":21,"sr":1,"ks":{"o":{"a":0,"k":100,"ix":11},"r":{"a":0,"k":0,"ix":10},"p":{"a":0,"k":[143.467,24.168,0],"ix":2},"a":{"a":0,"k":[0,0,0],"ix":1},"s":{"a":0,"k":[34,34,100],"ix":6}},"ao":0,"shapes":[{"ty":"gr","it":[{"ind":0,"ty":"sh","ix":1,"ks":{"a":0,"k":{"i":[[0,0],[0,0],[0.219,-0.68],[0.094,-0.134],[0.351,-0.408],[1.855,0.121],[0.173,0.112],[0.354,0.208],[0.569,0.669],[0.634,1.026],[0.175,0.452],[0.116,1.029],[-0.213,0.819],[-0.467,0.596],[-1.776,0.021],[-0.997,-0.213],[-0.373,-0.183],[-0.669,-0.657],[-0.492,-1.194],[-0.131,-0.98]],"o":[[0,0],[-0.007,1.264],[-0.346,1.001],[-0.345,0.587],[-1.22,1.365],[-1.074,-0.182],[-0.389,-0.145],[-0.709,-0.417],[-0.197,-0.168],[-0.233,-0.421],[-0.349,-0.905],[-0.07,-1.429],[0.385,-1.317],[1.274,-1.666],[0.223,-0.045],[0.392,0.111],[0.746,0.367],[0.912,0.966],[0.368,0.885],[0,0]],"v":[[6.979,-0.422],[7.07,0.709],[6.73,3.626],[6.069,5.328],[5.025,6.821],[0.413,8.686],[-1.457,8.245],[-2.572,7.715],[-4.487,6.086],[-5.734,4.295],[-6.346,2.984],[-7.044,0.084],[-6.83,-3.289],[-5.551,-6.159],[-0.975,-8.69],[0.854,-8.436],[2.002,-7.995],[4.124,-6.459],[6.231,-3.219],[6.979,-0.422]],"c":false},"ix":2},"nm":"Path 1","mn":"ADBE Vector Shape - Group","hd":false},{"ty":"fl","c":{"a":0,"k":[0.239215686917,0.305882364511,0.321568638086,1],"ix":4},"o":{"a":0,"k":100,"ix":5},"r":1,"bm":0,"nm":"Fill 1","mn":"ADBE Vector Graphic - Fill","hd":false},{"ty":"tr","p":{"a":0,"k":[0,0],"ix":2},"a":{"a":0,"k":[0,0],"ix":1},"s":{"a":0,"k":[100,100],"ix":3},"r":{"a":0,"k":0,"ix":6},"o":{"a":0,"k":100,"ix":7},"sk":{"a":0,"k":0,"ix":4},"sa":{"a":0,"k":0,"ix":5},"nm":"Transform"}],"nm":"Group 1","np":2,"cix":2,"bm":0,"ix":1,"mn":"ADBE Vector Group","hd":false}],"ip":0,"op":150,"st":0,"bm":0},{"ddd":0,"ind":26,"ty":4,"nm":"Layer 14","parent":21,"sr":1,"ks":{"o":{"a":0,"k":100,"ix":11},"r":{"a":0,"k":0,"ix":10},"p":{"a":0,"k":[135.798,23.392,0],"ix":2},"a":{"a":0,"k":[0,0,0],"ix":1},"s":{"a":0,"k":[34,34,100],"ix":6}},"ao":0,"shapes":[{"ty":"gr","it":[{"ind":0,"ty":"sh","ix":1,"ks":{"a":0,"k":{"i":[[0,0],[0,0],[0.246,-0.895],[0.153,-0.171],[0.289,-0.351],[1.041,-0.523],[0.968,0.042],[1.279,1.506],[0.26,2.315],[-0.192,0.827],[-0.422,1.039],[-0.256,0.372],[-0.177,0.074],[-0.346,0.168],[-0.806,0.019],[-1.505,-1.479],[-0.438,-0.618],[-0.314,-0.671],[-0.185,-1.19]],"o":[[0,0],[0.019,1.049],[-0.366,1.085],[-0.223,0.39],[-0.443,0.603],[-0.728,0.292],[-1.988,-0.228],[-1.444,-1.686],[-0.073,-1.273],[0.007,-0.247],[0.191,-0.404],[0.712,-0.845],[0.318,-0.247],[0.692,-0.336],[1.894,0.008],[0.37,0.405],[0.283,0.466],[0.314,0.674],[0,0]],"v":[[6.98,-0.424],[7.071,0.707],[6.731,3.624],[5.953,5.508],[5.185,6.619],[2.958,8.309],[0.414,8.684],[-4.486,6.083],[-7.043,0.082],[-6.865,-3.068],[-6.22,-4.997],[-5.55,-6.161],[-4.217,-7.539],[-3.222,-8.161],[-0.974,-8.692],[4.125,-6.462],[5.336,-4.927],[6.231,-3.222],[6.98,-0.424]],"c":false},"ix":2},"nm":"Path 1","mn":"ADBE Vector Shape - Group","hd":false},{"ty":"fl","c":{"a":0,"k":[0.239215686917,0.305882364511,0.321568638086,1],"ix":4},"o":{"a":0,"k":100,"ix":5},"r":1,"bm":0,"nm":"Fill 1","mn":"ADBE Vector Graphic - Fill","hd":false},{"ty":"tr","p":{"a":0,"k":[0,0],"ix":2},"a":{"a":0,"k":[0,0],"ix":1},"s":{"a":0,"k":[100,100],"ix":3},"r":{"a":0,"k":0,"ix":6},"o":{"a":0,"k":100,"ix":7},"sk":{"a":0,"k":0,"ix":4},"sa":{"a":0,"k":0,"ix":5},"nm":"Transform"}],"nm":"Group 1","np":2,"cix":2,"bm":0,"ix":1,"mn":"ADBE Vector Group","hd":false}],"ip":0,"op":150,"st":0,"bm":0},{"ddd":0,"ind":27,"ty":4,"nm":"Layer 13","parent":21,"sr":1,"ks":{"o":{"a":0,"k":100,"ix":11},"r":{"a":0,"k":0,"ix":10},"p":{"a":0,"k":[129.722,16.647,0],"ix":2},"a":{"a":0,"k":[0,0,0],"ix":1},"s":{"a":0,"k":[34,34,100],"ix":6}},"ao":0,"shapes":[{"ty":"gr","it":[{"ind":0,"ty":"sh","ix":1,"ks":{"a":0,"k":{"i":[[0,0],[0,0],[1.301,-1.581],[0.313,-0.252],[0.201,-0.017],[0.854,0.05],[0.18,0.123],[0.37,0.229],[0.603,0.747],[0.381,0.879],[0.128,0.458],[-0.022,0.255],[-1.15,1.673],[-1.814,0.042],[-0.793,-0.319],[-0.365,-0.234],[-0.14,-0.221],[-0.276,-0.402],[-0.516,-1.078],[-0.128,-0.984]],"o":[[0,0],[0.044,2.361],[-0.28,0.331],[-0.81,0.56],[-0.723,0.266],[-1.107,-0.183],[-0.404,-0.156],[-0.739,-0.458],[-0.631,-0.802],[-0.19,-0.439],[-0.265,-1.163],[-0.151,-2.33],[1.237,-1.645],[0.916,0.02],[0.396,0.16],[0.887,0.652],[0.337,0.376],[0.176,0.185],[0.371,0.881],[0,0]],"v":[[6.981,-0.427],[7.072,0.705],[5.186,6.617],[4.297,7.492],[2.78,8.358],[0.415,8.682],[-1.516,8.222],[-2.676,7.644],[-4.689,5.838],[-6.207,3.316],[-6.684,1.969],[-7.048,-0.158],[-5.549,-6.163],[-0.973,-8.694],[1.591,-8.185],[2.734,-7.594],[4.275,-6.285],[5.194,-5.118],[6.233,-3.224],[6.981,-0.427]],"c":false},"ix":2},"nm":"Path 1","mn":"ADBE Vector Shape - Group","hd":false},{"ty":"fl","c":{"a":0,"k":[0.239215686917,0.305882364511,0.321568638086,1],"ix":4},"o":{"a":0,"k":100,"ix":5},"r":1,"bm":0,"nm":"Fill 1","mn":"ADBE Vector Graphic - Fill","hd":false},{"ty":"tr","p":{"a":0,"k":[0,0],"ix":2},"a":{"a":0,"k":[0,0],"ix":1},"s":{"a":0,"k":[100,100],"ix":3},"r":{"a":0,"k":0,"ix":6},"o":{"a":0,"k":100,"ix":7},"sk":{"a":0,"k":0,"ix":4},"sa":{"a":0,"k":0,"ix":5},"nm":"Transform"}],"nm":"Group 1","np":2,"cix":2,"bm":0,"ix":1,"mn":"ADBE Vector Group","hd":false}],"ip":0,"op":150,"st":0,"bm":0},{"ddd":0,"ind":28,"ty":4,"nm":"Layer 12","parent":21,"sr":1,"ks":{"o":{"a":0,"k":100,"ix":11},"r":{"a":0,"k":0,"ix":10},"p":{"a":0,"k":[127.106,6.385,0],"ix":2},"a":{"a":0,"k":[0,0,0],"ix":1},"s":{"a":0,"k":[34,34,100],"ix":6}},"ao":0,"shapes":[{"ty":"gr","it":[{"ind":0,"ty":"sh","ix":1,"ks":{"a":0,"k":{"i":[[0,0],[0,0],[0.247,-0.898],[0.188,-0.406],[0.657,-0.889],[1.92,0.113],[1.356,1.681],[0.152,2.192],[-0.251,1.025],[-0.134,0.156],[-0.254,0.327],[-0.675,0.392],[-0.343,0.115],[-0.919,0.08],[-1.437,-1.562],[-0.289,-2.214]],"o":[[0,0],[0.013,1.071],[-0.123,0.449],[-0.054,0.23],[-1.26,1.49],[-2.047,-0.216],[-1.421,-1.805],[-0.077,-1.141],[0.347,-1.12],[0.2,-0.383],[0.524,-0.664],[0.322,-0.186],[0.158,-0.102],[2.062,0.044],[1.515,1.692],[0,0]],"v":[[6.982,-0.427],[7.073,0.704],[6.721,3.657],[6.254,4.939],[5.187,6.617],[0.416,8.682],[-4.688,5.837],[-7.047,-0.158],[-6.785,-3.407],[-6.064,-5.321],[-5.382,-6.385],[-3.584,-7.969],[-2.587,-8.42],[-0.972,-8.694],[4.276,-6.285],[6.982,-0.427]],"c":false},"ix":2},"nm":"Path 1","mn":"ADBE Vector Shape - Group","hd":false},{"ty":"fl","c":{"a":0,"k":[0.239215686917,0.305882364511,0.321568638086,1],"ix":4},"o":{"a":0,"k":100,"ix":5},"r":1,"bm":0,"nm":"Fill 1","mn":"ADBE Vector Graphic - Fill","hd":false},{"ty":"tr","p":{"a":0,"k":[0,0],"ix":2},"a":{"a":0,"k":[0,0],"ix":1},"s":{"a":0,"k":[100,100],"ix":3},"r":{"a":0,"k":0,"ix":6},"o":{"a":0,"k":100,"ix":7},"sk":{"a":0,"k":0,"ix":4},"sa":{"a":0,"k":0,"ix":5},"nm":"Transform"}],"nm":"Group 1","np":2,"cix":2,"bm":0,"ix":1,"mn":"ADBE Vector Group","hd":false}],"ip":0,"op":150,"st":0,"bm":0},{"ddd":0,"ind":29,"ty":4,"nm":"Layer 11","parent":21,"sr":1,"ks":{"o":{"a":0,"k":100,"ix":11},"r":{"a":0,"k":0,"ix":10},"p":{"a":0,"k":[126.597,-2.976,0],"ix":2},"a":{"a":0,"k":[0,0,0],"ix":1},"s":{"a":0,"k":[34,34,100],"ix":6}},"ao":0,"shapes":[{"ty":"gr","it":[{"ind":0,"ty":"sh","ix":1,"ks":{"a":0,"k":{"i":[[0,0],[0,0],[1.285,-1.532],[2.253,0.353],[1.314,2.262],[-0.372,2.598],[-1.505,1.087],[-1.832,-0.453],[-1.158,-1.613],[-0.285,-0.624],[0,0],[-0.101,-0.748]],"o":[[0,0],[0.028,2.41],[-1.418,1.676],[-2.228,-0.499],[-1.248,-2.165],[0.42,-2.232],[1.399,-1],[1.71,0.516],[0.382,0.535],[0,0],[0.237,0.685],[0,0]],"v":[[6.982,-0.426],[7.073,0.705],[5.187,6.618],[-0.32,8.602],[-5.632,4.461],[-6.946,-2.684],[-4.059,-7.662],[0.787,-8.483],[5.088,-5.29],[6.088,-3.551],[6.476,-2.575],[6.982,-0.426]],"c":false},"ix":2},"nm":"Path 1","mn":"ADBE Vector Shape - Group","hd":false},{"ty":"fl","c":{"a":0,"k":[0.239215686917,0.305882364511,0.321568638086,1],"ix":4},"o":{"a":0,"k":100,"ix":5},"r":1,"bm":0,"nm":"Fill 1","mn":"ADBE Vector Graphic - Fill","hd":false},{"ty":"tr","p":{"a":0,"k":[0,0],"ix":2},"a":{"a":0,"k":[0,0],"ix":1},"s":{"a":0,"k":[100,100],"ix":3},"r":{"a":0,"k":0,"ix":6},"o":{"a":0,"k":100,"ix":7},"sk":{"a":0,"k":0,"ix":4},"sa":{"a":0,"k":0,"ix":5},"nm":"Transform"}],"nm":"Group 1","np":2,"cix":2,"bm":0,"ix":1,"mn":"ADBE Vector Group","hd":false}],"ip":0,"op":150,"st":0,"bm":0},{"ddd":0,"ind":30,"ty":4,"nm":"Layer 10","parent":21,"sr":1,"ks":{"o":{"a":0,"k":100,"ix":11},"r":{"a":0,"k":0,"ix":10},"p":{"a":0,"k":[-131.333,-42.147,0],"ix":2},"a":{"a":0,"k":[0,0,0],"ix":1},"s":{"a":0,"k":[34,34,100],"ix":6}},"ao":0,"shapes":[{"ty":"gr","it":[{"ind":0,"ty":"sh","ix":1,"ks":{"a":0,"k":{"i":[[0,0],[0,-63.701],[0,0],[0,0],[-1.356,-0.319],[-0.888,3.777],[0.001,0],[0,0],[-0.733,3.118],[0,0],[0,0],[-0.683,2.906],[-7.031,29.92],[0,0],[-0.627,2.668],[-1.214,5.165],[0,0],[0,0],[0,0],[-0.221,0.938],[0,0],[75.084,20.246]],"o":[[0,63.701],[15.431,2.023],[0,0],[49.401,9.283],[0.888,-3.778],[-0.001,0],[0,0],[0.735,-3.128],[0,0],[0,0],[0.683,-2.906],[7.031,-29.923],[0,0],[0.631,-2.669],[1.214,-5.165],[0,0],[0,0],[0,0],[0.227,-0.944],[0,0],[-100.237,-28.24],[0,0]],"v":[[-167.536,-117.536],[-167.536,73.566],[-142.983,76.775],[51.212,102.018],[133.343,117.536],[136.006,106.203],[136.003,106.202],[136.006,106.203],[138.206,96.839],[128.566,95.023],[138.207,96.838],[140.255,88.122],[161.347,-1.641],[161.344,-1.64],[163.228,-9.645],[166.869,-25.139],[158.192,-26.799],[166.869,-25.14],[166.867,-25.157],[167.536,-27.977],[94.539,-45.13],[-167.536,-117.536]],"c":true},"ix":2},"nm":"Path 1","mn":"ADBE Vector Shape - Group","hd":false},{"ty":"fl","c":{"a":0,"k":[0,0,0,1],"ix":4},"o":{"a":0,"k":100,"ix":5},"r":1,"bm":0,"nm":"Fill 1","mn":"ADBE Vector Graphic - Fill","hd":false},{"ty":"tr","p":{"a":0,"k":[0,0],"ix":2},"a":{"a":0,"k":[0,0],"ix":1},"s":{"a":0,"k":[100,100],"ix":3},"r":{"a":0,"k":0,"ix":6},"o":{"a":0,"k":100,"ix":7},"sk":{"a":0,"k":0,"ix":4},"sa":{"a":0,"k":0,"ix":5},"nm":"Transform"}],"nm":"Group 1","np":2,"cix":2,"bm":0,"ix":1,"mn":"ADBE Vector Group","hd":false}],"ip":0,"op":150,"st":0,"bm":0},{"ddd":0,"ind":31,"ty":4,"nm":"Layer 9","parent":21,"sr":1,"ks":{"o":{"a":0,"k":100,"ix":11},"r":{"a":0,"k":0,"ix":10},"p":{"a":0,"k":[-81.851,-28.75,0],"ix":2},"a":{"a":0,"k":[0,0,0],"ix":1},"s":{"a":0,"k":[34,34,100],"ix":6}},"ao":0,"shapes":[{"ty":"gr","it":[{"ind":0,"ty":"sh","ix":1,"ks":{"a":0,"k":{"i":[[0,0],[0,0],[0,0],[8.437,-44.134],[-19.545,-3.737],[-8.437,44.135]],"o":[[0,0],[0,0],[-8.437,44.134],[19.544,3.737],[8.437,-44.135],[0,0]],"v":[[41.973,-60.598],[12.656,-66.202],[-16.661,-71.806],[-41.973,60.596],[16.661,71.806],[41.973,-60.598]],"c":false},"ix":2},"nm":"Path 1","mn":"ADBE Vector Shape - Group","hd":false},{"ty":"fl","c":{"a":0,"k":[1,1,1,1],"ix":4},"o":{"a":0,"k":100,"ix":5},"r":1,"bm":0,"nm":"Fill 1","mn":"ADBE Vector Graphic - Fill","hd":false},{"ty":"tr","p":{"a":0,"k":[0,0],"ix":2},"a":{"a":0,"k":[0,0],"ix":1},"s":{"a":0,"k":[100,100],"ix":3},"r":{"a":0,"k":0,"ix":6},"o":{"a":0,"k":100,"ix":7},"sk":{"a":0,"k":0,"ix":4},"sa":{"a":0,"k":0,"ix":5},"nm":"Transform"}],"nm":"Group 1","np":2,"cix":2,"bm":0,"ix":1,"mn":"ADBE Vector Group","hd":false}],"ip":0,"op":150,"st":0,"bm":0},{"ddd":0,"ind":32,"ty":4,"nm":"Layer 8","parent":21,"sr":1,"ks":{"o":{"a":0,"k":100,"ix":11},"r":{"a":0,"k":0,"ix":10},"p":{"a":0,"k":[132.891,10.383,0],"ix":2},"a":{"a":0,"k":[0,0,0],"ix":1},"s":{"a":0,"k":[34,34,100],"ix":6}},"ao":0,"shapes":[{"ty":"gr","it":[{"ind":0,"ty":"sh","ix":1,"ks":{"a":0,"k":{"i":[[0,0],[0,0],[-15.474,-9.145],[-12.48,8.169],[-0.621,20.262],[1.108,7.161],[0,0],[3.118,7.491],[15.265,11.539],[13.622,-5.016],[2.505,-18.971],[-9.27,-23.114]],"o":[[0,0],[11.316,21.315],[15.539,9.106],[11.445,-8.909],[0.179,-6.54],[0,0],[-1.768,-7.351],[-9.946,-22.832],[-15.265,-11.539],[-13.138,6.176],[-2.505,18.971],[0,0]],"v":[[-47.217,19.707],[-42.184,30.53],[-1.999,76.22],[40.029,77.625],[58.128,33.869],[56.734,13.317],[54.573,2.463],[47.244,-19.801],[9.428,-71.357],[-33.903,-81.14],[-57.366,-43.421],[-47.217,19.707]],"c":false},"ix":2},"nm":"Path 1","mn":"ADBE Vector Shape - Group","hd":false},{"ty":"fl","c":{"a":0,"k":[0.239215686917,0.388235300779,0.423529416323,1],"ix":4},"o":{"a":0,"k":100,"ix":5},"r":1,"bm":0,"nm":"Fill 1","mn":"ADBE Vector Graphic - Fill","hd":false},{"ty":"tr","p":{"a":0,"k":[0,0],"ix":2},"a":{"a":0,"k":[0,0],"ix":1},"s":{"a":0,"k":[100,100],"ix":3},"r":{"a":0,"k":0,"ix":6},"o":{"a":0,"k":100,"ix":7},"sk":{"a":0,"k":0,"ix":4},"sa":{"a":0,"k":0,"ix":5},"nm":"Transform"}],"nm":"Group 1","np":2,"cix":2,"bm":0,"ix":1,"mn":"ADBE Vector Group","hd":false}],"ip":0,"op":150,"st":0,"bm":0},{"ddd":0,"ind":33,"ty":4,"nm":"Layer 7","parent":21,"sr":1,"ks":{"o":{"a":0,"k":100,"ix":11},"r":{"a":0,"k":0,"ix":10},"p":{"a":0,"k":[122.141,38.712,0],"ix":2},"a":{"a":0,"k":[0,0,0],"ix":1},"s":{"a":0,"k":[34,34,100],"ix":6}},"ao":0,"shapes":[{"ty":"gr","it":[{"ind":0,"ty":"sh","ix":1,"ks":{"a":0,"k":{"i":[[0,0],[0,0],[0,0],[0,0]],"o":[[0,0],[0,0],[0,0],[0,0]],"v":[[0,0],[0,0],[0,0],[0,0]],"c":false},"ix":2},"nm":"Path 1","mn":"ADBE Vector Shape - Group","hd":false},{"ty":"fl","c":{"a":0,"k":[0,0,0,1],"ix":4},"o":{"a":0,"k":100,"ix":5},"r":1,"bm":0,"nm":"Fill 1","mn":"ADBE Vector Graphic - Fill","hd":false},{"ty":"tr","p":{"a":0,"k":[0,0],"ix":2},"a":{"a":0,"k":[0,0],"ix":1},"s":{"a":0,"k":[100,100],"ix":3},"r":{"a":0,"k":0,"ix":6},"o":{"a":0,"k":100,"ix":7},"sk":{"a":0,"k":0,"ix":4},"sa":{"a":0,"k":0,"ix":5},"nm":"Transform"}],"nm":"Group 1","np":2,"cix":2,"bm":0,"ix":1,"mn":"ADBE Vector Group","hd":false}],"ip":0,"op":150,"st":0,"bm":0},{"ddd":0,"ind":34,"ty":4,"nm":"Layer 6","parent":21,"sr":1,"ks":{"o":{"a":0,"k":100,"ix":11},"r":{"a":0,"k":0,"ix":10},"p":{"a":0,"k":[84.031,29.595,0],"ix":2},"a":{"a":0,"k":[0,0,0],"ix":1},"s":{"a":0,"k":[34,34,100],"ix":6}},"ao":0,"shapes":[{"ty":"gr","it":[{"ind":0,"ty":"sh","ix":1,"ks":{"a":0,"k":{"i":[[0,0],[0,0],[0,0],[-3.374,-16.575],[74.888,-29.57],[0,0]],"o":[[0,0],[0,0],[3.374,16.575],[-74.888,29.57],[0,0],[0,0]],"v":[[-87.899,-11.197],[-87.899,-11.197],[102.211,-69.218],[112.332,-19.493],[-112.332,69.218],[-87.899,-11.197]],"c":false},"ix":2},"nm":"Path 1","mn":"ADBE Vector Shape - Group","hd":false},{"ty":"fl","c":{"a":0,"k":[0.239215686917,0.388235300779,0.423529416323,1],"ix":4},"o":{"a":0,"k":100,"ix":5},"r":1,"bm":0,"nm":"Fill 1","mn":"ADBE Vector Graphic - Fill","hd":false},{"ty":"tr","p":{"a":0,"k":[0,0],"ix":2},"a":{"a":0,"k":[0,0],"ix":1},"s":{"a":0,"k":[100,100],"ix":3},"r":{"a":0,"k":0,"ix":6},"o":{"a":0,"k":100,"ix":7},"sk":{"a":0,"k":0,"ix":4},"sa":{"a":0,"k":0,"ix":5},"nm":"Transform"}],"nm":"Group 1","np":2,"cix":2,"bm":0,"ix":1,"mn":"ADBE Vector Group","hd":false}],"ip":0,"op":150,"st":0,"bm":0},{"ddd":0,"ind":35,"ty":4,"nm":"Layer 5","parent":21,"sr":1,"ks":{"o":{"a":0,"k":100,"ix":11},"r":{"a":0,"k":0,"ix":10},"p":{"a":0,"k":[78.725,7.045,0],"ix":2},"a":{"a":0,"k":[0,0,0],"ix":1},"s":{"a":0,"k":[34,34,100],"ix":6}},"ao":0,"shapes":[{"ty":"gr","it":[{"ind":0,"ty":"sh","ix":1,"ks":{"a":0,"k":{"i":[[0,0],[0,0],[0,0],[-9.651,5.56],[38.277,21.735],[0,0]],"o":[[0,0],[0,0],[9.651,-5.56],[-38.277,-21.735],[0,0],[0,0]],"v":[[-65.79,-8.792],[-65.79,-8.792],[36.838,40.943],[65.79,24.263],[-49.04,-40.943],[-65.79,-8.792]],"c":false},"ix":2},"nm":"Path 1","mn":"ADBE Vector Shape - Group","hd":false},{"ty":"fl","c":{"a":0,"k":[0.239215686917,0.388235300779,0.423529416323,1],"ix":4},"o":{"a":0,"k":100,"ix":5},"r":1,"bm":0,"nm":"Fill 1","mn":"ADBE Vector Graphic - Fill","hd":false},{"ty":"tr","p":{"a":0,"k":[0,0],"ix":2},"a":{"a":0,"k":[0,0],"ix":1},"s":{"a":0,"k":[100,100],"ix":3},"r":{"a":0,"k":0,"ix":6},"o":{"a":0,"k":100,"ix":7},"sk":{"a":0,"k":0,"ix":4},"sa":{"a":0,"k":0,"ix":5},"nm":"Transform"}],"nm":"Group 1","np":2,"cix":2,"bm":0,"ix":1,"mn":"ADBE Vector Group","hd":false}],"ip":0,"op":150,"st":0,"bm":0},{"ddd":0,"ind":36,"ty":4,"nm":"Layer 4","parent":21,"sr":1,"ks":{"o":{"a":0,"k":100,"ix":11},"r":{"a":0,"k":0,"ix":10},"p":{"a":0,"k":[25.797,4.558,0],"ix":2},"a":{"a":0,"k":[0,0,0],"ix":1},"s":{"a":0,"k":[34,34,100],"ix":6}},"ao":0,"shapes":[{"ty":"gr","it":[{"ind":0,"ty":"sh","ix":1,"ks":{"a":0,"k":{"i":[[0,0],[0,0],[18.003,9.556],[46.128,11.422],[31.15,0.023],[13.169,-4.635],[2.505,-10.395],[1.192,-17.199],[4.406,-100.594],[-4.682,-5.404],[-21.517,-7.84],[-21.854,1.949],[-16.667,9.735],[-7.305,16.404]],"o":[[0,0],[10.458,-18.729],[-19.046,-11.693],[-44.421,-10.983],[-5.562,-0.747],[-8.748,4.681],[-1.152,1.688],[-1.374,58.079],[5.716,18.552],[9.076,13.212],[25.457,8.64],[27.473,-2.731],[13.312,-7.032],[0,0]],"v":[[86.908,132.123],[136.917,-92.75],[125.599,-135.178],[27.838,-169.851],[-85.518,-186.36],[-113.615,-180.527],[-130.494,-157.914],[-134.01,-129.582],[-142.681,108.427],[-127.084,144.362],[-81.195,175.941],[-10.229,185.977],[55.981,167.277],[86.908,132.123]],"c":false},"ix":2},"nm":"Path 1","mn":"ADBE Vector Shape - Group","hd":false},{"ty":"fl","c":{"a":0,"k":[0.239215686917,0.388235300779,0.423529416323,1],"ix":4},"o":{"a":0,"k":100,"ix":5},"r":1,"bm":0,"nm":"Fill 1","mn":"ADBE Vector Graphic - Fill","hd":false},{"ty":"tr","p":{"a":0,"k":[0,0],"ix":2},"a":{"a":0,"k":[0,0],"ix":1},"s":{"a":0,"k":[100,100],"ix":3},"r":{"a":0,"k":0,"ix":6},"o":{"a":0,"k":100,"ix":7},"sk":{"a":0,"k":0,"ix":4},"sa":{"a":0,"k":0,"ix":5},"nm":"Transform"}],"nm":"Group 1","np":2,"cix":2,"bm":0,"ix":1,"mn":"ADBE Vector Group","hd":false}],"ip":0,"op":150,"st":0,"bm":0},{"ddd":0,"ind":37,"ty":4,"nm":"Layer 3","parent":21,"sr":1,"ks":{"o":{"a":0,"k":100,"ix":11},"r":{"a":0,"k":0,"ix":10},"p":{"a":0,"k":[-55.865,-31.972,0],"ix":2},"a":{"a":0,"k":[0,0,0],"ix":1},"s":{"a":0,"k":[34,34,100],"ix":6}},"ao":0,"shapes":[{"ty":"gr","it":[{"ind":0,"ty":"sh","ix":1,"ks":{"a":0,"k":{"i":[[0,0],[0,0],[-13.522,0.486],[-7.909,2.043],[-2.789,4.092],[-0.889,6.652],[3.886,13.474],[0.069,10.372],[5.892,3.527],[0.399,7.933],[5.098,5.425],[-0.999,4.08],[0.991,4.201],[22.124,4.489],[9.258,-1.934],[6.953,-4.159],[10.907,-20.484],[0,0],[0,0]],"o":[[0,0],[63.502,12.25],[12.523,0.234],[12.201,-3.496],[2.534,-2.024],[0.756,-3.706],[3.617,-1.798],[0.028,-6.743],[5.843,-6.126],[-0.031,-5.502],[2.415,-0.294],[1.282,-4.848],[-2.915,-12.112],[-9.16,-1.64],[-8.522,1.897],[-11.684,5.709],[0,0],[0,0],[0,0]],"v":[[-93.399,65.096],[-81.031,67.426],[34.505,85.072],[65.152,82.358],[87.637,70.976],[92.77,57.962],[88.075,32.193],[93.398,13.938],[84.602,-1.466],[92.767,-22.554],[85.073,-38.944],[90.194,-45.505],[90.631,-59.078],[53.073,-83.979],[25.445,-83.538],[2.232,-74.454],[-31.655,-35.163],[-74.939,-29.791],[-93.399,65.096]],"c":false},"ix":2},"nm":"Path 1","mn":"ADBE Vector Shape - Group","hd":false},{"ty":"fl","c":{"a":0,"k":[1,0.72549021244,0.584313750267,1],"ix":4},"o":{"a":0,"k":100,"ix":5},"r":1,"bm":0,"nm":"Fill 1","mn":"ADBE Vector Graphic - Fill","hd":false},{"ty":"tr","p":{"a":0,"k":[0,0],"ix":2},"a":{"a":0,"k":[0,0],"ix":1},"s":{"a":0,"k":[100,100],"ix":3},"r":{"a":0,"k":0,"ix":6},"o":{"a":0,"k":100,"ix":7},"sk":{"a":0,"k":0,"ix":4},"sa":{"a":0,"k":0,"ix":5},"nm":"Transform"}],"nm":"Group 1","np":2,"cix":2,"bm":0,"ix":1,"mn":"ADBE Vector Group","hd":false}],"ip":0,"op":150,"st":0,"bm":0},{"ddd":0,"ind":38,"ty":4,"nm":"Layer 2","parent":21,"sr":1,"ks":{"o":{"a":0,"k":100,"ix":11},"r":{"a":0,"k":0,"ix":10},"p":{"a":0,"k":[-23.5,-15.815,0],"ix":2},"a":{"a":0,"k":[0,0,0],"ix":1},"s":{"a":0,"k":[34,34,100],"ix":6}},"ao":0,"shapes":[{"ty":"gr","it":[{"ind":0,"ty":"sh","ix":1,"ks":{"a":0,"k":{"i":[[-1.53,-9.183],[0,0],[0,0],[7.338,-2.952],[4.464,6.529],[0,0],[25.54,8.155],[0,0],[7.943,-1.517],[0,0],[-1.008,-20.151],[0,0],[-47.395,-78.823],[7.978,-4.797],[4.797,7.978],[0,0],[2.507,50.127],[0,0],[-28.636,5.468],[0,0],[-13.29,-4.243],[0,0],[-21.788,-31.865],[0,0],[0,0],[-9.183,1.531]],"o":[[0,0],[0,0],[1.3,7.802],[-7.338,2.952],[0,0],[-24.104,-35.252],[0,0],[-8.247,-2.633],[0,0],[-14.653,2.798],[0,0],[1.966,39.318],[4.797,7.978],[-7.978,4.797],[0,0],[-44.562,-74.111],[0,0],[-1.971,-39.405],[0,0],[13.781,-2.631],[0,0],[38.911,12.425],[0,0],[0,0],[-1.53,-9.183],[9.183,-1.531]],"v":[[91.475,-46.239],[91.475,-46.239],[91.475,-46.238],[81.139,-27.829],[60.934,-33.953],[60.934,-33.953],[-8.395,-104.815],[-8.395,-104.815],[-33.542,-106.52],[-33.542,-106.52],[-57.927,-74.304],[-57.927,-74.303],[33.877,115.51],[28.117,138.642],[4.986,132.882],[4.986,132.882],[-91.597,-72.62],[-91.597,-72.62],[-39.865,-139.633],[-39.865,-139.633],[1.859,-136.929],[1.859,-136.929],[88.762,-52.981],[58.222,-40.696],[58.221,-40.697],[72.077,-60.095]],"c":true},"ix":2},"nm":"Path 1","mn":"ADBE Vector Shape - Group","hd":false},{"ty":"fl","c":{"a":0,"k":[0.239215686917,0.388235300779,0.423529416323,1],"ix":4},"o":{"a":0,"k":100,"ix":5},"r":1,"bm":0,"nm":"Fill 1","mn":"ADBE Vector Graphic - Fill","hd":false},{"ty":"tr","p":{"a":0,"k":[0,0],"ix":2},"a":{"a":0,"k":[0,0],"ix":1},"s":{"a":0,"k":[100,100],"ix":3},"r":{"a":0,"k":0,"ix":6},"o":{"a":0,"k":100,"ix":7},"sk":{"a":0,"k":0,"ix":4},"sa":{"a":0,"k":0,"ix":5},"nm":"Transform"}],"nm":"Group 1","np":2,"cix":2,"bm":0,"ix":1,"mn":"ADBE Vector Group","hd":false}],"ip":0,"op":150,"st":0,"bm":0},{"ddd":0,"ind":39,"ty":4,"nm":"Layer 1","parent":1,"sr":1,"ks":{"o":{"a":0,"k":100,"ix":11},"r":{"a":0,"k":0,"ix":10},"p":{"a":0,"k":[474.713,398.941,0],"ix":2},"a":{"a":0,"k":[0,0,0],"ix":1},"s":{"a":0,"k":[100,100,100],"ix":6}},"ao":0,"shapes":[{"ty":"gr","it":[{"ind":0,"ty":"sh","ix":1,"ks":{"a":0,"k":{"i":[[0,0],[0,0],[0,0],[0,0],[-71.821,0],[0,0],[-6.281,42.473]],"o":[[0,0],[0,0],[0,0],[71.821,0],[0,0],[6.281,-42.474],[0,0]],"v":[[128.73,-63.711],[-128.745,-61.7],[-116.254,5.902],[-105.573,63.71],[109.889,63.71],[109.903,63.711],[128.745,-63.711]],"c":true},"ix":2},"nm":"Path 1","mn":"ADBE Vector Shape - Group","hd":false},{"ty":"fl","c":{"a":0,"k":[0.874509811401,0.392156869173,0.270588248968,1],"ix":4},"o":{"a":0,"k":100,"ix":5},"r":1,"bm":0,"nm":"Fill 1","mn":"ADBE Vector Graphic - Fill","hd":false},{"ty":"tr","p":{"a":0,"k":[0,0],"ix":2},"a":{"a":0,"k":[0,0],"ix":1},"s":{"a":0,"k":[100,100],"ix":3},"r":{"a":0,"k":0,"ix":6},"o":{"a":0,"k":100,"ix":7},"sk":{"a":0,"k":0,"ix":4},"sa":{"a":0,"k":0,"ix":5},"nm":"Transform"}],"nm":"Group 1","np":2,"cix":2,"bm":0,"ix":1,"mn":"ADBE Vector Group","hd":false}],"ip":0,"op":150,"st":0,"bm":0}],"markers":[]}