{"v":"5.7.8","fr":60,"ip":0,"op":132,"w":1920,"h":1080,"nm":"PLANT FOR CLASS","ddd":0,"assets":[],"layers":[{"ddd":0,"ind":1,"ty":4,"nm":"topper Outlines","sr":1,"ks":{"o":{"a":0,"k":100,"ix":11},"r":{"a":1,"k":[{"i":{"x":[0.667],"y":[1]},"o":{"x":[0.333],"y":[0]},"t":4.801,"s":[0]},{"i":{"x":[0.667],"y":[1]},"o":{"x":[0.333],"y":[0]},"t":16.801,"s":[-18]},{"i":{"x":[0.667],"y":[1]},"o":{"x":[0.333],"y":[0]},"t":40.801,"s":[-2]},{"i":{"x":[0.667],"y":[1]},"o":{"x":[0.333],"y":[0]},"t":64.801,"s":[7]},{"i":{"x":[0.667],"y":[1]},"o":{"x":[0.333],"y":[0]},"t":88.801,"s":[-11]},{"t":124.80078125,"s":[8]}],"ix":10},"p":{"a":0,"k":[887.443,252.213,0],"ix":2,"l":2},"a":{"a":0,"k":[71.816,131.406,0],"ix":1,"l":2},"s":{"a":0,"k":[100,100,100],"ix":6,"l":2}},"ao":0,"shapes":[{"ty":"gr","it":[{"ind":0,"ty":"sh","ix":1,"ks":{"a":0,"k":{"i":[[0,0],[-13.841,15.925],[0.303,13.793],[17.285,10.642],[0,0],[-0.293,-14.399],[0.212,-0.506],[0,0],[0,0],[-7.717,-7.701]],"o":[[-8.249,-8.232],[0.66,-1.688],[-0.435,-19.809],[0,0],[22.721,13.987],[0.316,15.511],[0,0],[0,0],[-12.533,14.158],[0,0]],"v":[[7.403,63.87],[7.165,11.298],[11.693,-15.426],[-15.01,-61.316],[-13.438,-63.87],[14.695,-15.384],[9.846,12.672],[9.75,12.901],[9.586,13.087],[9.521,61.747]],"c":true},"ix":2},"nm":"Path 1","mn":"ADBE Vector Shape - Group","hd":false},{"ty":"fl","c":{"a":0,"k":[0.122000002394,0.340999977261,0.231000010173,1],"ix":4},"o":{"a":0,"k":100,"ix":5},"r":1,"bm":0,"nm":"Fill 1","mn":"ADBE Vector Graphic - Fill","hd":false},{"ty":"tr","p":{"a":0,"k":[67.416,72.942],"ix":2},"a":{"a":0,"k":[0,0],"ix":1},"s":{"a":0,"k":[100,100],"ix":3},"r":{"a":0,"k":0,"ix":6},"o":{"a":0,"k":100,"ix":7},"sk":{"a":0,"k":0,"ix":4},"sa":{"a":0,"k":0,"ix":5},"nm":"Transform"}],"nm":"Group 1","np":2,"cix":2,"bm":0,"ix":1,"mn":"ADBE Vector Group","hd":false},{"ty":"gr","it":[{"ind":0,"ty":"sh","ix":1,"ks":{"a":0,"k":{"i":[[-5.767,-0.721],[-2.884,7.929],[18.02,26.67],[5.767,-4.325],[-18.741,-13.074]],"o":[[10.241,1.28],[2.883,-18.021],[-18.021,-26.67],[27.392,12.975],[18.741,13.073]],"v":[[21.625,40.006],[52.621,35.681],[32.438,-14.056],[-55.504,-39.285],[-11.533,8.191]],"c":true},"ix":2},"nm":"Path 1","mn":"ADBE Vector Shape - Group","hd":false},{"ty":"fl","c":{"a":0,"k":[0.475,0.709999952129,0.263000009574,1],"ix":4},"o":{"a":0,"k":100,"ix":5},"r":1,"bm":0,"nm":"Fill 1","mn":"ADBE Vector Graphic - Fill","hd":false},{"ty":"tr","p":{"a":0,"k":[55.753,43.86],"ix":2},"a":{"a":0,"k":[0,0],"ix":1},"s":{"a":0,"k":[100,100],"ix":3},"r":{"a":0,"k":0,"ix":6},"o":{"a":0,"k":100,"ix":7},"sk":{"a":0,"k":0,"ix":4},"sa":{"a":0,"k":0,"ix":5},"nm":"Transform"}],"nm":"Group 2","np":2,"cix":2,"bm":0,"ix":2,"mn":"ADBE Vector Group","hd":false}],"ip":0,"op":600,"st":0,"bm":0},{"ddd":0,"ind":2,"ty":4,"nm":"mid 2 Outlines","sr":1,"ks":{"o":{"a":0,"k":100,"ix":11},"r":{"a":1,"k":[{"i":{"x":[0.667],"y":[1]},"o":{"x":[0.333],"y":[0]},"t":4.801,"s":[0]},{"i":{"x":[0.667],"y":[1]},"o":{"x":[0.333],"y":[0]},"t":28.801,"s":[12]},{"i":{"x":[0.667],"y":[1]},"o":{"x":[0.333],"y":[0]},"t":40.801,"s":[9.5]},{"i":{"x":[0.667],"y":[1]},"o":{"x":[0.333],"y":[0]},"t":52.801,"s":[-11]},{"i":{"x":[0.667],"y":[1]},"o":{"x":[0.333],"y":[0]},"t":76.801,"s":[14]},{"i":{"x":[0.667],"y":[1]},"o":{"x":[0.333],"y":[0]},"t":100.801,"s":[-6]},{"t":124.80078125,"s":[12]}],"ix":10},"p":{"a":0,"k":[944.271,484.809,0],"ix":2,"l":2},"a":{"a":0,"k":[0.923,174.786,0],"ix":1,"l":2},"s":{"a":0,"k":[100,100,100],"ix":6,"l":2}},"ao":0,"shapes":[{"ty":"gr","it":[{"ind":0,"ty":"sh","ix":1,"ks":{"a":0,"k":{"i":[[0,0],[3.414,17.397],[9.065,6.571],[0,0],[-2.816,-14.351],[-19.533,-16.771]],"o":[[-20.322,-17.448],[-2.695,-13.73],[0,0],[10.022,7.264],[3.498,17.825],[0,0]],"v":[[20.059,45.541],[-7.927,-10.955],[-22.013,-43.113],[-20.253,-45.541],[-4.982,-11.533],[22.013,43.266]],"c":true},"ix":2},"nm":"Path 1","mn":"ADBE Vector Shape - Group","hd":false},{"ty":"fl","c":{"a":0,"k":[0.122000002394,0.340999977261,0.231000010173,1],"ix":4},"o":{"a":0,"k":100,"ix":5},"r":1,"bm":0,"nm":"Fill 1","mn":"ADBE Vector Graphic - Fill","hd":false},{"ty":"tr","p":{"a":0,"k":[126.319,85.235],"ix":2},"a":{"a":0,"k":[0,0],"ix":1},"s":{"a":0,"k":[100,100],"ix":3},"r":{"a":0,"k":0,"ix":6},"o":{"a":0,"k":100,"ix":7},"sk":{"a":0,"k":0,"ix":4},"sa":{"a":0,"k":0,"ix":5},"nm":"Transform"}],"nm":"Group 1","np":2,"cix":2,"bm":0,"ix":1,"mn":"ADBE Vector Group","hd":false},{"ty":"gr","it":[{"ind":0,"ty":"sh","ix":1,"ks":{"a":0,"k":{"i":[[12.079,-0.577],[0,0],[-8.26,2.071],[-14.204,-0.904],[0,0],[9.93,-2.49]],"o":[[0,0],[11.783,-0.563],[10.163,-2.547],[0,0],[-13.734,-0.876],[-8.403,2.106]],"v":[[-31.132,6.363],[-31.276,3.367],[-2.691,-1.408],[31.276,-5.46],[31.086,-2.465],[-1.961,1.503]],"c":true},"ix":2},"nm":"Path 1","mn":"ADBE Vector Shape - Group","hd":false},{"ty":"fl","c":{"a":0,"k":[0.122000002394,0.340999977261,0.231000010173,1],"ix":4},"o":{"a":0,"k":100,"ix":5},"r":1,"bm":0,"nm":"Fill 1","mn":"ADBE Vector Graphic - Fill","hd":false},{"ty":"tr","p":{"a":0,"k":[144.488,37.371],"ix":2},"a":{"a":0,"k":[0,0],"ix":1},"s":{"a":0,"k":[100,100],"ix":3},"r":{"a":0,"k":0,"ix":6},"o":{"a":0,"k":100,"ix":7},"sk":{"a":0,"k":0,"ix":4},"sa":{"a":0,"k":0,"ix":5},"nm":"Transform"}],"nm":"Group 2","np":2,"cix":2,"bm":0,"ix":2,"mn":"ADBE Vector Group","hd":false},{"ty":"gr","it":[{"ind":0,"ty":"sh","ix":1,"ks":{"a":0,"k":{"i":[[0,0],[3.499,13.833],[9.095,10.156],[0,0],[-2.815,-11.128],[-15.224,-13.16]],"o":[[-15.938,-13.777],[-2.851,-11.273],[0,0],[9.589,10.706],[3.385,13.382],[0,0]],"v":[[17.867,37.995],[-5.189,-3.919],[-19.828,-35.993],[-17.594,-37.995],[-2.281,-4.654],[19.828,35.726]],"c":true},"ix":2},"nm":"Path 1","mn":"ADBE Vector Shape - Group","hd":false},{"ty":"fl","c":{"a":0,"k":[0.122000002394,0.340999977261,0.231000010173,1],"ix":4},"o":{"a":0,"k":100,"ix":5},"r":1,"bm":0,"nm":"Fill 1","mn":"ADBE Vector Graphic - Fill","hd":false},{"ty":"tr","p":{"a":0,"k":[175.601,95.54],"ix":2},"a":{"a":0,"k":[0,0],"ix":1},"s":{"a":0,"k":[100,100],"ix":3},"r":{"a":0,"k":0,"ix":6},"o":{"a":0,"k":100,"ix":7},"sk":{"a":0,"k":0,"ix":4},"sa":{"a":0,"k":0,"ix":5},"nm":"Transform"}],"nm":"Group 3","np":2,"cix":2,"bm":0,"ix":3,"mn":"ADBE Vector Group","hd":false},{"ty":"gr","it":[{"ind":0,"ty":"sh","ix":1,"ks":{"a":0,"k":{"i":[[0.271,-0.041],[0,0],[-19.171,-2.885],[0,0]],"o":[[0,0],[1.123,-0.171],[0,0],[-18.722,-2.817]],"v":[[-23.006,3.556],[-23.456,0.591],[23.456,-0.671],[23.009,2.296]],"c":true},"ix":2},"nm":"Path 1","mn":"ADBE Vector Shape - Group","hd":false},{"ty":"fl","c":{"a":0,"k":[0.122000002394,0.340999977261,0.231000010173,1],"ix":4},"o":{"a":0,"k":100,"ix":5},"r":1,"bm":0,"nm":"Fill 1","mn":"ADBE Vector Graphic - Fill","hd":false},{"ty":"tr","p":{"a":0,"k":[199.03,66.234],"ix":2},"a":{"a":0,"k":[0,0],"ix":1},"s":{"a":0,"k":[100,100],"ix":3},"r":{"a":0,"k":0,"ix":6},"o":{"a":0,"k":100,"ix":7},"sk":{"a":0,"k":0,"ix":4},"sa":{"a":0,"k":0,"ix":5},"nm":"Transform"}],"nm":"Group 4","np":2,"cix":2,"bm":0,"ix":4,"mn":"ADBE Vector Group","hd":false},{"ty":"gr","it":[{"ind":0,"ty":"sh","ix":1,"ks":{"a":0,"k":{"i":[[0,0],[0.169,0.043],[0,0],[-12.174,-9.693]],"o":[[-11.68,-9.3],[0,0],[0.714,0.185],[0,0]],"v":[[13.408,8.339],[-15.276,-5.435],[-14.524,-8.339],[15.276,5.992]],"c":true},"ix":2},"nm":"Path 1","mn":"ADBE Vector Shape - Group","hd":false},{"ty":"fl","c":{"a":0,"k":[0.122000002394,0.340999977261,0.231000010173,1],"ix":4},"o":{"a":0,"k":100,"ix":5},"r":1,"bm":0,"nm":"Fill 1","mn":"ADBE Vector Graphic - Fill","hd":false},{"ty":"tr","p":{"a":0,"k":[245.873,107.449],"ix":2},"a":{"a":0,"k":[0,0],"ix":1},"s":{"a":0,"k":[100,100],"ix":3},"r":{"a":0,"k":0,"ix":6},"o":{"a":0,"k":100,"ix":7},"sk":{"a":0,"k":0,"ix":4},"sa":{"a":0,"k":0,"ix":5},"nm":"Transform"}],"nm":"Group 5","np":2,"cix":2,"bm":0,"ix":5,"mn":"ADBE Vector Group","hd":false},{"ty":"gr","it":[{"ind":0,"ty":"sh","ix":1,"ks":{"a":0,"k":{"i":[[0,0],[2.315,8.303],[5.969,5.375],[0,0],[-2.374,-8.517],[-7.033,-10.515]],"o":[[-7.3,-10.914],[-2.341,-8.399],[0,0],[6.618,5.959],[2.255,8.086],[0,0]],"v":[[9.952,25.632],[-2.286,-2.994],[-12.446,-23.402],[-10.439,-25.632],[0.603,-3.801],[12.446,23.965]],"c":true},"ix":2},"nm":"Path 1","mn":"ADBE Vector Shape - Group","hd":false},{"ty":"fl","c":{"a":0,"k":[0.122000002394,0.340999977261,0.231000010173,1],"ix":4},"o":{"a":0,"k":100,"ix":5},"r":1,"bm":0,"nm":"Fill 1","mn":"ADBE Vector Graphic - Fill","hd":false},{"ty":"tr","p":{"a":0,"k":[222.384,111.447],"ix":2},"a":{"a":0,"k":[0,0],"ix":1},"s":{"a":0,"k":[100,100],"ix":3},"r":{"a":0,"k":0,"ix":6},"o":{"a":0,"k":100,"ix":7},"sk":{"a":0,"k":0,"ix":4},"sa":{"a":0,"k":0,"ix":5},"nm":"Transform"}],"nm":"Group 6","np":2,"cix":2,"bm":0,"ix":6,"mn":"ADBE Vector Group","hd":false},{"ty":"gr","it":[{"ind":0,"ty":"sh","ix":1,"ks":{"a":0,"k":{"i":[[3.367,-76.091],[0,0],[-0.269,0.365],[0,0],[0,0],[-5.199,2.639],[-5.604,-0.43],[-31.68,-16.444],[-6.758,-3.354],[-8.186,-34.974],[0,0],[44.082,21.878],[5.818,3.02],[41.17,-6.052],[0,0],[0,0],[9.777,-4.963],[7.956,-3.626]],"o":[[0,0],[3.583,-80.975],[0,0],[0,0],[8.07,-3.668],[10.491,-5.326],[42.006,-6.14],[5.806,3.013],[44.902,22.287],[0,0],[-7.914,-33.817],[-6.782,-3.368],[-32.246,-16.738],[0,0],[0,0],[-4.799,-0.429],[-5.144,2.612],[-2.528,3.67]],"v":[[-130.09,71.222],[-131.588,71.156],[-101.021,-47.165],[-100.789,-47.477],[-100.436,-47.638],[-80.698,-57.23],[-58.775,-65.082],[34.048,-44.846],[52.615,-35.362],[131.589,40.606],[128.667,41.289],[51.282,-32.674],[32.666,-42.184],[-58.51,-62.089],[-58.686,-62.062],[-58.863,-62.079],[-79.341,-54.555],[-98.823,-45.076]],"c":true},"ix":2},"nm":"Path 1","mn":"ADBE Vector Shape - Group","hd":false},{"ty":"fl","c":{"a":0,"k":[0.122000002394,0.340999977261,0.231000010173,1],"ix":4},"o":{"a":0,"k":100,"ix":5},"r":1,"bm":0,"nm":"Fill 1","mn":"ADBE Vector Graphic - Fill","hd":false},{"ty":"tr","p":{"a":0,"k":[131.838,106.351],"ix":2},"a":{"a":0,"k":[0,0],"ix":1},"s":{"a":0,"k":[100,100],"ix":3},"r":{"a":0,"k":0,"ix":6},"o":{"a":0,"k":100,"ix":7},"sk":{"a":0,"k":0,"ix":4},"sa":{"a":0,"k":0,"ix":5},"nm":"Transform"}],"nm":"Group 7","np":2,"cix":2,"bm":0,"ix":7,"mn":"ADBE Vector Group","hd":false},{"ty":"gr","it":[{"ind":0,"ty":"sh","ix":1,"ks":{"a":0,"k":{"i":[[0,0],[19.771,36.641],[33.879,10.09],[18.02,-42.529],[-44.691,-15.858],[-14.417,-3.605],[-21.625,-5.045]],"o":[[0,-33.879],[-16.275,-30.162],[-33.878,-10.092],[-33.879,19.462],[44.692,15.858],[14.416,3.604],[21.624,5.046]],"v":[[109.686,88.661],[96.162,4.085],[2.282,-69.198],[-82.053,-46.133],[-35.201,41.808],[61.391,55.504],[85.178,68.478]],"c":true},"ix":2},"nm":"Path 1","mn":"ADBE Vector Shape - Group","hd":false},{"ty":"fl","c":{"a":0,"k":[0.475,0.709999952129,0.263000009574,1],"ix":4},"o":{"a":0,"k":100,"ix":5},"r":1,"bm":0,"nm":"Fill 1","mn":"ADBE Vector Graphic - Fill","hd":false},{"ty":"tr","p":{"a":0,"k":[155.164,88.911],"ix":2},"a":{"a":0,"k":[0,0],"ix":1},"s":{"a":0,"k":[100,100],"ix":3},"r":{"a":0,"k":0,"ix":6},"o":{"a":0,"k":100,"ix":7},"sk":{"a":0,"k":0,"ix":4},"sa":{"a":0,"k":0,"ix":5},"nm":"Transform"}],"nm":"Group 8","np":2,"cix":2,"bm":0,"ix":8,"mn":"ADBE Vector Group","hd":false}],"ip":0,"op":600,"st":0,"bm":0},{"ddd":0,"ind":3,"ty":4,"nm":"separate biggest Outlines","sr":1,"ks":{"o":{"a":0,"k":100,"ix":11},"r":{"a":1,"k":[{"i":{"x":[0.667],"y":[1]},"o":{"x":[0.333],"y":[0]},"t":4.801,"s":[0]},{"i":{"x":[0.667],"y":[1]},"o":{"x":[0.333],"y":[0]},"t":16.801,"s":[13]},{"i":{"x":[0.667],"y":[1]},"o":{"x":[0.333],"y":[0]},"t":28.801,"s":[0]},{"i":{"x":[0.667],"y":[1]},"o":{"x":[0.333],"y":[0]},"t":52.801,"s":[-13]},{"t":64.80078125,"s":[-2]}],"ix":10},"p":{"a":0,"k":[957.98,733.356,0],"ix":2,"l":2},"a":{"a":0,"k":[12.92,190.726,0],"ix":1,"l":2},"s":{"a":0,"k":[100,100,100],"ix":6,"l":2}},"ao":0,"shapes":[{"ty":"gr","it":[{"ind":0,"ty":"sh","ix":1,"ks":{"a":0,"k":{"i":[[0,0],[2.786,1.829],[4.961,5.743],[0,0],[-6.358,-4.175],[-3.013,-2.191]],"o":[[-2.954,-2.149],[-6.274,-4.119],[0,0],[4.689,5.426],[2.816,1.849],[0,0]],"v":[[12.007,10.792],[3.387,4.922],[-13.773,-8.831],[-11.504,-10.792],[5.033,2.414],[13.773,8.366]],"c":true},"ix":2},"nm":"Path 1","mn":"ADBE Vector Shape - Group","hd":false},{"ty":"fl","c":{"a":0,"k":[0.122000002394,0.340999977261,0.231000010173,1],"ix":4},"o":{"a":0,"k":100,"ix":5},"r":1,"bm":0,"nm":"Fill 1","mn":"ADBE Vector Graphic - Fill","hd":false},{"ty":"tr","p":{"a":0,"k":[242.077,155.59],"ix":2},"a":{"a":0,"k":[0,0],"ix":1},"s":{"a":0,"k":[100,100],"ix":3},"r":{"a":0,"k":0,"ix":6},"o":{"a":0,"k":100,"ix":7},"sk":{"a":0,"k":0,"ix":4},"sa":{"a":0,"k":0,"ix":5},"nm":"Transform"}],"nm":"Group 1","np":2,"cix":2,"bm":0,"ix":1,"mn":"ADBE Vector Group","hd":false},{"ty":"gr","it":[{"ind":0,"ty":"sh","ix":1,"ks":{"a":0,"k":{"i":[[10.413,-12.282],[0,0],[0.617,14.08],[-0.552,3.583],[0,0],[-0.252,-5.744]],"o":[[0,0],[9.654,-11.386],[-0.258,-5.904],[0,0],[-0.506,3.29],[0.638,14.576]],"v":[[-4.062,30.636],[-6.351,28.697],[1.842,-16.053],[1.913,-30.636],[4.877,-30.179],[4.839,-16.183]],"c":true},"ix":2},"nm":"Path 1","mn":"ADBE Vector Shape - Group","hd":false},{"ty":"fl","c":{"a":0,"k":[0.122000002394,0.340999977261,0.231000010173,1],"ix":4},"o":{"a":0,"k":100,"ix":5},"r":1,"bm":0,"nm":"Fill 1","mn":"ADBE Vector Graphic - Fill","hd":false},{"ty":"tr","p":{"a":0,"k":[215.723,151.149],"ix":2},"a":{"a":0,"k":[0,0],"ix":1},"s":{"a":0,"k":[100,100],"ix":3},"r":{"a":0,"k":0,"ix":6},"o":{"a":0,"k":100,"ix":7},"sk":{"a":0,"k":0,"ix":4},"sa":{"a":0,"k":0,"ix":5},"nm":"Transform"}],"nm":"Group 2","np":2,"cix":2,"bm":0,"ix":2,"mn":"ADBE Vector Group","hd":false},{"ty":"gr","it":[{"ind":0,"ty":"sh","ix":1,"ks":{"a":0,"k":{"i":[[0,0],[17.398,3.867],[8.784,5.678],[0,0],[-9.656,-2.147],[-15.711,-26.186]],"o":[[-15.048,-25.079],[-9.926,-2.207],[0,0],[8.331,5.386],[18.016,4.005],[0,0]],"v":[[37.975,22.717],[-12.46,-10.228],[-40.546,-20.197],[-38.918,-22.717],[-11.809,-13.157],[40.547,21.174]],"c":true},"ix":2},"nm":"Path 1","mn":"ADBE Vector Shape - Group","hd":false},{"ty":"fl","c":{"a":0,"k":[0.122000002394,0.340999977261,0.231000010173,1],"ix":4},"o":{"a":0,"k":100,"ix":5},"r":1,"bm":0,"nm":"Fill 1","mn":"ADBE Vector Graphic - Fill","hd":false},{"ty":"tr","p":{"a":0,"k":[245.5,105.89],"ix":2},"a":{"a":0,"k":[0,0],"ix":1},"s":{"a":0,"k":[100,100],"ix":3},"r":{"a":0,"k":0,"ix":6},"o":{"a":0,"k":100,"ix":7},"sk":{"a":0,"k":0,"ix":4},"sa":{"a":0,"k":0,"ix":5},"nm":"Transform"}],"nm":"Group 3","np":2,"cix":2,"bm":0,"ix":3,"mn":"ADBE Vector Group","hd":false},{"ty":"gr","it":[{"ind":0,"ty":"sh","ix":1,"ks":{"a":0,"k":{"i":[[5.861,0],[1.879,0.563],[0,0],[-9.922,2.911],[-32.187,-14.513],[0,0],[18.406,-5.402]],"o":[[-2.073,0],[0,0],[6.339,1.904],[17.883,-5.248],[0,0],[-31.172,-14.055],[-7.377,2.166]],"v":[[-42.672,9.632],[-48.599,8.826],[-47.737,5.951],[-23.641,2.641],[48.599,4.881],[47.366,7.616],[-22.797,5.519]],"c":true},"ix":2},"nm":"Path 1","mn":"ADBE Vector Shape - Group","hd":false},{"ty":"fl","c":{"a":0,"k":[0.122000002394,0.340999977261,0.231000010173,1],"ix":4},"o":{"a":0,"k":100,"ix":5},"r":1,"bm":0,"nm":"Fill 1","mn":"ADBE Vector Graphic - Fill","hd":false},{"ty":"tr","p":{"a":0,"k":[222.775,36.91],"ix":2},"a":{"a":0,"k":[0,0],"ix":1},"s":{"a":0,"k":[100,100],"ix":3},"r":{"a":0,"k":0,"ix":6},"o":{"a":0,"k":100,"ix":7},"sk":{"a":0,"k":0,"ix":4},"sa":{"a":0,"k":0,"ix":5},"nm":"Transform"}],"nm":"Group 4","np":2,"cix":2,"bm":0,"ix":4,"mn":"ADBE Vector Group","hd":false},{"ty":"gr","it":[{"ind":0,"ty":"sh","ix":1,"ks":{"a":0,"k":{"i":[[0,0],[-16.756,6.486],[-0.015,0.102],[0,0],[15.534,-6.014],[-2.059,-45.281]],"o":[[-2.146,-47.214],[13.921,-5.389],[0,0],[-0.072,0.488],[-15.892,6.152],[0,0]],"v":[[-26.52,41.727],[10.118,-26.055],[25.699,-41.727],[28.667,-41.292],[11.201,-23.257],[-23.523,41.59]],"c":true},"ix":2},"nm":"Path 1","mn":"ADBE Vector Shape - Group","hd":false},{"ty":"fl","c":{"a":0,"k":[0.122000002394,0.340999977261,0.231000010173,1],"ix":4},"o":{"a":0,"k":100,"ix":5},"r":1,"bm":0,"nm":"Fill 1","mn":"ADBE Vector Graphic - Fill","hd":false},{"ty":"tr","p":{"a":0,"k":[124.171,69.958],"ix":2},"a":{"a":0,"k":[0,0],"ix":1},"s":{"a":0,"k":[100,100],"ix":3},"r":{"a":0,"k":0,"ix":6},"o":{"a":0,"k":100,"ix":7},"sk":{"a":0,"k":0,"ix":4},"sa":{"a":0,"k":0,"ix":5},"nm":"Transform"}],"nm":"Group 5","np":2,"cix":2,"bm":0,"ix":5,"mn":"ADBE Vector Group","hd":false},{"ty":"gr","it":[{"ind":0,"ty":"sh","ix":1,"ks":{"a":0,"k":{"i":[[0,0],[-7.951,13.896],[2.683,15.062],[0,0],[9.378,-16.388],[-1.058,-10.375]],"o":[[-1.157,-11.333],[9.113,-15.923],[0,0],[2.873,16.135],[-7.706,13.465],[0,0]],"v":[[-17.413,43.165],[-3.108,4.813],[12.745,-42.638],[15.698,-43.165],[-0.504,6.303],[-14.43,42.861]],"c":true},"ix":2},"nm":"Path 1","mn":"ADBE Vector Shape - Group","hd":false},{"ty":"fl","c":{"a":0,"k":[0.122000002394,0.340999977261,0.231000010173,1],"ix":4},"o":{"a":0,"k":100,"ix":5},"r":1,"bm":0,"nm":"Fill 1","mn":"ADBE Vector Graphic - Fill","hd":false},{"ty":"tr","p":{"a":0,"k":[180.786,109.811],"ix":2},"a":{"a":0,"k":[0,0],"ix":1},"s":{"a":0,"k":[100,100],"ix":3},"r":{"a":0,"k":0,"ix":6},"o":{"a":0,"k":100,"ix":7},"sk":{"a":0,"k":0,"ix":4},"sa":{"a":0,"k":0,"ix":5},"nm":"Transform"}],"nm":"Group 6","np":2,"cix":2,"bm":0,"ix":6,"mn":"ADBE Vector Group","hd":false},{"ty":"gr","it":[{"ind":0,"ty":"sh","ix":1,"ks":{"a":0,"k":{"i":[[0,0],[-1.914,25.751],[-24.088,28.168],[-17.624,4.88],[-16.061,-6.553],[-9.534,-32.616],[-5.505,-12.759],[-8.032,-22.605],[0,0],[5.125,11.88],[4.805,16.438],[28.416,11.593],[46.473,-54.346],[-0.152,-0.757]],"o":[[-0.039,-0.193],[1.768,-23.801],[21.835,-25.534],[15.97,-4.421],[29.181,11.905],[4.753,16.262],[4.889,11.333],[0,0],[-7.999,-22.511],[-5.546,-12.853],[-9.302,-31.824],[-28.473,-11.618],[-45.124,52.765],[0,0]],"v":[[-112.33,92.003],[-114.279,46.65],[-81.258,-39.606],[-23.421,-84.184],[22.579,-78.594],[90.488,-0.498],[105.095,38.601],[124.101,86.641],[121.274,87.645],[102.341,39.789],[87.609,0.344],[21.446,-75.816],[-78.977,-37.656],[-109.389,91.411]],"c":true},"ix":2},"nm":"Path 1","mn":"ADBE Vector Shape - Group","hd":false},{"ty":"fl","c":{"a":0,"k":[0.122000002394,0.340999977261,0.231000010173,1],"ix":4},"o":{"a":0,"k":100,"ix":5},"r":1,"bm":0,"nm":"Fill 1","mn":"ADBE Vector Graphic - Fill","hd":false},{"ty":"tr","p":{"a":0,"k":[124.351,103.405],"ix":2},"a":{"a":0,"k":[0,0],"ix":1},"s":{"a":0,"k":[100,100],"ix":3},"r":{"a":0,"k":0,"ix":6},"o":{"a":0,"k":100,"ix":7},"sk":{"a":0,"k":0,"ix":4},"sa":{"a":0,"k":0,"ix":5},"nm":"Transform"}],"nm":"Group 7","np":2,"cix":2,"bm":0,"ix":7,"mn":"ADBE Vector Group","hd":false},{"ty":"gr","it":[{"ind":0,"ty":"sh","ix":1,"ks":{"a":0,"k":{"i":[[0,0],[-36.041,-18.741],[-3.604,-21.159],[10.092,-19.462],[3.604,-6.487],[20.904,17.3],[27.79,13.264],[4.685,26.813],[-23.787,7.208]],"o":[[11.533,-25.229],[36.041,18.741],[3.604,21.157],[-10.091,19.462],[-29.553,-6.487],[-20.903,-17.3],[-31.717,-15.137],[-4.077,-23.334],[23.788,-7.208]],"v":[[-36.165,-79.652],[59.704,-86.859],[115.208,-13.589],[88.537,50.818],[73.4,105.6],[14.292,71.721],[-60.312,32.797],[-114.735,-27.534],[-83.019,-81.092]],"c":true},"ix":2},"nm":"Path 1","mn":"ADBE Vector Shape - Group","hd":false},{"ty":"fl","c":{"a":0,"k":[0.475,0.709999952129,0.263000009574,1],"ix":4},"o":{"a":0,"k":100,"ix":5},"r":1,"bm":0,"nm":"Fill 1","mn":"ADBE Vector Graphic - Fill","hd":false},{"ty":"tr","p":{"a":0,"k":[182.529,105.851],"ix":2},"a":{"a":0,"k":[0,0],"ix":1},"s":{"a":0,"k":[100,100],"ix":3},"r":{"a":0,"k":0,"ix":6},"o":{"a":0,"k":100,"ix":7},"sk":{"a":0,"k":0,"ix":4},"sa":{"a":0,"k":0,"ix":5},"nm":"Transform"}],"nm":"Group 8","np":2,"cix":2,"bm":0,"ix":8,"mn":"ADBE Vector Group","hd":false}],"ip":0,"op":600,"st":0,"bm":0},{"ddd":0,"ind":4,"ty":4,"nm":"2nd from top Outlines","sr":1,"ks":{"o":{"a":0,"k":100,"ix":11},"r":{"a":1,"k":[{"i":{"x":[0.667],"y":[1]},"o":{"x":[0.333],"y":[0]},"t":4.801,"s":[0]},{"i":{"x":[0.667],"y":[1]},"o":{"x":[0.333],"y":[0]},"t":16.801,"s":[15]},{"i":{"x":[0.667],"y":[1]},"o":{"x":[0.333],"y":[0]},"t":28.801,"s":[6]},{"i":{"x":[0.667],"y":[1]},"o":{"x":[0.333],"y":[0]},"t":52.801,"s":[-9]},{"i":{"x":[0.667],"y":[1]},"o":{"x":[0.333],"y":[0]},"t":76.801,"s":[6]},{"i":{"x":[0.667],"y":[1]},"o":{"x":[0.333],"y":[0]},"t":88.801,"s":[-3]},{"t":112.80078125,"s":[8]}],"ix":10},"p":{"a":0,"k":[912.427,282.736,0],"ix":2,"l":2},"a":{"a":0,"k":[230.814,17.205,0],"ix":1,"l":2},"s":{"a":0,"k":[100,100,100],"ix":6,"l":2}},"ao":0,"shapes":[{"ty":"gr","it":[{"ind":0,"ty":"sh","ix":1,"ks":{"a":0,"k":{"i":[[8.537,-17.076],[0,0],[-12.281,12.18],[-7.788,10.98],[-32.418,-6.385],[-15.209,1.986],[-8.947,-7.497],[0,0],[14.407,-1.882],[6.647,-9.433],[0,0],[0,0],[17.797,-25.099],[8.624,-8.554]],"o":[[0,0],[8.758,-17.516],[8.533,-8.464],[18.178,-25.638],[7.243,-9.683],[15.442,-2.016],[0,0],[-8.191,-6.864],[-14.794,1.931],[0,0],[0,0],[-31.417,-6.77],[-7.938,11.193],[-12.101,12.001]],"v":[[-107.553,66.363],[-110.237,65.022],[-77.597,23.822],[-52.453,-4.374],[36.065,-46.018],[71.286,-64.348],[110.237,-55.594],[108.31,-53.294],[71.674,-61.372],[37.937,-43.489],[37.366,-42.677],[36.395,-42.887],[-50.005,-2.639],[-75.485,25.952]],"c":true},"ix":2},"nm":"Path 1","mn":"ADBE Vector Shape - Group","hd":false},{"ty":"fl","c":{"a":0,"k":[0.122000002394,0.340999977261,0.231000010173,1],"ix":4},"o":{"a":0,"k":100,"ix":5},"r":1,"bm":0,"nm":"Fill 1","mn":"ADBE Vector Graphic - Fill","hd":false},{"ty":"tr","p":{"a":0,"k":[121.641,71.595],"ix":2},"a":{"a":0,"k":[0,0],"ix":1},"s":{"a":0,"k":[100,100],"ix":3},"r":{"a":0,"k":0,"ix":6},"o":{"a":0,"k":100,"ix":7},"sk":{"a":0,"k":0,"ix":4},"sa":{"a":0,"k":0,"ix":5},"nm":"Transform"}],"nm":"Group 1","np":2,"cix":2,"bm":0,"ix":1,"mn":"ADBE Vector Group","hd":false},{"ty":"gr","it":[{"ind":0,"ty":"sh","ix":1,"ks":{"a":0,"k":{"i":[[21.332,10.832],[23.066,-21.145],[7.208,-16.339],[-2.884,-37.003],[-22.105,15.857],[-22.105,16.819]],"o":[[-20.168,-28.668],[-23.066,21.143],[-7.209,16.339],[12.494,-31.717],[22.105,-15.859],[22.105,-16.82]],"v":[[66.971,-53.787],[-33.158,-49.696],[-66.796,8.45],[-88.901,82.455],[-25.949,25.27],[69.68,-3.563]],"c":true},"ix":2},"nm":"Path 1","mn":"ADBE Vector Shape - Group","hd":false},{"ty":"fl","c":{"a":0,"k":[0.475,0.709999952129,0.263000009574,1],"ix":4},"o":{"a":0,"k":100,"ix":5},"r":1,"bm":0,"nm":"Fill 1","mn":"ADBE Vector Graphic - Fill","hd":false},{"ty":"tr","p":{"a":0,"k":[92.035,82.705],"ix":2},"a":{"a":0,"k":[0,0],"ix":1},"s":{"a":0,"k":[100,100],"ix":3},"r":{"a":0,"k":0,"ix":6},"o":{"a":0,"k":100,"ix":7},"sk":{"a":0,"k":0,"ix":4},"sa":{"a":0,"k":0,"ix":5},"nm":"Transform"}],"nm":"Group 2","np":2,"cix":2,"bm":0,"ix":2,"mn":"ADBE Vector Group","hd":false}],"ip":0,"op":600,"st":0,"bm":0},{"ddd":0,"ind":5,"ty":4,"nm":"biggest leave Outlines","sr":1,"ks":{"o":{"a":0,"k":100,"ix":11},"r":{"a":1,"k":[{"i":{"x":[0.667],"y":[1]},"o":{"x":[0.333],"y":[0]},"t":4.801,"s":[0]},{"i":{"x":[0.667],"y":[1]},"o":{"x":[0.333],"y":[0]},"t":28.801,"s":[-5]},{"i":{"x":[0.667],"y":[1]},"o":{"x":[0.333],"y":[0]},"t":52.801,"s":[-2]},{"t":76.80078125,"s":[-6]}],"ix":10},"p":{"a":0,"k":[950.992,732.887,0],"ix":2,"l":2},"a":{"a":0,"k":[421.723,580.223,0],"ix":1,"l":2},"s":{"a":0,"k":[100,100,100],"ix":6,"l":2}},"ao":0,"shapes":[{"ty":"gr","it":[{"ind":0,"ty":"sh","ix":1,"ks":{"a":0,"k":{"i":[[6.183,66.587],[-0.159,19.056],[4.839,40.709],[58.07,27.106],[0,0],[70.887,-2.104],[15.71,2.42],[25.873,-5.88],[0,0],[-18.551,-2.858],[-33.772,1],[-51.6,-27.669],[0,0],[-8.572,-72.128],[0.194,-23.303],[-2.868,-30.89],[0.02,-1.441],[0,0]],"o":[[-2.854,-30.738],[0.186,-22.37],[-8.701,-73.21],[0,0],[-52.15,-27.964],[-33.496,0.997],[-18.88,-2.907],[0,0],[25.317,-5.754],[15.83,2.439],[70.264,-2.094],[0,0],[57.125,26.61],[4.818,40.52],[-0.16,19.129],[6.169,66.428],[0,0],[0.02,-1.443]],"v":[[191.555,65.994],[189.024,-3.504],[184.566,-89.715],[88.011,-234.776],[88.03,-234.811],[-70.585,-268.147],[-139.343,-272.585],[-197.737,-271.715],[-197.072,-268.788],[-139.801,-269.619],[-70.495,-265.148],[86.61,-232.169],[86.59,-232.13],[181.585,-89.361],[186.024,-3.528],[188.567,66.272],[192.886,277.555],[195.886,277.595]],"c":true},"ix":2},"nm":"Path 1","mn":"ADBE Vector Shape - Group","hd":false},{"ty":"fl","c":{"a":0,"k":[0.122000002394,0.340999977261,0.231000010173,1],"ix":4},"o":{"a":0,"k":100,"ix":5},"r":1,"bm":0,"nm":"Fill 1","mn":"ADBE Vector Graphic - Fill","hd":false},{"ty":"tr","p":{"a":0,"k":[227.208,305.101],"ix":2},"a":{"a":0,"k":[0,0],"ix":1},"s":{"a":0,"k":[100,100],"ix":3},"r":{"a":0,"k":0,"ix":6},"o":{"a":0,"k":100,"ix":7},"sk":{"a":0,"k":0,"ix":4},"sa":{"a":0,"k":0,"ix":5},"nm":"Transform"}],"nm":"Group 1","np":2,"cix":2,"bm":0,"ix":1,"mn":"ADBE Vector Group","hd":false},{"ty":"gr","it":[{"ind":0,"ty":"sh","ix":1,"ks":{"a":0,"k":{"i":[[-21.625,-0.721],[46.133,15.858],[17.299,-2.163],[23.066,-4.325],[12.254,0],[-35.32,-0.721],[-28.833,7.208]],"o":[[-20.184,-15.858],[-46.133,-15.858],[-17.3,2.162],[-23.066,4.325],[71.361,38.203],[35.321,0.721],[28.832,-7.208]],"v":[[157.14,17.66],[80.732,-37.843],[-29.553,-50.097],[-95.149,-34.239],[-157.139,-21.264],[-23.787,34.96],[56.945,46.493]],"c":true},"ix":2},"nm":"Path 1","mn":"ADBE Vector Shape - Group","hd":false},{"ty":"fl","c":{"a":0,"k":[0.475,0.709999952129,0.263000009574,1],"ix":4},"o":{"a":0,"k":100,"ix":5},"r":1,"bm":0,"nm":"Fill 1","mn":"ADBE Vector Graphic - Fill","hd":false},{"ty":"tr","p":{"a":0,"k":[157.389,53.951],"ix":2},"a":{"a":0,"k":[0,0],"ix":1},"s":{"a":0,"k":[100,100],"ix":3},"r":{"a":0,"k":0,"ix":6},"o":{"a":0,"k":100,"ix":7},"sk":{"a":0,"k":0,"ix":4},"sa":{"a":0,"k":0,"ix":5},"nm":"Transform"}],"nm":"Group 2","np":2,"cix":2,"bm":0,"ix":2,"mn":"ADBE Vector Group","hd":false}],"ip":0,"op":600,"st":0,"bm":0},{"ddd":0,"ind":6,"ty":4,"nm":"mid 1 Outlines","sr":1,"ks":{"o":{"a":0,"k":100,"ix":11},"r":{"a":1,"k":[{"i":{"x":[0.667],"y":[1]},"o":{"x":[0.333],"y":[0]},"t":4.801,"s":[0]},{"i":{"x":[0.667],"y":[1]},"o":{"x":[0.333],"y":[0]},"t":28.801,"s":[2]},{"i":{"x":[0.667],"y":[1]},"o":{"x":[0.333],"y":[0]},"t":52.801,"s":[16]},{"i":{"x":[0.667],"y":[1]},"o":{"x":[0.333],"y":[0]},"t":76.801,"s":[-3]},{"t":88.80078125,"s":[7]}],"ix":10},"p":{"a":0,"k":[949.087,567.92,0],"ix":2,"l":2},"a":{"a":0,"k":[282.479,87.868,0],"ix":1,"l":2},"s":{"a":0,"k":[100,100,100],"ix":6,"l":2}},"ao":0,"shapes":[{"ty":"gr","it":[{"ind":0,"ty":"sh","ix":1,"ks":{"a":0,"k":{"i":[[22.78,-12.385],[0,0],[-18.031,-0.437],[-5.45,1.275],[0,0],[8.923,0.217]],"o":[[0,0],[23.484,-12.766],[8.718,0.21],[0,0],[-5.822,1.363],[-18.678,-0.449]],"v":[[-42.861,7.701],[-44.294,5.065],[21.915,-6.669],[43.611,-7.552],[44.294,-4.631],[21.843,-3.671]],"c":true},"ix":2},"nm":"Path 1","mn":"ADBE Vector Shape - Group","hd":false},{"ty":"fl","c":{"a":0,"k":[0.122000002394,0.340999977261,0.231000010173,1],"ix":4},"o":{"a":0,"k":100,"ix":5},"r":1,"bm":0,"nm":"Fill 1","mn":"ADBE Vector Graphic - Fill","hd":false},{"ty":"tr","p":{"a":0,"k":[76.264,36.983],"ix":2},"a":{"a":0,"k":[0,0],"ix":1},"s":{"a":0,"k":[100,100],"ix":3},"r":{"a":0,"k":0,"ix":6},"o":{"a":0,"k":100,"ix":7},"sk":{"a":0,"k":0,"ix":4},"sa":{"a":0,"k":0,"ix":5},"nm":"Transform"}],"nm":"Group 1","np":2,"cix":2,"bm":0,"ix":1,"mn":"ADBE Vector Group","hd":false},{"ty":"gr","it":[{"ind":0,"ty":"sh","ix":1,"ks":{"a":0,"k":{"i":[[2.671,-14.998],[0,0],[1.748,15.511],[-0.638,12.595],[-3.909,1.159],[0,0],[1.401,-27.689],[-1.333,-11.826]],"o":[[0,0],[2.595,-14.57],[-1.346,-11.946],[1.49,-29.451],[0,0],[-3.479,1.032],[-0.626,12.353],[1.773,15.735]],"v":[[-4.4,61.557],[-7.353,61.033],[-8.159,16.302],[-10.258,-20.594],[10.042,-61.557],[10.896,-58.681],[-7.261,-20.443],[-5.176,15.965]],"c":true},"ix":2},"nm":"Path 1","mn":"ADBE Vector Shape - Group","hd":false},{"ty":"fl","c":{"a":0,"k":[0.122000002394,0.340999977261,0.231000010173,1],"ix":4},"o":{"a":0,"k":100,"ix":5},"r":1,"bm":0,"nm":"Fill 1","mn":"ADBE Vector Graphic - Fill","hd":false},{"ty":"tr","p":{"a":0,"k":[153.895,71.814],"ix":2},"a":{"a":0,"k":[0,0],"ix":1},"s":{"a":0,"k":[100,100],"ix":3},"r":{"a":0,"k":0,"ix":6},"o":{"a":0,"k":100,"ix":7},"sk":{"a":0,"k":0,"ix":4},"sa":{"a":0,"k":0,"ix":5},"nm":"Transform"}],"nm":"Group 2","np":2,"cix":2,"bm":0,"ix":2,"mn":"ADBE Vector Group","hd":false},{"ty":"gr","it":[{"ind":0,"ty":"sh","ix":1,"ks":{"a":0,"k":{"i":[[14.533,-14.522],[0,0],[-16.992,6.513],[-6.956,5.238],[0,0],[11.014,-4.223]],"o":[[0,0],[14.984,-14.975],[10.812,-4.145],[0,0],[-7.293,5.492],[-16.713,6.406]],"v":[[-38.39,22.144],[-40.51,20.023],[10.726,-8.848],[38.706,-22.144],[40.51,-19.748],[11.8,-6.046]],"c":true},"ix":2},"nm":"Path 1","mn":"ADBE Vector Shape - Group","hd":false},{"ty":"fl","c":{"a":0,"k":[0.122000002394,0.340999977261,0.231000010173,1],"ix":4},"o":{"a":0,"k":100,"ix":5},"r":1,"bm":0,"nm":"Fill 1","mn":"ADBE Vector Graphic - Fill","hd":false},{"ty":"tr","p":{"a":0,"k":[49.791,77.425],"ix":2},"a":{"a":0,"k":[0,0],"ix":1},"s":{"a":0,"k":[100,100],"ix":3},"r":{"a":0,"k":0,"ix":6},"o":{"a":0,"k":100,"ix":7},"sk":{"a":0,"k":0,"ix":4},"sa":{"a":0,"k":0,"ix":5},"nm":"Transform"}],"nm":"Group 3","np":2,"cix":2,"bm":0,"ix":3,"mn":"ADBE Vector Group","hd":false},{"ty":"gr","it":[{"ind":0,"ty":"sh","ix":1,"ks":{"a":0,"k":{"i":[[1.237,-11.133],[0,0],[2.877,9.24],[-1.934,13.729],[0.284,6.628],[-1.831,6.636],[0,0],[-0.267,-6.209],[1.872,-13.29],[-3.102,-9.964]],"o":[[0,0],[1.168,-10.508],[-3.201,-10.279],[1.834,-13.018],[-0.278,-6.472],[0,0],[-1.705,6.181],[0.29,6.75],[-1.838,13.062],[2.842,9.127]],"v":[[6.342,54.779],[3.361,54.448],[-1.066,25.973],[-5.645,-8.665],[-4.451,-36.559],[-3.118,-54.779],[-0.225,-53.981],[-1.454,-36.688],[-2.675,-8.247],[1.798,25.083]],"c":true},"ix":2},"nm":"Path 1","mn":"ADBE Vector Shape - Group","hd":false},{"ty":"fl","c":{"a":0,"k":[0.122000002394,0.340999977261,0.231000010173,1],"ix":4},"o":{"a":0,"k":100,"ix":5},"r":1,"bm":0,"nm":"Fill 1","mn":"ADBE Vector Graphic - Fill","hd":false},{"ty":"tr","p":{"a":0,"k":[77.572,127.15],"ix":2},"a":{"a":0,"k":[0,0],"ix":1},"s":{"a":0,"k":[100,100],"ix":3},"r":{"a":0,"k":0,"ix":6},"o":{"a":0,"k":100,"ix":7},"sk":{"a":0,"k":0,"ix":4},"sa":{"a":0,"k":0,"ix":5},"nm":"Transform"}],"nm":"Group 4","np":2,"cix":2,"bm":0,"ix":4,"mn":"ADBE Vector Group","hd":false},{"ty":"gr","it":[{"ind":0,"ty":"sh","ix":1,"ks":{"a":0,"k":{"i":[[19.975,-8.291],[0,0],[-6.186,11.782],[0,0]],"o":[[0,0],[18.972,-7.875],[0,0],[-6.337,12.069]],"v":[[-20.001,25.008],[-21.151,22.238],[18.495,-25.008],[21.151,-23.613]],"c":true},"ix":2},"nm":"Path 1","mn":"ADBE Vector Shape - Group","hd":false},{"ty":"fl","c":{"a":0,"k":[0.122000002394,0.340999977261,0.231000010173,1],"ix":4},"o":{"a":0,"k":100,"ix":5},"r":1,"bm":0,"nm":"Fill 1","mn":"ADBE Vector Graphic - Fill","hd":false},{"ty":"tr","p":{"a":0,"k":[35.242,149.492],"ix":2},"a":{"a":0,"k":[0,0],"ix":1},"s":{"a":0,"k":[100,100],"ix":3},"r":{"a":0,"k":0,"ix":6},"o":{"a":0,"k":100,"ix":7},"sk":{"a":0,"k":0,"ix":4},"sa":{"a":0,"k":0,"ix":5},"nm":"Transform"}],"nm":"Group 5","np":2,"cix":2,"bm":0,"ix":5,"mn":"ADBE Vector Group","hd":false},{"ty":"gr","it":[{"ind":0,"ty":"sh","ix":1,"ks":{"a":0,"k":{"i":[[0,0],[0.957,3.205],[-0.69,9.149],[0,0],[-1.634,-5.474],[-0.285,-3.564]],"o":[[-0.26,-3.247],[-1.632,-5.467],[0,0],[-0.647,8.597],[1.003,3.36],[0,0]],"v":[[1.306,15.146],[-0.814,5.669],[-3.606,-15.146],[-0.615,-14.921],[2.061,4.811],[4.296,14.909]],"c":true},"ix":2},"nm":"Path 1","mn":"ADBE Vector Shape - Group","hd":false},{"ty":"fl","c":{"a":0,"k":[0.122000002394,0.340999977261,0.231000010173,1],"ix":4},"o":{"a":0,"k":100,"ix":5},"r":1,"bm":0,"nm":"Fill 1","mn":"ADBE Vector Graphic - Fill","hd":false},{"ty":"tr","p":{"a":0,"k":[50.429,215.393],"ix":2},"a":{"a":0,"k":[0,0],"ix":1},"s":{"a":0,"k":[100,100],"ix":3},"r":{"a":0,"k":0,"ix":6},"o":{"a":0,"k":100,"ix":7},"sk":{"a":0,"k":0,"ix":4},"sa":{"a":0,"k":0,"ix":5},"nm":"Transform"}],"nm":"Group 6","np":2,"cix":2,"bm":0,"ix":6,"mn":"ADBE Vector Group","hd":false},{"ty":"gr","it":[{"ind":0,"ty":"sh","ix":1,"ks":{"a":0,"k":{"i":[[5.371,-21.077],[0,0],[1.459,24.078],[-24.738,28.239],[-38.424,11.846],[-25.684,-15.679],[-7.53,-42.441],[0,0],[17.167,10.48],[16.808,-5.183],[24.185,-27.61],[-1.421,-23.471]],"o":[[0,0],[5.321,-20.883],[-1.448,-23.901],[24.605,-28.089],[17.45,-5.378],[17.692,10.801],[0,0],[-7.336,-41.341],[-24.886,-15.191],[-37.817,11.658],[-24.205,27.631],[1.486,24.498]],"v":[[-120.821,123.269],[-123.729,122.529],[-112.96,47.02],[-79.433,-64.479],[4.869,-117.891],[77.107,-106.001],[123.729,-30.749],[122.049,-30.451],[75.544,-103.441],[5.753,-115.024],[-77.176,-62.503],[-109.966,46.838]],"c":true},"ix":2},"nm":"Path 1","mn":"ADBE Vector Shape - Group","hd":false},{"ty":"fl","c":{"a":0,"k":[0.122000002394,0.340999977261,0.231000010173,1],"ix":4},"o":{"a":0,"k":100,"ix":5},"r":1,"bm":0,"nm":"Fill 1","mn":"ADBE Vector Graphic - Fill","hd":false},{"ty":"tr","p":{"a":0,"k":[160.729,127.627],"ix":2},"a":{"a":0,"k":[0,0],"ix":1},"s":{"a":0,"k":[100,100],"ix":3},"r":{"a":0,"k":0,"ix":6},"o":{"a":0,"k":100,"ix":7},"sk":{"a":0,"k":0,"ix":4},"sa":{"a":0,"k":0,"ix":5},"nm":"Transform"}],"nm":"Group 7","np":2,"cix":2,"bm":0,"ix":7,"mn":"ADBE Vector Group","hd":false},{"ty":"gr","it":[{"ind":0,"ty":"sh","ix":1,"ks":{"a":0,"k":{"i":[[-10.813,-9.371],[18.741,-39.462],[25.228,-14.416],[10.092,-28.112],[-2.163,-11.533],[2.884,16.58],[-3.603,23.79],[-18.02,19.463],[-22.345,0.346]],"o":[[55.504,11.533],[-18.742,39.461],[-25.23,14.417],[-10.091,28.113],[-20.184,-21.624],[-2.883,-16.579],[3.605,-23.79],[18.021,-19.461],[22.345,-0.347]],"v":[[51.539,-129.575],[95.509,-46.015],[18.381,7.862],[-52.26,84.99],[-75.326,140.493],[-95.51,63.365],[-110.648,-26.734],[-76.047,-108.01],[-6.367,-140.146]],"c":true},"ix":2},"nm":"Path 1","mn":"ADBE Vector Shape - Group","hd":false},{"ty":"fl","c":{"a":0,"k":[0.475,0.709999952129,0.263000009574,1],"ix":4},"o":{"a":0,"k":100,"ix":5},"r":1,"bm":0,"nm":"Fill 1","mn":"ADBE Vector Graphic - Fill","hd":false},{"ty":"tr","p":{"a":0,"k":[114.501,140.744],"ix":2},"a":{"a":0,"k":[0,0],"ix":1},"s":{"a":0,"k":[100,100],"ix":3},"r":{"a":0,"k":0,"ix":6},"o":{"a":0,"k":100,"ix":7},"sk":{"a":0,"k":0,"ix":4},"sa":{"a":0,"k":0,"ix":5},"nm":"Transform"}],"nm":"Group 8","np":2,"cix":2,"bm":0,"ix":8,"mn":"ADBE Vector Group","hd":false}],"ip":0,"op":600,"st":0,"bm":0},{"ddd":0,"ind":7,"ty":4,"nm":"small leave 2 Outlines","sr":1,"ks":{"o":{"a":0,"k":100,"ix":11},"r":{"a":1,"k":[{"i":{"x":[0.667],"y":[1]},"o":{"x":[0.333],"y":[0]},"t":4.801,"s":[0]},{"i":{"x":[0.667],"y":[1]},"o":{"x":[0.333],"y":[0]},"t":28.801,"s":[19]},{"i":{"x":[0.667],"y":[1]},"o":{"x":[0.333],"y":[0]},"t":40.801,"s":[-7]},{"i":{"x":[0.667],"y":[1]},"o":{"x":[0.333],"y":[0]},"t":52.801,"s":[11]},{"i":{"x":[0.667],"y":[1]},"o":{"x":[0.333],"y":[0]},"t":76.801,"s":[-5]},{"t":88.80078125,"s":[12]}],"ix":10},"p":{"a":0,"k":[942.618,732.643,0],"ix":2,"l":2},"a":{"a":0,"k":[123.196,72.759,0],"ix":1,"l":2},"s":{"a":0,"k":[100,100,100],"ix":6,"l":2}},"ao":0,"shapes":[{"ty":"gr","it":[{"ind":0,"ty":"sh","ix":1,"ks":{"a":0,"k":{"i":[[0,0],[-0.237,0.609],[0,0],[-0.575,-2.428]],"o":[[-0.893,-3.768],[0,0],[-0.546,1.418],[0,0]],"v":[[-1.644,4.915],[-0.26,-4.915],[2.537,-3.835],[1.274,4.225]],"c":true},"ix":2},"nm":"Path 1","mn":"ADBE Vector Shape - Group","hd":false},{"ty":"fl","c":{"a":0,"k":[0.122000002394,0.340999977261,0.231000010173,1],"ix":4},"o":{"a":0,"k":100,"ix":5},"r":1,"bm":0,"nm":"Fill 1","mn":"ADBE Vector Graphic - Fill","hd":false},{"ty":"tr","p":{"a":0,"k":[10.436,41.963],"ix":2},"a":{"a":0,"k":[0,0],"ix":1},"s":{"a":0,"k":[100,100],"ix":3},"r":{"a":0,"k":0,"ix":6},"o":{"a":0,"k":100,"ix":7},"sk":{"a":0,"k":0,"ix":4},"sa":{"a":0,"k":0,"ix":5},"nm":"Transform"}],"nm":"Group 1","np":2,"cix":2,"bm":0,"ix":1,"mn":"ADBE Vector Group","hd":false},{"ty":"gr","it":[{"ind":0,"ty":"sh","ix":1,"ks":{"a":0,"k":{"i":[[0.148,-1.603],[0,0],[-1.652,2.215],[-0.139,4.657],[0,0],[2.266,-3.038]],"o":[[0,0],[0.226,-2.443],[2.118,-2.839],[0,0],[-0.169,5.603],[-1.453,1.948]],"v":[[-2.561,8.871],[-5.548,8.594],[-2.109,1.844],[2.549,-8.871],[5.548,-8.781],[0.295,3.638]],"c":true},"ix":2},"nm":"Path 1","mn":"ADBE Vector Shape - Group","hd":false},{"ty":"fl","c":{"a":0,"k":[0.122000002394,0.340999977261,0.231000010173,1],"ix":4},"o":{"a":0,"k":100,"ix":5},"r":1,"bm":0,"nm":"Fill 1","mn":"ADBE Vector Graphic - Fill","hd":false},{"ty":"tr","p":{"a":0,"k":[28.722,31.125],"ix":2},"a":{"a":0,"k":[0,0],"ix":1},"s":{"a":0,"k":[100,100],"ix":3},"r":{"a":0,"k":0,"ix":6},"o":{"a":0,"k":100,"ix":7},"sk":{"a":0,"k":0,"ix":4},"sa":{"a":0,"k":0,"ix":5},"nm":"Transform"}],"nm":"Group 2","np":2,"cix":2,"bm":0,"ix":2,"mn":"ADBE Vector Group","hd":false},{"ty":"gr","it":[{"ind":0,"ty":"sh","ix":1,"ks":{"a":0,"k":{"i":[[3.44,0],[1.578,0.504],[0,0],[-0.068,0.01],[0,0]],"o":[[-1.831,0],[0,0],[3.817,1.218],[0,0],[-0.201,0.038]],"v":[[-0.747,1.786],[-6.063,1.116],[-5.151,-1.741],[5.507,-1.786],[6.063,1.161]],"c":true},"ix":2},"nm":"Path 1","mn":"ADBE Vector Shape - Group","hd":false},{"ty":"fl","c":{"a":0,"k":[0.122000002394,0.340999977261,0.231000010173,1],"ix":4},"o":{"a":0,"k":100,"ix":5},"r":1,"bm":0,"nm":"Fill 1","mn":"ADBE Vector Graphic - Fill","hd":false},{"ty":"tr","p":{"a":0,"k":[19.733,27.113],"ix":2},"a":{"a":0,"k":[0,0],"ix":1},"s":{"a":0,"k":[100,100],"ix":3},"r":{"a":0,"k":0,"ix":6},"o":{"a":0,"k":100,"ix":7},"sk":{"a":0,"k":0,"ix":4},"sa":{"a":0,"k":0,"ix":5},"nm":"Transform"}],"nm":"Group 3","np":2,"cix":2,"bm":0,"ix":3,"mn":"ADBE Vector Group","hd":false},{"ty":"gr","it":[{"ind":0,"ty":"sh","ix":1,"ks":{"a":0,"k":{"i":[[4.521,0],[2.606,0.636],[0,0],[-0.074,0.016],[0,0]],"o":[[-2.337,0],[0,0],[6.96,1.699],[0,0],[-0.216,0.051]],"v":[[-0.316,1.882],[-7.879,1.035],[-7.169,-1.88],[7.193,-1.882],[7.879,1.038]],"c":true},"ix":2},"nm":"Path 1","mn":"ADBE Vector Shape - Group","hd":false},{"ty":"fl","c":{"a":0,"k":[0.122000002394,0.340999977261,0.231000010173,1],"ix":4},"o":{"a":0,"k":100,"ix":5},"r":1,"bm":0,"nm":"Fill 1","mn":"ADBE Vector Graphic - Fill","hd":false},{"ty":"tr","p":{"a":0,"k":[29.939,19.293],"ix":2},"a":{"a":0,"k":[0,0],"ix":1},"s":{"a":0,"k":[100,100],"ix":3},"r":{"a":0,"k":0,"ix":6},"o":{"a":0,"k":100,"ix":7},"sk":{"a":0,"k":0,"ix":4},"sa":{"a":0,"k":0,"ix":5},"nm":"Transform"}],"nm":"Group 4","np":2,"cix":2,"bm":0,"ix":4,"mn":"ADBE Vector Group","hd":false},{"ty":"gr","it":[{"ind":0,"ty":"sh","ix":1,"ks":{"a":0,"k":{"i":[[0,-4.702],[0,0],[-1.962,3.872],[0.07,3.937],[0,0],[1.831,-3.613]],"o":[[0,0],[0,-5.419],[1.741,-3.437],[0,0],[0.083,4.682],[-1.886,3.721]],"v":[[-2.195,11.984],[-5.195,11.984],[-1.205,-1.309],[2.112,-11.931],[5.112,-11.984],[1.471,0.047]],"c":true},"ix":2},"nm":"Path 1","mn":"ADBE Vector Shape - Group","hd":false},{"ty":"fl","c":{"a":0,"k":[0.122000002394,0.340999977261,0.231000010173,1],"ix":4},"o":{"a":0,"k":100,"ix":5},"r":1,"bm":0,"nm":"Fill 1","mn":"ADBE Vector Graphic - Fill","hd":false},{"ty":"tr","p":{"a":0,"k":[47.194,23.286],"ix":2},"a":{"a":0,"k":[0,0],"ix":1},"s":{"a":0,"k":[100,100],"ix":3},"r":{"a":0,"k":0,"ix":6},"o":{"a":0,"k":100,"ix":7},"sk":{"a":0,"k":0,"ix":4},"sa":{"a":0,"k":0,"ix":5},"nm":"Transform"}],"nm":"Group 5","np":2,"cix":2,"bm":0,"ix":5,"mn":"ADBE Vector Group","hd":false},{"ty":"gr","it":[{"ind":0,"ty":"sh","ix":1,"ks":{"a":0,"k":{"i":[[-4.686,-2.162],[5.767,-7.929],[11.293,-5.046],[3.288,0.48],[-1.201,6.729],[-12.254,5.648]],"o":[[-0.601,6.488],[-5.766,7.93],[-11.293,5.045],[-1.606,-7.69],[1.201,-6.727],[12.254,-5.647]],"v":[[28.473,-20.664],[24.508,14.416],[-13.456,20.904],[-28.669,27.632],[-23.787,8.649],[-1.441,-22.465]],"c":true},"ix":2},"nm":"Path 1","mn":"ADBE Vector Shape - Group","hd":false},{"ty":"fl","c":{"a":0,"k":[0.475,0.709999952129,0.263000009574,1],"ix":4},"o":{"a":0,"k":100,"ix":5},"r":1,"bm":0,"nm":"Fill 1","mn":"ADBE Vector Graphic - Fill","hd":false},{"ty":"tr","p":{"a":0,"k":[30.524,28.362],"ix":2},"a":{"a":0,"k":[0,0],"ix":1},"s":{"a":0,"k":[100,100],"ix":3},"r":{"a":0,"k":0,"ix":6},"o":{"a":0,"k":100,"ix":7},"sk":{"a":0,"k":0,"ix":4},"sa":{"a":0,"k":0,"ix":5},"nm":"Transform"}],"nm":"Group 6","np":2,"cix":2,"bm":0,"ix":6,"mn":"ADBE Vector Group","hd":false},{"ty":"gr","it":[{"ind":0,"ty":"sh","ix":1,"ks":{"a":0,"k":{"i":[[0,0],[16.189,11.595],[10.441,-2.296],[9.019,-7.014],[2.835,-1.667],[5.106,-13.021],[0,0],[-7.876,4.632],[-2.506,1.948],[-0.612,0.239],[0,0],[-11.153,-7.988],[-2.62,-24.234]],"o":[[-2.53,-23.397],[-10.411,-7.456],[-1.333,0.531],[-2.659,2.069],[-7.82,4.6],[0,0],[5.484,-13.986],[2.879,-1.692],[9.79,-7.616],[0,0],[11.314,-2.53],[16.872,12.083],[0,0]],"v":[[57.749,34.656],[27.854,-21.227],[-4.472,-29.224],[-28.5,-16.143],[-36.925,-10.684],[-57.939,11.694],[-60.731,10.598],[-38.445,-13.27],[-30.342,-18.51],[-5.458,-32.06],[-5.24,-32.126],[29.602,-23.664],[60.731,34.335]],"c":true},"ix":2},"nm":"Path 1","mn":"ADBE Vector Shape - Group","hd":false},{"ty":"fl","c":{"a":0,"k":[0.122000002394,0.340999977261,0.231000010173,1],"ix":4},"o":{"a":0,"k":100,"ix":5},"r":1,"bm":0,"nm":"Fill 1","mn":"ADBE Vector Graphic - Fill","hd":false},{"ty":"tr","p":{"a":0,"k":[63.91,38.361],"ix":2},"a":{"a":0,"k":[0,0],"ix":1},"s":{"a":0,"k":[100,100],"ix":3},"r":{"a":0,"k":0,"ix":6},"o":{"a":0,"k":100,"ix":7},"sk":{"a":0,"k":0,"ix":4},"sa":{"a":0,"k":0,"ix":5},"nm":"Transform"}],"nm":"Group 7","np":2,"cix":2,"bm":0,"ix":7,"mn":"ADBE Vector Group","hd":false}],"ip":0,"op":600,"st":0,"bm":0},{"ddd":0,"ind":8,"ty":4,"nm":"small leave 1 Outlines","sr":1,"ks":{"o":{"a":0,"k":100,"ix":11},"r":{"a":1,"k":[{"i":{"x":[0.667],"y":[1]},"o":{"x":[0.333],"y":[0]},"t":4.801,"s":[0]},{"i":{"x":[0.667],"y":[1]},"o":{"x":[0.333],"y":[0]},"t":16.801,"s":[-2]},{"i":{"x":[0.667],"y":[1]},"o":{"x":[0.333],"y":[0]},"t":40.801,"s":[2]},{"t":52.80078125,"s":[-2]}],"ix":10},"p":{"a":0,"k":[926.605,732.624,0],"ix":2,"l":2},"a":{"a":0,"k":[28.433,145.483,0],"ix":1,"l":2},"s":{"a":0,"k":[100,100,100],"ix":6,"l":2}},"ao":0,"shapes":[{"ty":"gr","it":[{"ind":0,"ty":"sh","ix":1,"ks":{"a":0,"k":{"i":[[0.263,-0.61],[0,0],[0.63,2.403],[0,0]],"o":[[0,0],[0.601,-1.4],[0,0],[1.003,3.83]],"v":[[0.108,4.954],[-2.648,3.77],[-1.256,-4.194],[1.646,-4.954]],"c":true},"ix":2},"nm":"Path 1","mn":"ADBE Vector Shape - Group","hd":false},{"ty":"fl","c":{"a":0,"k":[0.122000002394,0.340999977261,0.231000010173,1],"ix":4},"o":{"a":0,"k":100,"ix":5},"r":1,"bm":0,"nm":"Fill 1","mn":"ADBE Vector Graphic - Fill","hd":false},{"ty":"tr","p":{"a":0,"k":[15.373,26.973],"ix":2},"a":{"a":0,"k":[0,0],"ix":1},"s":{"a":0,"k":[100,100],"ix":3},"r":{"a":0,"k":0,"ix":6},"o":{"a":0,"k":100,"ix":7},"sk":{"a":0,"k":0,"ix":4},"sa":{"a":0,"k":0,"ix":5},"nm":"Transform"}],"nm":"Group 1","np":2,"cix":2,"bm":0,"ix":1,"mn":"ADBE Vector Group","hd":false},{"ty":"gr","it":[{"ind":0,"ty":"sh","ix":1,"ks":{"a":0,"k":{"i":[[0,0],[1.103,1.346],[0.654,2.484],[0,0],[-1.711,-2.086],[-0.106,-1.626]],"o":[[-0.049,-0.67],[-1.907,-2.322],[0,0],[0.488,1.851],[1.894,2.306],[0,0]],"v":[[2.274,6.125],[-0.546,2.077],[-5.267,-5.361],[-2.366,-6.125],[1.772,0.175],[5.267,5.93]],"c":true},"ix":2},"nm":"Path 1","mn":"ADBE Vector Shape - Group","hd":false},{"ty":"fl","c":{"a":0,"k":[0.122000002394,0.340999977261,0.231000010173,1],"ix":4},"o":{"a":0,"k":100,"ix":5},"r":1,"bm":0,"nm":"Fill 1","mn":"ADBE Vector Graphic - Fill","hd":false},{"ty":"tr","p":{"a":0,"k":[10.734,39.55],"ix":2},"a":{"a":0,"k":[0,0],"ix":1},"s":{"a":0,"k":[100,100],"ix":3},"r":{"a":0,"k":0,"ix":6},"o":{"a":0,"k":100,"ix":7},"sk":{"a":0,"k":0,"ix":4},"sa":{"a":0,"k":0,"ix":5},"nm":"Transform"}],"nm":"Group 2","np":2,"cix":2,"bm":0,"ix":2,"mn":"ADBE Vector Group","hd":false},{"ty":"gr","it":[{"ind":0,"ty":"sh","ix":1,"ks":{"a":0,"k":{"i":[[0.538,-1.186],[0,0],[-0.544,1.094],[-1.083,6.498],[0,0],[1.933,-3.889]],"o":[[0,0],[0.559,-1.235],[1.83,-3.683],[0,0],[-1.157,6.938],[-0.532,1.071]],"v":[[-1.901,9.178],[-4.634,7.941],[-2.967,4.48],[1.675,-9.178],[4.634,-8.684],[-0.281,5.816]],"c":true},"ix":2},"nm":"Path 1","mn":"ADBE Vector Shape - Group","hd":false},{"ty":"fl","c":{"a":0,"k":[0.122000002394,0.340999977261,0.231000010173,1],"ix":4},"o":{"a":0,"k":100,"ix":5},"r":1,"bm":0,"nm":"Fill 1","mn":"ADBE Vector Graphic - Fill","hd":false},{"ty":"tr","p":{"a":0,"k":[18,45.764],"ix":2},"a":{"a":0,"k":[0,0],"ix":1},"s":{"a":0,"k":[100,100],"ix":3},"r":{"a":0,"k":0,"ix":6},"o":{"a":0,"k":100,"ix":7},"sk":{"a":0,"k":0,"ix":4},"sa":{"a":0,"k":0,"ix":5},"nm":"Transform"}],"nm":"Group 3","np":2,"cix":2,"bm":0,"ix":3,"mn":"ADBE Vector Group","hd":false},{"ty":"gr","it":[{"ind":0,"ty":"sh","ix":1,"ks":{"a":0,"k":{"i":[[0,0],[0.08,8.109],[-1.982,6.127],[-0.361,1.262],[-6.848,-12.435],[3.964,-5.948]],"o":[[-10.314,-4.144],[-0.079,-8.109],[1.982,-6.127],[2.703,3.605],[6.848,12.434],[-3.964,5.946]],"v":[[0.764,31.085],[-14.878,7.84],[-7.568,-19.552],[-4.685,-31.085],[7.569,-6.036],[10.993,21.356]],"c":true},"ix":2},"nm":"Path 1","mn":"ADBE Vector Shape - Group","hd":false},{"ty":"fl","c":{"a":0,"k":[0.475,0.709999952129,0.263000009574,1],"ix":4},"o":{"a":0,"k":100,"ix":5},"r":1,"bm":0,"nm":"Fill 1","mn":"ADBE Vector Graphic - Fill","hd":false},{"ty":"tr","p":{"a":0,"k":[15.207,31.335],"ix":2},"a":{"a":0,"k":[0,0],"ix":1},"s":{"a":0,"k":[100,100],"ix":3},"r":{"a":0,"k":0,"ix":6},"o":{"a":0,"k":100,"ix":7},"sk":{"a":0,"k":0,"ix":4},"sa":{"a":0,"k":0,"ix":5},"nm":"Transform"}],"nm":"Group 4","np":2,"cix":2,"bm":0,"ix":4,"mn":"ADBE Vector Group","hd":false},{"ty":"gr","it":[{"ind":0,"ty":"sh","ix":1,"ks":{"a":0,"k":{"i":[[0,0],[0.712,16.112],[4.791,12.318],[0,0],[-0.032,5.835],[4.112,8.875],[0,0],[0.05,-9.495],[-0.888,-3.63],[-0.65,-14.732],[-5.623,-11.065]],"o":[[-5.917,-11.644],[-0.641,-14.524],[0,0],[-1.002,-4.007],[0.048,-9.181],[0,0],[4.395,9.482],[-0.031,5.587],[4.937,12.761],[0.698,15.778],[0,0]],"v":[[7.865,64.809],[0.564,21.836],[-5.532,-20.024],[-5.588,-20.204],[-6.532,-35.085],[-10.54,-63.547],[-7.819,-64.809],[-3.532,-35.069],[-2.699,-21.021],[3.561,21.704],[10.54,63.45]],"c":true},"ix":2},"nm":"Path 1","mn":"ADBE Vector Shape - Group","hd":false},{"ty":"fl","c":{"a":0,"k":[0.122000002394,0.340999977261,0.231000010173,1],"ix":4},"o":{"a":0,"k":100,"ix":5},"r":1,"bm":0,"nm":"Fill 1","mn":"ADBE Vector Graphic - Fill","hd":false},{"ty":"tr","p":{"a":0,"k":[19.701,81.908],"ix":2},"a":{"a":0,"k":[0,0],"ix":1},"s":{"a":0,"k":[100,100],"ix":3},"r":{"a":0,"k":0,"ix":6},"o":{"a":0,"k":100,"ix":7},"sk":{"a":0,"k":0,"ix":4},"sa":{"a":0,"k":0,"ix":5},"nm":"Transform"}],"nm":"Group 5","np":2,"cix":2,"bm":0,"ix":5,"mn":"ADBE Vector Group","hd":false}],"ip":0,"op":600,"st":0,"bm":0},{"ddd":0,"ind":9,"ty":4,"nm":"strips Outlines","sr":1,"ks":{"o":{"a":0,"k":100,"ix":11},"r":{"a":0,"k":0,"ix":10},"p":{"a":0,"k":[951.876,824.769,0],"ix":2,"l":2},"a":{"a":0,"k":[126.933,39.47,0],"ix":1,"l":2},"s":{"a":0,"k":[100,100,100],"ix":6,"l":2}},"ao":0,"shapes":[{"ty":"gr","it":[{"ind":0,"ty":"sh","ix":1,"ks":{"a":0,"k":{"i":[[0,0],[0,0],[0,0],[0,0]],"o":[[0,0],[0,0],[0,0],[0,0]],"v":[[120.424,12.816],[122.468,-12.816],[-122.468,-12.816],[-120.422,12.816]],"c":true},"ix":2},"nm":"Path 1","mn":"ADBE Vector Shape - Group","hd":false},{"ty":"fl","c":{"a":0,"k":[1,0.987999949736,0.889999988032,1],"ix":4},"o":{"a":0,"k":100,"ix":5},"r":1,"bm":0,"nm":"Fill 1","mn":"ADBE Vector Graphic - Fill","hd":false},{"ty":"tr","p":{"a":0,"k":[126.933,65.875],"ix":2},"a":{"a":0,"k":[0,0],"ix":1},"s":{"a":0,"k":[100,100],"ix":3},"r":{"a":0,"k":0,"ix":6},"o":{"a":0,"k":100,"ix":7},"sk":{"a":0,"k":0,"ix":4},"sa":{"a":0,"k":0,"ix":5},"nm":"Transform"}],"nm":"Group 1","np":2,"cix":2,"bm":0,"ix":1,"mn":"ADBE Vector Group","hd":false},{"ty":"gr","it":[{"ind":0,"ty":"sh","ix":1,"ks":{"a":0,"k":{"i":[[0,0],[0,0],[0,0],[0,0]],"o":[[0,0],[0,0],[0,0],[0,0]],"v":[[124.638,12.815],[126.683,-12.815],[-126.683,-12.815],[-124.637,12.815]],"c":true},"ix":2},"nm":"Path 1","mn":"ADBE Vector Shape - Group","hd":false},{"ty":"fl","c":{"a":0,"k":[1,0.987999949736,0.889999988032,1],"ix":4},"o":{"a":0,"k":100,"ix":5},"r":1,"bm":0,"nm":"Fill 1","mn":"ADBE Vector Graphic - Fill","hd":false},{"ty":"tr","p":{"a":0,"k":[126.933,13.065],"ix":2},"a":{"a":0,"k":[0,0],"ix":1},"s":{"a":0,"k":[100,100],"ix":3},"r":{"a":0,"k":0,"ix":6},"o":{"a":0,"k":100,"ix":7},"sk":{"a":0,"k":0,"ix":4},"sa":{"a":0,"k":0,"ix":5},"nm":"Transform"}],"nm":"Group 2","np":2,"cix":2,"bm":0,"ix":2,"mn":"ADBE Vector Group","hd":false}],"ip":0,"op":600,"st":0,"bm":0},{"ddd":0,"ind":10,"ty":4,"nm":"pot Outlines","sr":1,"ks":{"o":{"a":0,"k":100,"ix":11},"r":{"a":0,"k":0,"ix":10},"p":{"a":0,"k":[951.875,863.428,0],"ix":2,"l":2},"a":{"a":0,"k":[131.148,130.938,0],"ix":1,"l":2},"s":{"a":0,"k":[100,100,100],"ix":6,"l":2}},"ao":0,"shapes":[{"ty":"gr","it":[{"ind":0,"ty":"sh","ix":1,"ks":{"a":0,"k":{"i":[[0,0],[0,0],[0,0],[0,0]],"o":[[0,0],[0,0],[0,0],[0,0]],"v":[[110.038,130.688],[-110.037,130.688],[-130.898,-130.688],[130.898,-130.688]],"c":true},"ix":2},"nm":"Path 1","mn":"ADBE Vector Shape - Group","hd":false},{"ty":"fl","c":{"a":0,"k":[0.980000035903,0.4,0.33300000359,1],"ix":4},"o":{"a":0,"k":100,"ix":5},"r":1,"bm":0,"nm":"Fill 1","mn":"ADBE Vector Graphic - Fill","hd":false},{"ty":"tr","p":{"a":0,"k":[131.148,130.938],"ix":2},"a":{"a":0,"k":[0,0],"ix":1},"s":{"a":0,"k":[100,100],"ix":3},"r":{"a":0,"k":0,"ix":6},"o":{"a":0,"k":100,"ix":7},"sk":{"a":0,"k":0,"ix":4},"sa":{"a":0,"k":0,"ix":5},"nm":"Transform"}],"nm":"Group 1","np":2,"cix":2,"bm":0,"ix":1,"mn":"ADBE Vector Group","hd":false}],"ip":0,"op":600,"st":0,"bm":0}],"markers":[]}