{"v":"5.7.1","fr":30,"ip":0,"op":140,"w":606,"h":552,"nm":"plant","ddd":0,"assets":[],"layers":[{"ddd":0,"ind":1,"ty":3,"nm":"NULL CONTROL","sr":1,"ks":{"o":{"a":0,"k":0,"ix":11},"r":{"a":0,"k":0,"ix":10},"p":{"a":0,"k":[514.125,227.662,0],"ix":2},"a":{"a":0,"k":[60,60,0],"ix":1},"s":{"a":0,"k":[76,76,100],"ix":6}},"ao":0,"ip":0,"op":140,"st":0,"bm":0},{"ddd":0,"ind":2,"ty":4,"nm":"ave 6","parent":1,"sr":1,"ks":{"o":{"a":0,"k":100,"ix":11},"r":{"a":0,"k":0,"ix":10},"p":{"a":1,"k":[{"i":{"x":0.833,"y":0.946},"o":{"x":0.167,"y":0.102},"t":-37,"s":[-72.895,12.798,0],"to":[0,-3.75,0],"ti":[0,0,0]},{"i":{"x":0.833,"y":0.936},"o":{"x":0.16,"y":0.049},"t":-28.98,"s":[-72.895,-9.702,0],"to":[0,0,0],"ti":[0,0,0]},{"i":{"x":0.822,"y":0.796},"o":{"x":0.167,"y":0.26},"t":-20.184,"s":[-72.895,-36.004,0],"to":[0,0,0],"ti":[0,0,0]},{"i":{"x":0.833,"y":0.938},"o":{"x":0.167,"y":0.041},"t":19,"s":[-72.895,-7.202,0],"to":[0,0,0],"ti":[0,6.75,0]},{"i":{"x":0.833,"y":0.472},"o":{"x":0.167,"y":0.504},"t":29,"s":[-72.895,-41.702,0],"to":[0,-6.75,0],"ti":[0,-5.333,0]},{"i":{"x":0.833,"y":0.833},"o":{"x":0.167,"y":0.065},"t":54,"s":[-72.895,-47.702,0],"to":[0,5.333,0],"ti":[0,0,0]},{"i":{"x":0.833,"y":0.875},"o":{"x":0.167,"y":0.167},"t":65,"s":[-72.895,-9.702,0],"to":[0,0,0],"ti":[0,1.947,0]},{"i":{"x":0.833,"y":0.833},"o":{"x":0.167,"y":0.227},"t":76,"s":[-72.895,-47.702,0],"to":[0,-1.947,0],"ti":[0,-10.083,0]},{"i":{"x":0.833,"y":0.833},"o":{"x":0.167,"y":0.167},"t":90,"s":[-72.895,-21.386,0],"to":[0,10.083,0],"ti":[0,-5.697,0]},{"t":102,"s":[-72.895,12.798,0]}],"ix":2},"a":{"a":0,"k":[237.125,-101.75,0],"ix":1},"s":{"a":0,"k":[100,100,100],"ix":6}},"ao":0,"shapes":[{"ty":"gr","it":[{"ind":0,"ty":"sh","ix":1,"ks":{"a":1,"k":[{"i":{"x":0.833,"y":0.833},"o":{"x":0.167,"y":0.115},"t":-37,"s":[{"i":[[0,0],[-6.5,-14.75],[-14.25,0.25]],"o":[[0,0],[7.75,-12],[18.997,-0.333]],"v":[[208,-111],[236,-93.25],[266.25,-113.5]],"c":false}]},{"i":{"x":0.833,"y":0.833},"o":{"x":0.167,"y":0.167},"t":-29.143,"s":[{"i":[[-9.5,0.25],[-11,-13],[-14.25,0.25]],"o":[[9.5,-0.25],[7.75,-12],[18.997,-0.333]],"v":[[209,-72.25],[236,-93.25],[266.5,-71.5]],"c":false}]},{"i":{"x":0.833,"y":0.868},"o":{"x":0.167,"y":0.167},"t":-24.095,"s":[{"i":[[-6.5,0.5],[-0.5,-21.25],[-14.5,3.75]],"o":[[6.5,-0.5],[1.5,-12.75],[18.395,-4.757]],"v":[[222.25,-121.5],[236,-93.25],[250.75,-123.5]],"c":false}]},{"i":{"x":0.833,"y":0.833},"o":{"x":0.167,"y":0.132},"t":-20.31,"s":[{"i":[[0,0],[-6.5,-14.75],[-14.25,0.25]],"o":[[0,0],[7.75,-12],[18.997,-0.333]],"v":[[208,-111],[236,-93.25],[266.25,-113.5]],"c":false}]},{"i":{"x":0.833,"y":0.833},"o":{"x":0.167,"y":0.167},"t":-14,"s":[{"i":[[0,0],[-6.5,-14.75],[-14.25,0.25]],"o":[[0,0],[7.75,-12],[18.997,-0.333]],"v":[[208,-111],[236,-93.25],[266.25,-113.5]],"c":false}]},{"i":{"x":0.833,"y":0.833},"o":{"x":0.167,"y":0.167},"t":19,"s":[{"i":[[0,0],[-6.5,-14.75],[-14.25,0.25]],"o":[[0,0],[7.75,-12],[18.997,-0.333]],"v":[[208,-109.438],[236,-91.688],[266.25,-111.938]],"c":false}]},{"i":{"x":0.833,"y":0.833},"o":{"x":0.167,"y":0.167},"t":23.6,"s":[{"i":[[-9.5,0.25],[-11,-13],[-14.25,0.25]],"o":[[9.5,-0.25],[7.75,-12],[18.997,-0.333]],"v":[[209,-72.25],[236,-93.25],[266.5,-71.5]],"c":false}]},{"i":{"x":0.833,"y":0.853},"o":{"x":0.167,"y":0.167},"t":28.135,"s":[{"i":[[-6.5,0.5],[-0.5,-21.25],[-14.5,3.75]],"o":[[6.5,-0.5],[1.5,-12.75],[18.395,-4.757]],"v":[[222.25,-121.5],[236,-93.25],[250.75,-123.5]],"c":false}]},{"i":{"x":0.833,"y":0.833},"o":{"x":0.167,"y":0.147},"t":31.538,"s":[{"i":[[0,0],[-6.5,-14.75],[-14.25,0.25]],"o":[[0,0],[7.75,-12],[18.997,-0.333]],"v":[[208,-111],[236,-93.25],[266.25,-113.5]],"c":false}]},{"i":{"x":0.833,"y":0.833},"o":{"x":0.167,"y":0.167},"t":37.206,"s":[{"i":[[0,0],[-6.5,-14.75],[-14.25,0.25]],"o":[[0,0],[7.75,-12],[18.997,-0.333]],"v":[[208,-111],[236,-93.25],[266.25,-113.5]],"c":false}]},{"i":{"x":0.833,"y":0.833},"o":{"x":0.167,"y":0.167},"t":42,"s":[{"i":[[0,0],[-6.5,-14.75],[-14.25,0.25]],"o":[[0,0],[7.75,-12],[18.997,-0.333]],"v":[[208,-111],[236,-93.25],[266.25,-113.5]],"c":false}]},{"i":{"x":0.833,"y":0.833},"o":{"x":0.167,"y":0.167},"t":65,"s":[{"i":[[0,0],[-6.5,-14.75],[-14.25,0.25]],"o":[[0,0],[7.75,-12],[18.997,-0.333]],"v":[[208,-111],[236,-93.25],[266.25,-113.5]],"c":false}]},{"i":{"x":0.833,"y":0.833},"o":{"x":0.167,"y":0.167},"t":68.469,"s":[{"i":[[-9.5,0.25],[-11,-13],[-14.25,0.25]],"o":[[9.5,-0.25],[7.75,-12],[18.997,-0.333]],"v":[[209,-72.25],[236,-93.25],[266.5,-71.5]],"c":false}]},{"i":{"x":0.833,"y":0.854},"o":{"x":0.167,"y":0.167},"t":73.028,"s":[{"i":[[-6.5,0.5],[-0.5,-21.25],[-14.5,3.75]],"o":[[6.5,-0.5],[1.5,-12.75],[18.395,-4.757]],"v":[[222.25,-121.5],[236,-93.25],[250.75,-123.5]],"c":false}]},{"i":{"x":0.833,"y":0.856},"o":{"x":0.167,"y":0.146},"t":76.447,"s":[{"i":[[0,0],[-6.5,-14.75],[-14.25,0.25]],"o":[[0,0],[7.75,-12],[18.997,-0.333]],"v":[[208,-111],[236,-93.25],[266.25,-113.5]],"c":false}]},{"i":{"x":0.833,"y":0.856},"o":{"x":0.167,"y":0.144},"t":82.147,"s":[{"i":[[0,0],[-6.5,-14.75],[-14.25,0.25]],"o":[[0,0],[7.75,-12],[18.997,-0.333]],"v":[[208,-111],[236,-93.25],[266.25,-113.5]],"c":false}]},{"t":86.96875,"s":[{"i":[[0,0],[-6.5,-14.75],[-14.25,0.25]],"o":[[0,0],[7.75,-12],[18.997,-0.333]],"v":[[208,-111],[236,-93.25],[266.25,-113.5]],"c":false}]}],"ix":2},"nm":"Path 1","mn":"ADBE Vector Shape - Group","hd":false},{"ty":"st","c":{"a":0,"k":[0.921568627451,0.901960784314,0.925490196078,1],"ix":3},"o":{"a":0,"k":100,"ix":4},"w":{"a":0,"k":16,"ix":5},"lc":2,"lj":2,"bm":0,"nm":"Stroke 1","mn":"ADBE Vector Graphic - Stroke","hd":false},{"ty":"tr","p":{"a":0,"k":[0,0],"ix":2},"a":{"a":0,"k":[0,0],"ix":1},"s":{"a":0,"k":[100,100],"ix":3},"r":{"a":0,"k":0,"ix":6},"o":{"a":0,"k":100,"ix":7},"sk":{"a":0,"k":0,"ix":4},"sa":{"a":0,"k":0,"ix":5},"nm":"Transform"}],"nm":"Shape 1","np":3,"cix":2,"bm":0,"ix":1,"mn":"ADBE Vector Group","hd":false}],"ip":0,"op":103,"st":-37,"bm":0},{"ddd":0,"ind":3,"ty":4,"nm":"ave 5","parent":1,"sr":1,"ks":{"o":{"a":0,"k":100,"ix":11},"r":{"a":0,"k":0,"ix":10},"p":{"a":1,"k":[{"i":{"x":0.833,"y":0.946},"o":{"x":0.167,"y":0.102},"t":103,"s":[-72.895,12.798,0],"to":[0,-3.75,0],"ti":[0,0,0]},{"i":{"x":0.833,"y":0.936},"o":{"x":0.16,"y":0.049},"t":111.02,"s":[-72.895,-9.702,0],"to":[0,0,0],"ti":[0,0,0]},{"i":{"x":0.822,"y":0.796},"o":{"x":0.167,"y":0.26},"t":119.816,"s":[-72.895,-36.004,0],"to":[0,0,0],"ti":[0,0,0]},{"i":{"x":0.833,"y":0.938},"o":{"x":0.167,"y":0.041},"t":159,"s":[-72.895,-7.202,0],"to":[0,0,0],"ti":[0,6.75,0]},{"i":{"x":0.833,"y":0.472},"o":{"x":0.167,"y":0.504},"t":169,"s":[-72.895,-41.702,0],"to":[0,-6.75,0],"ti":[0,-5.333,0]},{"i":{"x":0.833,"y":0.833},"o":{"x":0.167,"y":0.065},"t":194,"s":[-72.895,-47.702,0],"to":[0,5.333,0],"ti":[0,0,0]},{"i":{"x":0.833,"y":0.875},"o":{"x":0.167,"y":0.167},"t":205,"s":[-72.895,-9.702,0],"to":[0,0,0],"ti":[0,1.947,0]},{"i":{"x":0.833,"y":0.833},"o":{"x":0.167,"y":0.227},"t":216,"s":[-72.895,-47.702,0],"to":[0,-1.947,0],"ti":[0,-10.083,0]},{"i":{"x":0.833,"y":0.833},"o":{"x":0.167,"y":0.167},"t":230,"s":[-72.895,-21.386,0],"to":[0,10.083,0],"ti":[0,-5.697,0]},{"t":242,"s":[-72.895,12.798,0]}],"ix":2},"a":{"a":0,"k":[237.125,-101.75,0],"ix":1},"s":{"a":0,"k":[100,100,100],"ix":6}},"ao":0,"shapes":[{"ty":"gr","it":[{"ind":0,"ty":"sh","ix":1,"ks":{"a":1,"k":[{"i":{"x":0.833,"y":0.833},"o":{"x":0.167,"y":0.115},"t":103,"s":[{"i":[[0,0],[-6.5,-14.75],[-14.25,0.25]],"o":[[0,0],[7.75,-12],[18.997,-0.333]],"v":[[208,-111],[236,-93.25],[266.25,-113.5]],"c":false}]},{"i":{"x":0.833,"y":0.833},"o":{"x":0.167,"y":0.167},"t":110.857,"s":[{"i":[[-9.5,0.25],[-11,-13],[-14.25,0.25]],"o":[[9.5,-0.25],[7.75,-12],[18.997,-0.333]],"v":[[209,-72.25],[236,-93.25],[266.5,-71.5]],"c":false}]},{"i":{"x":0.833,"y":0.868},"o":{"x":0.167,"y":0.167},"t":115.905,"s":[{"i":[[-6.5,0.5],[-0.5,-21.25],[-14.5,3.75]],"o":[[6.5,-0.5],[1.5,-12.75],[18.395,-4.757]],"v":[[222.25,-121.5],[236,-93.25],[250.75,-123.5]],"c":false}]},{"i":{"x":0.833,"y":0.833},"o":{"x":0.167,"y":0.132},"t":119.69,"s":[{"i":[[0,0],[-6.5,-14.75],[-14.25,0.25]],"o":[[0,0],[7.75,-12],[18.997,-0.333]],"v":[[208,-111],[236,-93.25],[266.25,-113.5]],"c":false}]},{"i":{"x":0.833,"y":0.833},"o":{"x":0.167,"y":0.167},"t":126,"s":[{"i":[[0,0],[-6.5,-14.75],[-14.25,0.25]],"o":[[0,0],[7.75,-12],[18.997,-0.333]],"v":[[208,-111],[236,-93.25],[266.25,-113.5]],"c":false}]},{"i":{"x":0.833,"y":0.833},"o":{"x":0.167,"y":0.167},"t":159,"s":[{"i":[[0,0],[-6.5,-14.75],[-14.25,0.25]],"o":[[0,0],[7.75,-12],[18.997,-0.333]],"v":[[208,-109.438],[236,-91.688],[266.25,-111.938]],"c":false}]},{"i":{"x":0.833,"y":0.833},"o":{"x":0.167,"y":0.167},"t":163.6,"s":[{"i":[[-9.5,0.25],[-11,-13],[-14.25,0.25]],"o":[[9.5,-0.25],[7.75,-12],[18.997,-0.333]],"v":[[209,-72.25],[236,-93.25],[266.5,-71.5]],"c":false}]},{"i":{"x":0.833,"y":0.853},"o":{"x":0.167,"y":0.167},"t":168.135,"s":[{"i":[[-6.5,0.5],[-0.5,-21.25],[-14.5,3.75]],"o":[[6.5,-0.5],[1.5,-12.75],[18.395,-4.757]],"v":[[222.25,-121.5],[236,-93.25],[250.75,-123.5]],"c":false}]},{"i":{"x":0.833,"y":0.833},"o":{"x":0.167,"y":0.147},"t":171.538,"s":[{"i":[[0,0],[-6.5,-14.75],[-14.25,0.25]],"o":[[0,0],[7.75,-12],[18.997,-0.333]],"v":[[208,-111],[236,-93.25],[266.25,-113.5]],"c":false}]},{"i":{"x":0.833,"y":0.833},"o":{"x":0.167,"y":0.167},"t":177.206,"s":[{"i":[[0,0],[-6.5,-14.75],[-14.25,0.25]],"o":[[0,0],[7.75,-12],[18.997,-0.333]],"v":[[208,-111],[236,-93.25],[266.25,-113.5]],"c":false}]},{"i":{"x":0.833,"y":0.833},"o":{"x":0.167,"y":0.167},"t":182,"s":[{"i":[[0,0],[-6.5,-14.75],[-14.25,0.25]],"o":[[0,0],[7.75,-12],[18.997,-0.333]],"v":[[208,-111],[236,-93.25],[266.25,-113.5]],"c":false}]},{"i":{"x":0.833,"y":0.833},"o":{"x":0.167,"y":0.167},"t":205,"s":[{"i":[[0,0],[-6.5,-14.75],[-14.25,0.25]],"o":[[0,0],[7.75,-12],[18.997,-0.333]],"v":[[208,-111],[236,-93.25],[266.25,-113.5]],"c":false}]},{"i":{"x":0.833,"y":0.833},"o":{"x":0.167,"y":0.167},"t":208.469,"s":[{"i":[[-9.5,0.25],[-11,-13],[-14.25,0.25]],"o":[[9.5,-0.25],[7.75,-12],[18.997,-0.333]],"v":[[209,-72.25],[236,-93.25],[266.5,-71.5]],"c":false}]},{"i":{"x":0.833,"y":0.854},"o":{"x":0.167,"y":0.167},"t":213.028,"s":[{"i":[[-6.5,0.5],[-0.5,-21.25],[-14.5,3.75]],"o":[[6.5,-0.5],[1.5,-12.75],[18.395,-4.757]],"v":[[222.25,-121.5],[236,-93.25],[250.75,-123.5]],"c":false}]},{"i":{"x":0.833,"y":0.856},"o":{"x":0.167,"y":0.146},"t":216.447,"s":[{"i":[[0,0],[-6.5,-14.75],[-14.25,0.25]],"o":[[0,0],[7.75,-12],[18.997,-0.333]],"v":[[208,-111],[236,-93.25],[266.25,-113.5]],"c":false}]},{"i":{"x":0.833,"y":0.856},"o":{"x":0.167,"y":0.144},"t":222.147,"s":[{"i":[[0,0],[-6.5,-14.75],[-14.25,0.25]],"o":[[0,0],[7.75,-12],[18.997,-0.333]],"v":[[208,-111],[236,-93.25],[266.25,-113.5]],"c":false}]},{"t":226.96875,"s":[{"i":[[0,0],[-6.5,-14.75],[-14.25,0.25]],"o":[[0,0],[7.75,-12],[18.997,-0.333]],"v":[[208,-111],[236,-93.25],[266.25,-113.5]],"c":false}]}],"ix":2},"nm":"Path 1","mn":"ADBE Vector Shape - Group","hd":false},{"ty":"st","c":{"a":0,"k":[0.920403155159,0.9021736893,0.924123487286,1],"ix":3},"o":{"a":0,"k":100,"ix":4},"w":{"a":0,"k":16,"ix":5},"lc":2,"lj":2,"bm":0,"nm":"Stroke 1","mn":"ADBE Vector Graphic - Stroke","hd":false},{"ty":"tr","p":{"a":0,"k":[0,0],"ix":2},"a":{"a":0,"k":[0,0],"ix":1},"s":{"a":0,"k":[100,100],"ix":3},"r":{"a":0,"k":0,"ix":6},"o":{"a":0,"k":100,"ix":7},"sk":{"a":0,"k":0,"ix":4},"sa":{"a":0,"k":0,"ix":5},"nm":"Transform"}],"nm":"Shape 1","np":3,"cix":2,"bm":0,"ix":1,"mn":"ADBE Vector Group","hd":false}],"ip":103,"op":140,"st":103,"bm":0},{"ddd":0,"ind":4,"ty":3,"nm":"NULL CONTROL","sr":1,"ks":{"o":{"a":0,"k":0,"ix":11},"r":{"a":0,"k":0,"ix":10},"p":{"a":0,"k":[493.125,149.119,0],"ix":2},"a":{"a":0,"k":[60,60,0],"ix":1},"s":{"a":0,"k":[100,100,100],"ix":6}},"ao":0,"ip":0,"op":140,"st":0,"bm":0},{"ddd":0,"ind":5,"ty":4,"nm":"ave 4","parent":4,"sr":1,"ks":{"o":{"a":0,"k":10,"ix":11},"r":{"a":0,"k":0,"ix":10},"p":{"a":1,"k":[{"i":{"x":0.833,"y":0.929},"o":{"x":0.167,"y":0.135},"t":-70,"s":[60,71.67,0],"to":[0,-2.85,0],"ti":[0,0,0]},{"i":{"x":0.833,"y":0.936},"o":{"x":0.16,"y":0.064},"t":-61.98,"s":[60,54.57,0],"to":[0,0,0],"ti":[0,0,0]},{"i":{"x":0.822,"y":0.731},"o":{"x":0.167,"y":0.26},"t":-53.184,"s":[60,34.58,0],"to":[0,0,0],"ti":[0,0,0]},{"i":{"x":0.833,"y":0.938},"o":{"x":0.167,"y":0.054},"t":-14,"s":[60,56.47,0],"to":[0,0,0],"ti":[0,5.13,0]},{"i":{"x":0.833,"y":0.472},"o":{"x":0.167,"y":0.504},"t":-4,"s":[60,30.25,0],"to":[0,-5.13,0],"ti":[0,-4.053,0]},{"i":{"x":0.833,"y":0.833},"o":{"x":0.167,"y":0.065},"t":21,"s":[60,25.69,0],"to":[0,4.053,0],"ti":[0,0,0]},{"i":{"x":0.833,"y":0.875},"o":{"x":0.167,"y":0.167},"t":32,"s":[60,54.57,0],"to":[0,0,0],"ti":[0,1.48,0]},{"i":{"x":0.833,"y":0.833},"o":{"x":0.167,"y":0.227},"t":43,"s":[60,25.69,0],"to":[0,-1.48,0],"ti":[0,-7.663,0]},{"i":{"x":0.833,"y":0.833},"o":{"x":0.167,"y":0.167},"t":57,"s":[60,45.69,0],"to":[0,7.663,0],"ti":[0,-4.33,0]},{"t":69,"s":[60,71.67,0]}],"ix":2},"a":{"a":0,"k":[237.125,-101.75,0],"ix":1},"s":{"a":0,"k":[76,76,100],"ix":6}},"ao":0,"shapes":[{"ty":"gr","it":[{"ind":0,"ty":"sh","ix":1,"ks":{"a":1,"k":[{"i":{"x":0.833,"y":0.833},"o":{"x":0.167,"y":0.115},"t":-70,"s":[{"i":[[0,0],[-6.5,-14.75],[-14.25,0.25]],"o":[[0,0],[7.75,-12],[18.997,-0.333]],"v":[[208,-111],[236,-93.25],[266.25,-113.5]],"c":false}]},{"i":{"x":0.833,"y":0.833},"o":{"x":0.167,"y":0.167},"t":-62.143,"s":[{"i":[[-9.5,0.25],[-11,-13],[-14.25,0.25]],"o":[[9.5,-0.25],[7.75,-12],[18.997,-0.333]],"v":[[209,-72.25],[236,-93.25],[266.5,-71.5]],"c":false}]},{"i":{"x":0.833,"y":0.868},"o":{"x":0.167,"y":0.167},"t":-57.095,"s":[{"i":[[-6.5,0.5],[-0.5,-21.25],[-14.5,3.75]],"o":[[6.5,-0.5],[1.5,-12.75],[18.395,-4.757]],"v":[[222.25,-121.5],[236,-93.25],[250.75,-123.5]],"c":false}]},{"i":{"x":0.833,"y":0.833},"o":{"x":0.167,"y":0.132},"t":-53.31,"s":[{"i":[[0,0],[-6.5,-14.75],[-14.25,0.25]],"o":[[0,0],[7.75,-12],[18.997,-0.333]],"v":[[208,-111],[236,-93.25],[266.25,-113.5]],"c":false}]},{"i":{"x":0.833,"y":0.833},"o":{"x":0.167,"y":0.167},"t":-47,"s":[{"i":[[0,0],[-6.5,-14.75],[-14.25,0.25]],"o":[[0,0],[7.75,-12],[18.997,-0.333]],"v":[[208,-111],[236,-93.25],[266.25,-113.5]],"c":false}]},{"i":{"x":0.833,"y":0.833},"o":{"x":0.167,"y":0.167},"t":-14,"s":[{"i":[[0,0],[-6.5,-14.75],[-14.25,0.25]],"o":[[0,0],[7.75,-12],[18.997,-0.333]],"v":[[208,-109.438],[236,-91.688],[266.25,-111.938]],"c":false}]},{"i":{"x":0.833,"y":0.833},"o":{"x":0.167,"y":0.167},"t":-9.4,"s":[{"i":[[-9.5,0.25],[-11,-13],[-14.25,0.25]],"o":[[9.5,-0.25],[7.75,-12],[18.997,-0.333]],"v":[[209,-72.25],[236,-93.25],[266.5,-71.5]],"c":false}]},{"i":{"x":0.833,"y":0.853},"o":{"x":0.167,"y":0.167},"t":-4.865,"s":[{"i":[[-6.5,0.5],[-0.5,-21.25],[-14.5,3.75]],"o":[[6.5,-0.5],[1.5,-12.75],[18.395,-4.757]],"v":[[222.25,-121.5],[236,-93.25],[250.75,-123.5]],"c":false}]},{"i":{"x":0.833,"y":0.833},"o":{"x":0.167,"y":0.147},"t":-1.462,"s":[{"i":[[0,0],[-6.5,-14.75],[-14.25,0.25]],"o":[[0,0],[7.75,-12],[18.997,-0.333]],"v":[[208,-111],[236,-93.25],[266.25,-113.5]],"c":false}]},{"i":{"x":0.833,"y":0.833},"o":{"x":0.167,"y":0.167},"t":4.206,"s":[{"i":[[0,0],[-6.5,-14.75],[-14.25,0.25]],"o":[[0,0],[7.75,-12],[18.997,-0.333]],"v":[[208,-111],[236,-93.25],[266.25,-113.5]],"c":false}]},{"i":{"x":0.833,"y":0.833},"o":{"x":0.167,"y":0.167},"t":9,"s":[{"i":[[0,0],[-6.5,-14.75],[-14.25,0.25]],"o":[[0,0],[7.75,-12],[18.997,-0.333]],"v":[[208,-111],[236,-93.25],[266.25,-113.5]],"c":false}]},{"i":{"x":0.833,"y":0.833},"o":{"x":0.167,"y":0.167},"t":32,"s":[{"i":[[0,0],[-6.5,-14.75],[-14.25,0.25]],"o":[[0,0],[7.75,-12],[18.997,-0.333]],"v":[[208,-111],[236,-93.25],[266.25,-113.5]],"c":false}]},{"i":{"x":0.833,"y":0.833},"o":{"x":0.167,"y":0.167},"t":35.469,"s":[{"i":[[-9.5,0.25],[-11,-13],[-14.25,0.25]],"o":[[9.5,-0.25],[7.75,-12],[18.997,-0.333]],"v":[[209,-72.25],[236,-93.25],[266.5,-71.5]],"c":false}]},{"i":{"x":0.833,"y":0.854},"o":{"x":0.167,"y":0.167},"t":40.028,"s":[{"i":[[-6.5,0.5],[-0.5,-21.25],[-14.5,3.75]],"o":[[6.5,-0.5],[1.5,-12.75],[18.395,-4.757]],"v":[[222.25,-121.5],[236,-93.25],[250.75,-123.5]],"c":false}]},{"i":{"x":0.833,"y":0.856},"o":{"x":0.167,"y":0.146},"t":43.447,"s":[{"i":[[0,0],[-6.5,-14.75],[-14.25,0.25]],"o":[[0,0],[7.75,-12],[18.997,-0.333]],"v":[[208,-111],[236,-93.25],[266.25,-113.5]],"c":false}]},{"i":{"x":0.833,"y":0.856},"o":{"x":0.167,"y":0.144},"t":49.147,"s":[{"i":[[0,0],[-6.5,-14.75],[-14.25,0.25]],"o":[[0,0],[7.75,-12],[18.997,-0.333]],"v":[[208,-111],[236,-93.25],[266.25,-113.5]],"c":false}]},{"t":53.96875,"s":[{"i":[[0,0],[-6.5,-14.75],[-14.25,0.25]],"o":[[0,0],[7.75,-12],[18.997,-0.333]],"v":[[208,-111],[236,-93.25],[266.25,-113.5]],"c":false}]}],"ix":2},"nm":"Path 1","mn":"ADBE Vector Shape - Group","hd":false},{"ty":"st","c":{"a":0,"k":[0.384313755409,0.192156877705,0.423529441684,1],"ix":3},"o":{"a":0,"k":100,"ix":4},"w":{"a":0,"k":16,"ix":5},"lc":2,"lj":2,"bm":0,"nm":"Stroke 1","mn":"ADBE Vector Graphic - Stroke","hd":false},{"ty":"tr","p":{"a":0,"k":[0,0],"ix":2},"a":{"a":0,"k":[0,0],"ix":1},"s":{"a":0,"k":[100,100],"ix":3},"r":{"a":0,"k":0,"ix":6},"o":{"a":0,"k":100,"ix":7},"sk":{"a":0,"k":0,"ix":4},"sa":{"a":0,"k":0,"ix":5},"nm":"Transform"}],"nm":"Shape 1","np":3,"cix":2,"bm":0,"ix":1,"mn":"ADBE Vector Group","hd":false}],"ip":0,"op":70,"st":-70,"bm":0},{"ddd":0,"ind":6,"ty":4,"nm":"ave 3","parent":4,"sr":1,"ks":{"o":{"a":0,"k":10,"ix":11},"r":{"a":0,"k":0,"ix":10},"p":{"a":1,"k":[{"i":{"x":0.833,"y":0.929},"o":{"x":0.167,"y":0.135},"t":70,"s":[60,71.67,0],"to":[0,-2.85,0],"ti":[0,0,0]},{"i":{"x":0.833,"y":0.936},"o":{"x":0.16,"y":0.064},"t":78.02,"s":[60,54.57,0],"to":[0,0,0],"ti":[0,0,0]},{"i":{"x":0.822,"y":0.731},"o":{"x":0.167,"y":0.26},"t":86.816,"s":[60,34.58,0],"to":[0,0,0],"ti":[0,0,0]},{"i":{"x":0.833,"y":0.938},"o":{"x":0.167,"y":0.054},"t":126,"s":[60,56.47,0],"to":[0,0,0],"ti":[0,5.13,0]},{"i":{"x":0.833,"y":0.472},"o":{"x":0.167,"y":0.504},"t":136,"s":[60,30.25,0],"to":[0,-5.13,0],"ti":[0,-4.053,0]},{"i":{"x":0.833,"y":0.833},"o":{"x":0.167,"y":0.065},"t":161,"s":[60,25.69,0],"to":[0,4.053,0],"ti":[0,0,0]},{"i":{"x":0.833,"y":0.875},"o":{"x":0.167,"y":0.167},"t":172,"s":[60,54.57,0],"to":[0,0,0],"ti":[0,1.48,0]},{"i":{"x":0.833,"y":0.833},"o":{"x":0.167,"y":0.227},"t":183,"s":[60,25.69,0],"to":[0,-1.48,0],"ti":[0,-7.663,0]},{"i":{"x":0.833,"y":0.833},"o":{"x":0.167,"y":0.167},"t":197,"s":[60,45.69,0],"to":[0,7.663,0],"ti":[0,-4.33,0]},{"t":209,"s":[60,71.67,0]}],"ix":2},"a":{"a":0,"k":[237.125,-101.75,0],"ix":1},"s":{"a":0,"k":[76,76,100],"ix":6}},"ao":0,"shapes":[{"ty":"gr","it":[{"ind":0,"ty":"sh","ix":1,"ks":{"a":1,"k":[{"i":{"x":0.833,"y":0.833},"o":{"x":0.167,"y":0.115},"t":70,"s":[{"i":[[0,0],[-6.5,-14.75],[-14.25,0.25]],"o":[[0,0],[7.75,-12],[18.997,-0.333]],"v":[[208,-111],[236,-93.25],[266.25,-113.5]],"c":false}]},{"i":{"x":0.833,"y":0.833},"o":{"x":0.167,"y":0.167},"t":77.857,"s":[{"i":[[-9.5,0.25],[-11,-13],[-14.25,0.25]],"o":[[9.5,-0.25],[7.75,-12],[18.997,-0.333]],"v":[[209,-72.25],[236,-93.25],[266.5,-71.5]],"c":false}]},{"i":{"x":0.833,"y":0.868},"o":{"x":0.167,"y":0.167},"t":82.905,"s":[{"i":[[-6.5,0.5],[-0.5,-21.25],[-14.5,3.75]],"o":[[6.5,-0.5],[1.5,-12.75],[18.395,-4.757]],"v":[[222.25,-121.5],[236,-93.25],[250.75,-123.5]],"c":false}]},{"i":{"x":0.833,"y":0.833},"o":{"x":0.167,"y":0.132},"t":86.69,"s":[{"i":[[0,0],[-6.5,-14.75],[-14.25,0.25]],"o":[[0,0],[7.75,-12],[18.997,-0.333]],"v":[[208,-111],[236,-93.25],[266.25,-113.5]],"c":false}]},{"i":{"x":0.833,"y":0.833},"o":{"x":0.167,"y":0.167},"t":93,"s":[{"i":[[0,0],[-6.5,-14.75],[-14.25,0.25]],"o":[[0,0],[7.75,-12],[18.997,-0.333]],"v":[[208,-111],[236,-93.25],[266.25,-113.5]],"c":false}]},{"i":{"x":0.833,"y":0.833},"o":{"x":0.167,"y":0.167},"t":126,"s":[{"i":[[0,0],[-6.5,-14.75],[-14.25,0.25]],"o":[[0,0],[7.75,-12],[18.997,-0.333]],"v":[[208,-109.438],[236,-91.688],[266.25,-111.938]],"c":false}]},{"i":{"x":0.833,"y":0.833},"o":{"x":0.167,"y":0.167},"t":130.6,"s":[{"i":[[-9.5,0.25],[-11,-13],[-14.25,0.25]],"o":[[9.5,-0.25],[7.75,-12],[18.997,-0.333]],"v":[[209,-72.25],[236,-93.25],[266.5,-71.5]],"c":false}]},{"i":{"x":0.833,"y":0.853},"o":{"x":0.167,"y":0.167},"t":135.135,"s":[{"i":[[-6.5,0.5],[-0.5,-21.25],[-14.5,3.75]],"o":[[6.5,-0.5],[1.5,-12.75],[18.395,-4.757]],"v":[[222.25,-121.5],[236,-93.25],[250.75,-123.5]],"c":false}]},{"i":{"x":0.833,"y":0.833},"o":{"x":0.167,"y":0.147},"t":138.538,"s":[{"i":[[0,0],[-6.5,-14.75],[-14.25,0.25]],"o":[[0,0],[7.75,-12],[18.997,-0.333]],"v":[[208,-111],[236,-93.25],[266.25,-113.5]],"c":false}]},{"i":{"x":0.833,"y":0.833},"o":{"x":0.167,"y":0.167},"t":144.206,"s":[{"i":[[0,0],[-6.5,-14.75],[-14.25,0.25]],"o":[[0,0],[7.75,-12],[18.997,-0.333]],"v":[[208,-111],[236,-93.25],[266.25,-113.5]],"c":false}]},{"i":{"x":0.833,"y":0.833},"o":{"x":0.167,"y":0.167},"t":149,"s":[{"i":[[0,0],[-6.5,-14.75],[-14.25,0.25]],"o":[[0,0],[7.75,-12],[18.997,-0.333]],"v":[[208,-111],[236,-93.25],[266.25,-113.5]],"c":false}]},{"i":{"x":0.833,"y":0.833},"o":{"x":0.167,"y":0.167},"t":172,"s":[{"i":[[0,0],[-6.5,-14.75],[-14.25,0.25]],"o":[[0,0],[7.75,-12],[18.997,-0.333]],"v":[[208,-111],[236,-93.25],[266.25,-113.5]],"c":false}]},{"i":{"x":0.833,"y":0.833},"o":{"x":0.167,"y":0.167},"t":175.469,"s":[{"i":[[-9.5,0.25],[-11,-13],[-14.25,0.25]],"o":[[9.5,-0.25],[7.75,-12],[18.997,-0.333]],"v":[[209,-72.25],[236,-93.25],[266.5,-71.5]],"c":false}]},{"i":{"x":0.833,"y":0.854},"o":{"x":0.167,"y":0.167},"t":180.028,"s":[{"i":[[-6.5,0.5],[-0.5,-21.25],[-14.5,3.75]],"o":[[6.5,-0.5],[1.5,-12.75],[18.395,-4.757]],"v":[[222.25,-121.5],[236,-93.25],[250.75,-123.5]],"c":false}]},{"i":{"x":0.833,"y":0.856},"o":{"x":0.167,"y":0.146},"t":183.447,"s":[{"i":[[0,0],[-6.5,-14.75],[-14.25,0.25]],"o":[[0,0],[7.75,-12],[18.997,-0.333]],"v":[[208,-111],[236,-93.25],[266.25,-113.5]],"c":false}]},{"i":{"x":0.833,"y":0.856},"o":{"x":0.167,"y":0.144},"t":189.147,"s":[{"i":[[0,0],[-6.5,-14.75],[-14.25,0.25]],"o":[[0,0],[7.75,-12],[18.997,-0.333]],"v":[[208,-111],[236,-93.25],[266.25,-113.5]],"c":false}]},{"t":193.96875,"s":[{"i":[[0,0],[-6.5,-14.75],[-14.25,0.25]],"o":[[0,0],[7.75,-12],[18.997,-0.333]],"v":[[208,-111],[236,-93.25],[266.25,-113.5]],"c":false}]}],"ix":2},"nm":"Path 1","mn":"ADBE Vector Shape - Group","hd":false},{"ty":"st","c":{"a":0,"k":[0.384313755409,0.192156877705,0.423529441684,1],"ix":3},"o":{"a":0,"k":100,"ix":4},"w":{"a":0,"k":16,"ix":5},"lc":2,"lj":2,"bm":0,"nm":"Stroke 1","mn":"ADBE Vector Graphic - Stroke","hd":false},{"ty":"tr","p":{"a":0,"k":[0,0],"ix":2},"a":{"a":0,"k":[0,0],"ix":1},"s":{"a":0,"k":[100,100],"ix":3},"r":{"a":0,"k":0,"ix":6},"o":{"a":0,"k":100,"ix":7},"sk":{"a":0,"k":0,"ix":4},"sa":{"a":0,"k":0,"ix":5},"nm":"Transform"}],"nm":"Shape 1","np":3,"cix":2,"bm":0,"ix":1,"mn":"ADBE Vector Group","hd":false}],"ip":70,"op":140,"st":70,"bm":0},{"ddd":0,"ind":7,"ty":4,"nm":"ave 2","sr":1,"ks":{"o":{"a":0,"k":10,"ix":11},"r":{"a":0,"k":0,"ix":10},"p":{"a":1,"k":[{"i":{"x":0.833,"y":0.929},"o":{"x":0.167,"y":0.135},"t":0,"s":[372.125,121.789,0],"to":[0,-2.85,0],"ti":[0,0,0]},{"i":{"x":0.833,"y":0.936},"o":{"x":0.16,"y":0.064},"t":8.02,"s":[372.125,104.689,0],"to":[0,0,0],"ti":[0,0,0]},{"i":{"x":0.822,"y":0.731},"o":{"x":0.167,"y":0.26},"t":16.816,"s":[372.125,84.699,0],"to":[0,0,0],"ti":[0,0,0]},{"i":{"x":0.833,"y":0.938},"o":{"x":0.167,"y":0.054},"t":56,"s":[372.125,106.589,0],"to":[0,0,0],"ti":[0,5.13,0]},{"i":{"x":0.833,"y":0.472},"o":{"x":0.167,"y":0.504},"t":66,"s":[372.125,80.369,0],"to":[0,-5.13,0],"ti":[0,-4.053,0]},{"i":{"x":0.833,"y":0.833},"o":{"x":0.167,"y":0.065},"t":91,"s":[372.125,75.809,0],"to":[0,4.053,0],"ti":[0,0,0]},{"i":{"x":0.833,"y":0.875},"o":{"x":0.167,"y":0.167},"t":102,"s":[372.125,104.689,0],"to":[0,0,0],"ti":[0,1.48,0]},{"i":{"x":0.833,"y":0.833},"o":{"x":0.167,"y":0.227},"t":113,"s":[372.125,75.809,0],"to":[0,-1.48,0],"ti":[0,-7.663,0]},{"i":{"x":0.833,"y":0.833},"o":{"x":0.167,"y":0.167},"t":127,"s":[372.125,95.809,0],"to":[0,7.663,0],"ti":[0,-4.33,0]},{"t":139,"s":[372.125,121.789,0]}],"ix":2},"a":{"a":0,"k":[237.125,-101.75,0],"ix":1},"s":{"a":0,"k":[76,76,100],"ix":6}},"ao":0,"shapes":[{"ty":"gr","it":[{"ind":0,"ty":"sh","ix":1,"ks":{"a":1,"k":[{"i":{"x":0.833,"y":0.833},"o":{"x":0.167,"y":0.115},"t":0,"s":[{"i":[[0,0],[-6.5,-14.75],[-14.25,0.25]],"o":[[0,0],[7.75,-12],[18.997,-0.333]],"v":[[208,-111],[236,-93.25],[266.25,-113.5]],"c":false}]},{"i":{"x":0.833,"y":0.833},"o":{"x":0.167,"y":0.167},"t":7.857,"s":[{"i":[[-9.5,0.25],[-11,-13],[-14.25,0.25]],"o":[[9.5,-0.25],[7.75,-12],[18.997,-0.333]],"v":[[209,-72.25],[236,-93.25],[266.5,-71.5]],"c":false}]},{"i":{"x":0.833,"y":0.868},"o":{"x":0.167,"y":0.167},"t":12.905,"s":[{"i":[[-6.5,0.5],[-0.5,-21.25],[-14.5,3.75]],"o":[[6.5,-0.5],[1.5,-12.75],[18.395,-4.757]],"v":[[222.25,-121.5],[236,-93.25],[250.75,-123.5]],"c":false}]},{"i":{"x":0.833,"y":0.833},"o":{"x":0.167,"y":0.132},"t":16.69,"s":[{"i":[[0,0],[-6.5,-14.75],[-14.25,0.25]],"o":[[0,0],[7.75,-12],[18.997,-0.333]],"v":[[208,-111],[236,-93.25],[266.25,-113.5]],"c":false}]},{"i":{"x":0.833,"y":0.833},"o":{"x":0.167,"y":0.167},"t":23,"s":[{"i":[[0,0],[-6.5,-14.75],[-14.25,0.25]],"o":[[0,0],[7.75,-12],[18.997,-0.333]],"v":[[208,-111],[236,-93.25],[266.25,-113.5]],"c":false}]},{"i":{"x":0.833,"y":0.833},"o":{"x":0.167,"y":0.167},"t":56,"s":[{"i":[[0,0],[-6.5,-14.75],[-14.25,0.25]],"o":[[0,0],[7.75,-12],[18.997,-0.333]],"v":[[208,-109.438],[236,-91.688],[266.25,-111.938]],"c":false}]},{"i":{"x":0.833,"y":0.833},"o":{"x":0.167,"y":0.167},"t":60.6,"s":[{"i":[[-9.5,0.25],[-11,-13],[-14.25,0.25]],"o":[[9.5,-0.25],[7.75,-12],[18.997,-0.333]],"v":[[209,-72.25],[236,-93.25],[266.5,-71.5]],"c":false}]},{"i":{"x":0.833,"y":0.853},"o":{"x":0.167,"y":0.167},"t":65.135,"s":[{"i":[[-6.5,0.5],[-0.5,-21.25],[-14.5,3.75]],"o":[[6.5,-0.5],[1.5,-12.75],[18.395,-4.757]],"v":[[222.25,-121.5],[236,-93.25],[250.75,-123.5]],"c":false}]},{"i":{"x":0.833,"y":0.833},"o":{"x":0.167,"y":0.147},"t":68.538,"s":[{"i":[[0,0],[-6.5,-14.75],[-14.25,0.25]],"o":[[0,0],[7.75,-12],[18.997,-0.333]],"v":[[208,-111],[236,-93.25],[266.25,-113.5]],"c":false}]},{"i":{"x":0.833,"y":0.833},"o":{"x":0.167,"y":0.167},"t":74.206,"s":[{"i":[[0,0],[-6.5,-14.75],[-14.25,0.25]],"o":[[0,0],[7.75,-12],[18.997,-0.333]],"v":[[208,-111],[236,-93.25],[266.25,-113.5]],"c":false}]},{"i":{"x":0.833,"y":0.833},"o":{"x":0.167,"y":0.167},"t":79,"s":[{"i":[[0,0],[-6.5,-14.75],[-14.25,0.25]],"o":[[0,0],[7.75,-12],[18.997,-0.333]],"v":[[208,-111],[236,-93.25],[266.25,-113.5]],"c":false}]},{"i":{"x":0.833,"y":0.833},"o":{"x":0.167,"y":0.167},"t":102,"s":[{"i":[[0,0],[-6.5,-14.75],[-14.25,0.25]],"o":[[0,0],[7.75,-12],[18.997,-0.333]],"v":[[208,-111],[236,-93.25],[266.25,-113.5]],"c":false}]},{"i":{"x":0.833,"y":0.833},"o":{"x":0.167,"y":0.167},"t":105.469,"s":[{"i":[[-9.5,0.25],[-11,-13],[-14.25,0.25]],"o":[[9.5,-0.25],[7.75,-12],[18.997,-0.333]],"v":[[209,-72.25],[236,-93.25],[266.5,-71.5]],"c":false}]},{"i":{"x":0.833,"y":0.854},"o":{"x":0.167,"y":0.167},"t":110.028,"s":[{"i":[[-6.5,0.5],[-0.5,-21.25],[-14.5,3.75]],"o":[[6.5,-0.5],[1.5,-12.75],[18.395,-4.757]],"v":[[222.25,-121.5],[236,-93.25],[250.75,-123.5]],"c":false}]},{"i":{"x":0.833,"y":0.856},"o":{"x":0.167,"y":0.146},"t":113.447,"s":[{"i":[[0,0],[-6.5,-14.75],[-14.25,0.25]],"o":[[0,0],[7.75,-12],[18.997,-0.333]],"v":[[208,-111],[236,-93.25],[266.25,-113.5]],"c":false}]},{"i":{"x":0.833,"y":0.856},"o":{"x":0.167,"y":0.144},"t":119.147,"s":[{"i":[[0,0],[-6.5,-14.75],[-14.25,0.25]],"o":[[0,0],[7.75,-12],[18.997,-0.333]],"v":[[208,-111],[236,-93.25],[266.25,-113.5]],"c":false}]},{"t":123.96875,"s":[{"i":[[0,0],[-6.5,-14.75],[-14.25,0.25]],"o":[[0,0],[7.75,-12],[18.997,-0.333]],"v":[[208,-111],[236,-93.25],[266.25,-113.5]],"c":false}]}],"ix":2},"nm":"Path 1","mn":"ADBE Vector Shape - Group","hd":false},{"ty":"st","c":{"a":0,"k":[0.384313755409,0.192156877705,0.423529441684,1],"ix":3},"o":{"a":0,"k":100,"ix":4},"w":{"a":0,"k":16,"ix":5},"lc":2,"lj":2,"bm":0,"nm":"Stroke 1","mn":"ADBE Vector Graphic - Stroke","hd":false},{"ty":"tr","p":{"a":0,"k":[0,0],"ix":2},"a":{"a":0,"k":[0,0],"ix":1},"s":{"a":0,"k":[100,100],"ix":3},"r":{"a":0,"k":0,"ix":6},"o":{"a":0,"k":100,"ix":7},"sk":{"a":0,"k":0,"ix":4},"sa":{"a":0,"k":0,"ix":5},"nm":"Transform"}],"nm":"Shape 1","np":3,"cix":2,"bm":0,"ix":1,"mn":"ADBE Vector Group","hd":false}],"ip":0,"op":140,"st":0,"bm":0},{"ddd":0,"ind":8,"ty":4,"nm":"Layer 16 Outlines","sr":1,"ks":{"o":{"a":0,"k":10,"ix":11},"r":{"a":0,"k":0,"ix":10},"p":{"a":0,"k":[489.829,141.004,0],"ix":2},"a":{"a":0,"k":[75.812,77.955,0],"ix":1},"s":{"a":0,"k":[100,100,100],"ix":6}},"ao":0,"shapes":[{"ty":"gr","it":[{"ind":0,"ty":"sh","ix":1,"ks":{"a":0,"k":{"i":[[-2.238,-19.444],[-27.033,-6.416],[-16.419,22.413],[12.448,24.839],[22.228,1.659]],"o":[[3.178,27.602],[27.033,6.415],[16.419,-22.413],[-9.987,-19.928],[-73.518,-5.485]],"v":[[-70.76,11.826],[-19.23,70.461],[54.418,42.812],[60.551,-36.187],[7.871,-71.391]],"c":true},"ix":2},"nm":"Path 1","mn":"ADBE Vector Shape - Group","hd":false},{"ty":"st","c":{"a":0,"k":[0.367762995701,0.189552352008,0.416115435432,1],"ix":3},"o":{"a":0,"k":100,"ix":4},"w":{"a":0,"k":12,"ix":5},"lc":2,"lj":2,"bm":0,"nm":"Stroke 1","mn":"ADBE Vector Graphic - Stroke","hd":false},{"ty":"tr","p":{"a":0,"k":[77.091,77.699],"ix":2},"a":{"a":0,"k":[0,0],"ix":1},"s":{"a":0,"k":[100,100],"ix":3},"r":{"a":0,"k":0,"ix":6},"o":{"a":0,"k":100,"ix":7},"sk":{"a":0,"k":0,"ix":4},"sa":{"a":0,"k":0,"ix":5},"nm":"Transform"}],"nm":"Group 1","np":2,"cix":2,"bm":0,"ix":1,"mn":"ADBE Vector Group","hd":false}],"ip":0,"op":140,"st":0,"bm":0},{"ddd":0,"ind":9,"ty":4,"nm":"Layer 13 Outlines","sr":1,"ks":{"o":{"a":0,"k":10,"ix":11},"r":{"a":0,"k":0,"ix":10},"p":{"a":0,"k":[77.533,331.608,0],"ix":2},"a":{"a":0,"k":[76.011,116.45,0],"ix":1},"s":{"a":0,"k":[100,100,100],"ix":6}},"ao":0,"shapes":[{"ty":"gr","it":[{"ind":0,"ty":"sh","ix":1,"ks":{"a":0,"k":{"i":[[0,0],[-0.45,6.601],[-0.52,7.01],[-0.569,10.563],[-1.65,-0.408],[-7.435,5.163],[-1.288,6.086],[0.254,6.709],[3.103,5.319],[5.212,-2.732],[0.809,-5.168],[0.43,-4.225],[0.092,-1.078],[2.675,0.159],[0,0],[-0.209,2.755],[0.664,13.212],[2.604,-9.257],[0.016,-0.055],[0.176,-7.041],[0.357,-7.279],[0.323,-13.613],[-0.087,13.244],[1.366,9.292],[6.092,1.264],[2.587,-6.51],[-11.314,-11.313],[-17.006,5.805],[0.285,-4.325],[-0.907,-16.231]],"o":[[-0.583,-6.646],[0.478,-7.007],[0.905,-12.195],[0.092,-1.698],[8.151,2.014],[5.23,-3.633],[1.394,-6.581],[-0.227,-6.003],[-2.859,-4.9],[-4.858,2.547],[-0.657,4.197],[-0.11,1.071],[-0.227,2.671],[0,0],[-2.758,-0.165],[0.618,-8.17],[-1.813,-36.095],[-0.015,0.055],[-1.917,6.81],[-0.181,7.283],[-0.668,13.6],[-0.307,12.958],[0.12,-18.333],[-0.824,-5.602],[-7.926,-1.646],[-6.001,15.1],[7.631,7.631],[0,0],[-1.067,16.182],[0,0]],"v":[[16.361,112.662],[17.649,92.938],[18.764,71.892],[21.113,20.534],[24.474,18.09],[60.313,13.887],[69.42,-1.465],[70.882,-21.595],[67.392,-39.941],[53.62,-44.433],[45.443,-31.067],[43.796,-18.428],[43.492,-15.203],[38.296,-10.679],[25.428,-10.685],[20.791,-15.987],[21.389,-80.167],[-7.881,-95.06],[-7.928,-94.895],[-10.489,-73.871],[-11.205,-25.319],[-13.097,15.488],[-38.791,15.451],[-39.875,-36.347],[-49.568,-49.201],[-65.135,-37.607],[-59.648,48.686],[-15.152,54.92],[-15.902,67.59],[-17.658,116.262]],"c":false},"ix":2},"nm":"Path 1","mn":"ADBE Vector Shape - Group","hd":false},{"ty":"st","c":{"a":0,"k":[0.367762995701,0.189552352008,0.416115435432,1],"ix":3},"o":{"a":0,"k":100,"ix":4},"w":{"a":0,"k":12,"ix":5},"lc":2,"lj":2,"bm":0,"nm":"Stroke 1","mn":"ADBE Vector Graphic - Stroke","hd":false},{"ty":"tr","p":{"a":0,"k":[75.061,110.639],"ix":2},"a":{"a":0,"k":[0,0],"ix":1},"s":{"a":0,"k":[100,100],"ix":3},"r":{"a":0,"k":0,"ix":6},"o":{"a":0,"k":100,"ix":7},"sk":{"a":0,"k":0,"ix":4},"sa":{"a":0,"k":0,"ix":5},"nm":"Transform"}],"nm":"Group 1","np":2,"cix":2,"bm":0,"ix":1,"mn":"ADBE Vector Group","hd":false}],"ip":0,"op":140,"st":0,"bm":0},{"ddd":0,"ind":10,"ty":4,"nm":"rasgos 2","parent":13,"sr":1,"ks":{"o":{"a":0,"k":20,"ix":11},"r":{"a":0,"k":0,"ix":10},"p":{"a":0,"k":[59.632,88.157,0],"ix":2},"a":{"a":0,"k":[105.437,21.972,0],"ix":1},"s":{"a":0,"k":[100,100,100],"ix":6}},"ao":0,"shapes":[{"ty":"gr","it":[{"ind":0,"ty":"sh","ix":1,"ks":{"a":0,"k":{"i":[[0.243,-1.354],[0.426,-1.037],[0,0],[0.862,-1.124],[-0.28,0.363],[1.067,-0.839],[-0.362,0.279],[1.248,-0.533],[-0.427,0.181],[0.277,-0.1],[0.732,-1.251],[-0.416,-1.289],[-1.24,-0.656],[-1.35,0.481],[-2.396,2.831],[-0.655,3.655],[0.767,1.309],[1.278,0.291],[1.218,-0.785]],"o":[[-0.198,1.104],[0,0],[-0.553,1.303],[0.279,-0.361],[-0.839,1.07],[0.362,-0.279],[-1.076,0.827],[0.427,-0.18],[-0.273,0.113],[-1.332,0.474],[-0.673,1.148],[0.42,1.296],[1.221,0.645],[3.467,-1.237],[2.375,-2.807],[0.26,-1.448],[-0.65,-1.112],[-1.372,-0.313],[-1.112,0.717]],"v":[[-0.025,-7.491],[-0.964,-4.281],[-0.423,-5.561],[-2.553,-1.916],[-1.714,-3.001],[-4.574,-0.133],[-3.489,-0.97],[-6.976,1.077],[-5.695,0.536],[-6.519,0.854],[-9.722,3.317],[-10.263,7.447],[-7.799,10.65],[-3.67,11.19],[5.42,5.128],[10.311,-4.641],[9.771,-8.771],[6.568,-11.234],[2.438,-10.694]],"c":true},"ix":2},"nm":"Path 1","mn":"ADBE Vector Shape - Group","hd":false},{"ty":"gr","it":[{"ty":"tr","p":{"a":0,"k":[0,0],"ix":2},"a":{"a":0,"k":[0,0],"ix":1},"s":{"a":0,"k":[100,100],"ix":3},"r":{"a":0,"k":0,"ix":6},"o":{"a":0,"k":100,"ix":7},"sk":{"a":0,"k":0,"ix":4},"sa":{"a":0,"k":0,"ix":5},"nm":"Transform"}],"nm":"Group 1","np":0,"cix":2,"bm":0,"ix":2,"mn":"ADBE Vector Group","hd":false},{"ty":"mm","mm":4,"nm":"Merge Paths 1","mn":"ADBE Vector Filter - Merge","hd":false},{"ty":"fl","c":{"a":0,"k":[0.367762995701,0.189552352008,0.416115435432,1],"ix":4},"o":{"a":0,"k":100,"ix":5},"r":1,"bm":0,"nm":"Fill 1","mn":"ADBE Vector Graphic - Fill","hd":false},{"ty":"tr","p":{"a":0,"k":[70.001,11.408],"ix":2},"a":{"a":0,"k":[0,0],"ix":1},"s":{"a":0,"k":[100,100],"ix":3},"r":{"a":0,"k":0,"ix":6},"o":{"a":0,"k":100,"ix":7},"sk":{"a":0,"k":0,"ix":4},"sa":{"a":0,"k":0,"ix":5},"nm":"Transform"}],"nm":"Group 1","np":4,"cix":2,"bm":0,"ix":1,"mn":"ADBE Vector Group","hd":false},{"ty":"gr","it":[{"ind":0,"ty":"sh","ix":1,"ks":{"a":0,"k":{"i":[[-0.267,-1.489],[-2.378,-2.804],[-3.468,-1.237],[-1.115,0.652],[-0.291,1.277],[0.785,1.218],[1.374,0.49],[0.272,0.112],[-0.427,-0.181],[1.075,0.827],[-0.362,-0.28],[0.838,1.069],[-0.279,-0.362],[0.553,1.304],[0,0],[0.198,1.104],[1.059,0.62],[1.287,-0.417],[0.654,-1.239]],"o":[[0.655,3.653],[2.4,2.83],[1.253,0.447],[1.112,-0.65],[0.313,-1.372],[-0.788,-1.223],[-0.277,-0.099],[0.427,0.18],[-1.248,-0.533],[0.362,0.279],[-1.068,-0.84],[0.28,0.362],[-0.862,-1.124],[0,0],[-0.425,-1.037],[-0.224,-1.253],[-1.149,-0.672],[-1.297,0.42],[-0.708,1.34]],"v":[[-10.306,-4.624],[-5.414,5.146],[3.675,11.207],[7.805,10.667],[10.268,7.464],[9.728,3.334],[6.525,0.871],[5.701,0.554],[6.981,1.095],[3.495,-0.953],[4.58,-0.115],[1.72,-2.983],[2.558,-1.898],[0.429,-5.544],[0.969,-4.264],[0.03,-7.474],[-2.432,-10.677],[-6.562,-11.217],[-9.765,-8.754]],"c":true},"ix":2},"nm":"Path 1","mn":"ADBE Vector Shape - Group","hd":false},{"ty":"gr","it":[{"ty":"tr","p":{"a":0,"k":[0,0],"ix":2},"a":{"a":0,"k":[0,0],"ix":1},"s":{"a":0,"k":[100,100],"ix":3},"r":{"a":0,"k":0,"ix":6},"o":{"a":0,"k":100,"ix":7},"sk":{"a":0,"k":0,"ix":4},"sa":{"a":0,"k":0,"ix":5},"nm":"Transform"}],"nm":"Group 1","np":0,"cix":2,"bm":0,"ix":2,"mn":"ADBE Vector Group","hd":false},{"ty":"mm","mm":4,"nm":"Merge Paths 1","mn":"ADBE Vector Filter - Merge","hd":false},{"ty":"fl","c":{"a":0,"k":[0.367762995701,0.189552352008,0.416115435432,1],"ix":4},"o":{"a":0,"k":100,"ix":5},"r":1,"bm":0,"nm":"Fill 1","mn":"ADBE Vector Graphic - Fill","hd":false},{"ty":"tr","p":{"a":0,"k":[135.662,13.39],"ix":2},"a":{"a":0,"k":[0,0],"ix":1},"s":{"a":0,"k":[100,100],"ix":3},"r":{"a":0,"k":0,"ix":6},"o":{"a":0,"k":100,"ix":7},"sk":{"a":0,"k":0,"ix":4},"sa":{"a":0,"k":0,"ix":5},"nm":"Transform"}],"nm":"Group 2","np":4,"cix":2,"bm":0,"ix":2,"mn":"ADBE Vector Group","hd":false}],"ip":0,"op":140,"st":0,"bm":0},{"ddd":0,"ind":11,"ty":4,"nm":"rasgos","parent":13,"sr":1,"ks":{"o":{"a":0,"k":20,"ix":11},"r":{"a":0,"k":0,"ix":10},"p":{"a":0,"k":[59.632,88.157,0],"ix":2},"a":{"a":0,"k":[105.437,21.972,0],"ix":1},"s":{"a":1,"k":[{"i":{"x":[0.833,0.833,0.833],"y":[0.833,0.833,0.833]},"o":{"x":[0.167,0.167,0.167],"y":[0.167,0.167,0.167]},"t":37,"s":[100,100,100]},{"i":{"x":[0.833,0.833,0.833],"y":[0.833,0.833,0.833]},"o":{"x":[0.167,0.167,0.167],"y":[0.167,0.167,0.167]},"t":41,"s":[93,100,100]},{"i":{"x":[0.833,0.833,0.833],"y":[0.833,0.833,0.833]},"o":{"x":[0.167,0.167,0.167],"y":[0.167,0.167,0.167]},"t":47,"s":[100,104,100]},{"i":{"x":[0.833,0.833,0.833],"y":[0.833,0.833,0.833]},"o":{"x":[0.167,0.167,0.167],"y":[0.167,0.167,0.167]},"t":53,"s":[93,100,100]},{"t":56,"s":[100,100,100]}],"ix":6}},"ao":0,"shapes":[{"ty":"gr","it":[{"ind":0,"ty":"sh","ix":1,"ks":{"a":0,"k":{"i":[[-0.166,-1.377],[0.315,-2.384],[-0.063,0.475],[0.219,-0.923],[-0.727,-1.242],[-1.278,-0.291],[-1.218,0.785],[-0.326,1.368],[0.457,3.792],[0.336,0.638],[0.523,0.485],[1.335,-0.061],[0.966,-1.053]],"o":[[0.288,2.388],[0.064,-0.475],[-0.13,0.938],[-0.33,1.382],[0.65,1.111],[1.372,0.312],[1.151,-0.743],[0.883,-3.71],[0.028,-0.738],[-0.216,-0.664],[-0.929,-0.93],[-1.386,0.061],[-0.895,0.975]],"v":[[-5.189,-4.974],[-5.233,2.204],[-5.042,0.78],[-5.566,3.571],[-5.026,7.701],[-1.823,10.164],[2.307,9.624],[4.77,6.421],[5.53,-4.974],[5.068,-7.039],[3.96,-8.764],[0.17,-10.333],[-3.619,-8.764]],"c":true},"ix":2},"nm":"Path 1","mn":"ADBE Vector Shape - Group","hd":false},{"ty":"gr","it":[{"ty":"tr","p":{"a":0,"k":[0,0],"ix":2},"a":{"a":0,"k":[0,0],"ix":1},"s":{"a":0,"k":[100,100],"ix":3},"r":{"a":0,"k":0,"ix":6},"o":{"a":0,"k":100,"ix":7},"sk":{"a":0,"k":0,"ix":4},"sa":{"a":0,"k":0,"ix":5},"nm":"Transform"}],"nm":"Group 1","np":0,"cix":2,"bm":0,"ix":2,"mn":"ADBE Vector Group","hd":false},{"ty":"mm","mm":4,"nm":"Merge Paths 1","mn":"ADBE Vector Filter - Merge","hd":false},{"ty":"fl","c":{"a":0,"k":[0.367762995701,0.189552352008,0.416115435432,1],"ix":4},"o":{"a":0,"k":100,"ix":5},"r":1,"bm":0,"nm":"Fill 1","mn":"ADBE Vector Graphic - Fill","hd":false},{"ty":"tr","p":{"a":0,"k":[122.137,81.885],"ix":2},"a":{"a":0,"k":[0,0],"ix":1},"s":{"a":0,"k":[100,100],"ix":3},"r":{"a":0,"k":0,"ix":6},"o":{"a":0,"k":100,"ix":7},"sk":{"a":0,"k":0,"ix":4},"sa":{"a":0,"k":0,"ix":5},"nm":"Transform"}],"nm":"Group 3","np":4,"cix":2,"bm":0,"ix":1,"mn":"ADBE Vector Group","hd":false},{"ty":"gr","it":[{"ind":0,"ty":"sh","ix":1,"ks":{"a":0,"k":{"i":[[0,-1.452],[0,0],[-0.972,-0.971],[-0.664,-0.217],[-0.737,0.028],[-0.966,1.052],[0,1.453],[0,0],[0.972,0.972],[0.665,0.215],[0.738,-0.028],[0.966,-1.053]],"o":[[0,0],[0,1.374],[0.485,0.523],[0.639,0.335],[1.387,-0.062],[0.963,-1.048],[0,0],[0,-1.374],[-0.485,-0.523],[-0.638,-0.336],[-1.386,0.062],[-0.963,1.048]],"v":[[-5.359,-3.825],[-5.359,3.824],[-3.789,7.614],[-2.065,8.723],[0,9.184],[3.79,7.614],[5.36,3.824],[5.36,-3.825],[3.79,-7.614],[2.065,-8.722],[0,-9.184],[-3.789,-7.614]],"c":true},"ix":2},"nm":"Path 1","mn":"ADBE Vector Shape - Group","hd":false},{"ty":"gr","it":[{"ty":"tr","p":{"a":0,"k":[0,0],"ix":2},"a":{"a":0,"k":[0,0],"ix":1},"s":{"a":0,"k":[100,100],"ix":3},"r":{"a":0,"k":0,"ix":6},"o":{"a":0,"k":100,"ix":7},"sk":{"a":0,"k":0,"ix":4},"sa":{"a":0,"k":0,"ix":5},"nm":"Transform"}],"nm":"Group 1","np":0,"cix":2,"bm":0,"ix":2,"mn":"ADBE Vector Group","hd":false},{"ty":"mm","mm":4,"nm":"Merge Paths 1","mn":"ADBE Vector Filter - Merge","hd":false},{"ty":"fl","c":{"a":0,"k":[0.367762995701,0.189552352008,0.416115435432,1],"ix":4},"o":{"a":0,"k":100,"ix":5},"r":1,"bm":0,"nm":"Fill 1","mn":"ADBE Vector Graphic - Fill","hd":false},{"ty":"tr","p":{"a":0,"k":[78.002,83.789],"ix":2},"a":{"a":0,"k":[0,0],"ix":1},"s":{"a":0,"k":[100,100],"ix":3},"r":{"a":0,"k":0,"ix":6},"o":{"a":0,"k":100,"ix":7},"sk":{"a":0,"k":0,"ix":4},"sa":{"a":0,"k":0,"ix":5},"nm":"Transform"}],"nm":"Group 4","np":4,"cix":2,"bm":0,"ix":2,"mn":"ADBE Vector Group","hd":false},{"ty":"gr","it":[{"ind":0,"ty":"sh","ix":1,"ks":{"a":0,"k":{"i":[[0,-3.005],[0,0],[-2.894,0.13],[0,3.005],[0,0],[2.895,-0.13]],"o":[[0,0],[0,2.804],[2.904,-0.13],[0,0],[0,-2.804],[-2.903,0.13]],"v":[[-5.359,-13.003],[-5.359,13.004],[-0.001,18.363],[5.359,13.004],[5.359,-13.003],[-0.001,-18.362]],"c":true},"ix":2},"nm":"Path 1","mn":"ADBE Vector Shape - Group","hd":false},{"ty":"gr","it":[{"ty":"tr","p":{"a":0,"k":[0,0],"ix":2},"a":{"a":0,"k":[0,0],"ix":1},"s":{"a":0,"k":[100,100],"ix":3},"r":{"a":0,"k":0,"ix":6},"o":{"a":0,"k":100,"ix":7},"sk":{"a":0,"k":0,"ix":4},"sa":{"a":0,"k":0,"ix":5},"nm":"Transform"}],"nm":"Group 1","np":0,"cix":2,"bm":0,"ix":2,"mn":"ADBE Vector Group","hd":false},{"ty":"mm","mm":4,"nm":"Merge Paths 1","mn":"ADBE Vector Filter - Merge","hd":false},{"ty":"fl","c":{"a":0,"k":[0.367762995701,0.189552352008,0.416115435432,1],"ix":4},"o":{"a":0,"k":100,"ix":5},"r":1,"bm":0,"nm":"Fill 1","mn":"ADBE Vector Graphic - Fill","hd":false},{"ty":"tr","p":{"a":0,"k":[100.949,83.023],"ix":2},"a":{"a":0,"k":[0,0],"ix":1},"s":{"a":0,"k":[100,100],"ix":3},"r":{"a":0,"k":0,"ix":6},"o":{"a":0,"k":100,"ix":7},"sk":{"a":0,"k":0,"ix":4},"sa":{"a":0,"k":0,"ix":5},"nm":"Transform"}],"nm":"Group 5","np":4,"cix":2,"bm":0,"ix":3,"mn":"ADBE Vector Group","hd":false},{"ty":"gr","it":[{"ind":0,"ty":"sh","ix":1,"ks":{"a":0,"k":{"i":[[-2.975,0.481],[-0.439,0.068],[-1.489,0.154],[-0.889,0.069],[-1.928,-0.054],[-0.884,-0.073],[-0.441,-0.039],[-1.46,-0.247],[-1.831,-0.562],[-0.83,-0.3],[-1.327,-0.627],[-0.334,-0.164],[-1.32,-0.902],[-0.297,-0.217],[-0.099,-0.073],[0.603,0.46],[-0.41,-0.36],[-1.063,-1.19],[-0.474,-0.57],[-0.757,-1.042],[-0.216,-0.304],[-0.8,-1.409],[-0.627,-1.367],[-0.09,-0.344],[-0.127,-0.319],[-0.289,-0.831],[-0.554,-3.128],[-0.075,-0.472],[0.169,1.271],[-0.09,-0.95],[-0.056,-2.07],[0.915,-8.923],[-2.689,0.12],[-0.307,2.997],[5.178,15.77],[13.887,5.218],[9.189,-1.486],[-0.824,-2.547]],"o":[[0.438,-0.07],[1.477,-0.23],[0.886,-0.092],[1.923,-0.146],[0.886,0.024],[0.441,0.036],[1.476,0.131],[1.886,0.319],[0.844,0.259],[1.377,0.497],[0.336,0.159],[1.434,0.707],[0.304,0.207],[0.099,0.072],[0.462,0.349],[0.491,0.213],[1.2,1.052],[0.494,0.553],[0.823,0.987],[0.219,0.3],[0.938,1.32],[0.743,1.307],[0.148,0.323],[-0.349,-1.337],[0.327,0.816],[1.041,3.002],[0.083,0.471],[0.024,0.161],[0.126,0.946],[0.194,2.062],[0.244,8.981],[-0.287,2.798],[3.15,-0.142],[1.661,-16.199],[-4.53,-13.795],[-8.844,-3.323],[-2.775,0.449],[0.974,3.009]],"v":[[-24.671,-32.743],[-23.356,-32.947],[-23.018,-32.989],[-20.359,-33.25],[-14.576,-33.399],[-11.92,-33.255],[-10.598,-33.127],[-10.272,-33.088],[-4.694,-31.826],[-2.198,-30.959],[-1.849,-30.814],[-0.84,-30.338],[3.296,-27.917],[4.196,-27.281],[4.492,-27.063],[4.28,-27.229],[5.688,-26.052],[9.081,-22.679],[10.515,-20.984],[10.587,-20.895],[11.245,-19.994],[13.851,-15.895],[15.904,-11.879],[16.364,-10.846],[16.403,-10.734],[17.326,-8.263],[19.696,0.952],[19.932,2.367],[20.011,2.835],[20.331,5.682],[20.699,11.883],[19.117,38.746],[24.476,44.106],[29.836,38.746],[27.963,-10.22],[0.239,-41.453],[-27.521,-43.079],[-31.264,-36.486]],"c":true},"ix":2},"nm":"Path 1","mn":"ADBE Vector Shape - Group","hd":false},{"ty":"gr","it":[{"ty":"tr","p":{"a":0,"k":[0,0],"ix":2},"a":{"a":0,"k":[0,0],"ix":1},"s":{"a":0,"k":[100,100],"ix":3},"r":{"a":0,"k":0,"ix":6},"o":{"a":0,"k":100,"ix":7},"sk":{"a":0,"k":0,"ix":4},"sa":{"a":0,"k":0,"ix":5},"nm":"Transform"}],"nm":"Group 1","np":0,"cix":2,"bm":0,"ix":2,"mn":"ADBE Vector Group","hd":false},{"ty":"mm","mm":4,"nm":"Merge Paths 1","mn":"ADBE Vector Filter - Merge","hd":false},{"ty":"fl","c":{"a":0,"k":[0.367762995701,0.189552352008,0.416115435432,1],"ix":4},"o":{"a":0,"k":100,"ix":5},"r":1,"bm":0,"nm":"Fill 1","mn":"ADBE Vector Graphic - Fill","hd":false},{"ty":"tr","p":{"a":0,"k":[31.466,50.885],"ix":2},"a":{"a":0,"k":[0,0],"ix":1},"s":{"a":0,"k":[100,100],"ix":3},"r":{"a":0,"k":0,"ix":6},"o":{"a":0,"k":100,"ix":7},"sk":{"a":0,"k":0,"ix":4},"sa":{"a":0,"k":0,"ix":5},"nm":"Transform"}],"nm":"Group 6","np":4,"cix":2,"bm":0,"ix":4,"mn":"ADBE Vector Group","hd":false},{"ty":"gr","it":[{"ind":0,"ty":"sh","ix":1,"ks":{"a":0,"k":{"i":[[2.893,0.797],[11.546,-8.92],[2.307,-15.508],[-0.42,-9.531],[-2.982,0.134],[0.132,3],[-0.784,7.699],[-0.054,0.458],[0.143,-1.321],[-0.16,0.903],[-0.519,1.924],[-0.631,1.697],[-0.158,0.397],[0.44,-1.254],[-0.437,0.877],[-2.278,2.628],[-0.129,0.16],[-0.276,0.325],[-0.541,0.583],[-1.251,1.1],[-0.593,0.494],[-1.068,0.785],[-0.314,0.225],[-1.451,0.834],[-1.401,0.637],[1.284,-0.648],[-0.35,0.136],[-0.849,0.27],[-1.741,0.324],[-0.371,0.068],[0.802,-0.11],[-0.25,0.027],[-0.877,0.035],[-1.755,-0.143],[-1.297,-0.22],[-0.495,-0.098],[-0.856,-0.235],[-0.642,2.822]],"o":[[-14.374,-3.96],[-12.505,9.662],[-1.408,9.459],[0.124,2.797],[2.798,-0.125],[-0.34,-7.719],[0.046,-0.459],[0.022,-0.189],[0.099,-0.912],[0.346,-1.962],[0.471,-1.748],[0.148,-0.4],[0.08,-0.204],[0.324,-0.926],[1.54,-3.098],[-0.849,0.98],[0.268,-0.332],[0.512,-0.607],[1.133,-1.221],[0.579,-0.51],[1.019,-0.848],[0.311,-0.228],[1.359,-0.975],[1.334,-0.767],[0.254,-0.115],[0.336,-0.17],[0.832,-0.32],[1.687,-0.54],[0.371,-0.069],[0.598,-0.088],[0.249,-0.033],[0.872,-0.095],[1.762,-0.068],[1.31,0.108],[0.497,0.084],[0.872,0.172],[2.701,0.744],[0.646,-2.833]],"v":[[30.495,-40.943],[-10.621,-31.397],[-33.196,8.527],[-34.123,37.012],[-28.763,42.371],[-23.403,37.012],[-23.153,13.838],[-23.003,12.463],[-22.959,12.059],[-22.528,9.332],[-21.236,3.497],[-19.586,-1.674],[-19.126,-2.868],[-19.013,-3.163],[-17.754,-5.869],[-12.147,-14.916],[-11.934,-15.174],[-11.119,-16.161],[-9.54,-17.947],[-5.961,-21.431],[-4.19,-22.92],[-4.055,-23.03],[-3.122,-23.715],[1.095,-26.431],[5.2,-28.539],[5.326,-28.609],[6.391,-29.036],[8.911,-29.923],[14.057,-31.223],[15.173,-31.415],[14.868,-31.382],[15.616,-31.471],[18.241,-31.665],[23.496,-31.49],[23.566,-31.487],[25.056,-31.226],[27.645,-30.607],[34.238,-34.35]],"c":true},"ix":2},"nm":"Path 1","mn":"ADBE Vector Shape - Group","hd":false},{"ty":"gr","it":[{"ty":"tr","p":{"a":0,"k":[0,0],"ix":2},"a":{"a":0,"k":[0,0],"ix":1},"s":{"a":0,"k":[100,100],"ix":3},"r":{"a":0,"k":0,"ix":6},"o":{"a":0,"k":100,"ix":7},"sk":{"a":0,"k":0,"ix":4},"sa":{"a":0,"k":0,"ix":5},"nm":"Transform"}],"nm":"Group 1","np":0,"cix":2,"bm":0,"ix":2,"mn":"ADBE Vector Group","hd":false},{"ty":"mm","mm":4,"nm":"Merge Paths 1","mn":"ADBE Vector Filter - Merge","hd":false},{"ty":"fl","c":{"a":0,"k":[0.367762995701,0.189552352008,0.416115435432,1],"ix":4},"o":{"a":0,"k":100,"ix":5},"r":1,"bm":0,"nm":"Fill 1","mn":"ADBE Vector Graphic - Fill","hd":false},{"ty":"tr","p":{"a":0,"k":[176.489,57.482],"ix":2},"a":{"a":0,"k":[0,0],"ix":1},"s":{"a":0,"k":[100,100],"ix":3},"r":{"a":0,"k":0,"ix":6},"o":{"a":0,"k":100,"ix":7},"sk":{"a":0,"k":0,"ix":4},"sa":{"a":0,"k":0,"ix":5},"nm":"Transform"}],"nm":"Group 7","np":4,"cix":2,"bm":0,"ix":5,"mn":"ADBE Vector Group","hd":false}],"ip":0,"op":140,"st":0,"bm":0},{"ddd":0,"ind":12,"ty":4,"nm":"palo","parent":19,"sr":1,"ks":{"o":{"a":0,"k":100,"ix":11},"r":{"a":1,"k":[{"i":{"x":[0.833],"y":[0.833]},"o":{"x":[0.167],"y":[0.167]},"t":0,"s":[0]},{"i":{"x":[0.833],"y":[0.833]},"o":{"x":[0.167],"y":[0.167]},"t":8,"s":[0]},{"i":{"x":[0.833],"y":[0.833]},"o":{"x":[0.167],"y":[0.167]},"t":15,"s":[2]},{"i":{"x":[0.833],"y":[0.833]},"o":{"x":[0.167],"y":[0.167]},"t":20,"s":[-3]},{"i":{"x":[0.833],"y":[0.833]},"o":{"x":[0.167],"y":[0.167]},"t":26,"s":[1]},{"i":{"x":[0.833],"y":[0.833]},"o":{"x":[0.167],"y":[0.167]},"t":31,"s":[-2]},{"i":{"x":[0.833],"y":[0.833]},"o":{"x":[0.167],"y":[0.167]},"t":37,"s":[-1]},{"t":41,"s":[0]}],"ix":10},"p":{"a":0,"k":[165.398,33.971,0],"ix":2},"a":{"a":0,"k":[79.958,274.277,0],"ix":1},"s":{"a":0,"k":[100,100,100],"ix":6}},"ao":0,"shapes":[{"ty":"gr","it":[{"ind":0,"ty":"sh","ix":1,"ks":{"a":0,"k":{"i":[[21.565,-12.83],[-13.614,11.923],[-4.318,11.254],[1.885,-2.527]],"o":[[15.892,-8.658],[9.067,-7.941],[-2.798,-1.452],[-16.818,22.55]],"v":[[-33.271,30.303],[11.168,-0.694],[33.271,-28.851],[25.581,-24.898]],"c":true},"ix":2},"nm":"Path 1","mn":"ADBE Vector Shape - Group","hd":false},{"ty":"st","c":{"a":0,"k":[0.367762995701,0.189552352008,0.416115435432,1],"ix":3},"o":{"a":0,"k":100,"ix":4},"w":{"a":0,"k":10.217,"ix":5},"lc":2,"lj":2,"bm":0,"nm":"Stroke 1","mn":"ADBE Vector Graphic - Stroke","hd":false},{"ty":"tr","p":{"a":0,"k":[121.524,167.283],"ix":2},"a":{"a":0,"k":[0,0],"ix":1},"s":{"a":0,"k":[100,100],"ix":3},"r":{"a":0,"k":0,"ix":6},"o":{"a":0,"k":100,"ix":7},"sk":{"a":0,"k":0,"ix":4},"sa":{"a":0,"k":0,"ix":5},"nm":"Transform"}],"nm":"Group 1","np":2,"cix":2,"bm":0,"ix":1,"mn":"ADBE Vector Group","hd":false},{"ty":"gr","it":[{"ind":0,"ty":"sh","ix":1,"ks":{"a":0,"k":{"i":[[-15.983,-11.822],[10.4,16.754],[0.711,5.397],[-2.65,-4.164]],"o":[[-16.766,-10.38],[-2.871,-4.625],[3.912,3.011],[10.65,16.738]],"v":[[24.495,27.75],[-16.337,-14.428],[-22.566,-29.385],[-13.314,-17.926]],"c":true},"ix":2},"nm":"Path 1","mn":"ADBE Vector Shape - Group","hd":false},{"ty":"st","c":{"a":0,"k":[0.367762995701,0.189552352008,0.416115435432,1],"ix":3},"o":{"a":0,"k":100,"ix":4},"w":{"a":0,"k":10.217,"ix":5},"lc":2,"lj":2,"bm":0,"nm":"Stroke 1","mn":"ADBE Vector Graphic - Stroke","hd":false},{"ty":"tr","p":{"a":0,"k":[50.037,236.876],"ix":2},"a":{"a":0,"k":[0,0],"ix":1},"s":{"a":0,"k":[100,100],"ix":3},"r":{"a":0,"k":0,"ix":6},"o":{"a":0,"k":100,"ix":7},"sk":{"a":0,"k":0,"ix":4},"sa":{"a":0,"k":0,"ix":5},"nm":"Transform"}],"nm":"Group 2","np":2,"cix":2,"bm":0,"ix":2,"mn":"ADBE Vector Group","hd":false},{"ty":"gr","it":[{"ind":0,"ty":"sh","ix":1,"ks":{"a":0,"k":{"i":[[4.96,-67.34],[-0.32,53.099],[-2.034,21.5],[-6.892,3.175]],"o":[[0.32,-53.1],[0.13,-21.596],[0.715,-7.555],[-5.503,88.003]],"v":[[-6.343,121.775],[-5.382,-37.522],[-3.087,-102.246],[6.343,-121.775]],"c":true},"ix":2},"nm":"Path 1","mn":"ADBE Vector Shape - Group","hd":false},{"ty":"st","c":{"a":0,"k":[0.367762995701,0.189552352008,0.416115435432,1],"ix":3},"o":{"a":0,"k":100,"ix":4},"w":{"a":0,"k":10.217,"ix":5},"lc":2,"lj":2,"bm":0,"nm":"Stroke 1","mn":"ADBE Vector Graphic - Stroke","hd":false},{"ty":"tr","p":{"a":0,"k":[86.244,147.318],"ix":2},"a":{"a":0,"k":[0,0],"ix":1},"s":{"a":0,"k":[100,100],"ix":3},"r":{"a":0,"k":0,"ix":6},"o":{"a":0,"k":100,"ix":7},"sk":{"a":0,"k":0,"ix":4},"sa":{"a":0,"k":0,"ix":5},"nm":"Transform"}],"nm":"Group 3","np":2,"cix":2,"bm":0,"ix":3,"mn":"ADBE Vector Group","hd":false}],"ip":0,"op":140,"st":0,"bm":0},{"ddd":0,"ind":13,"ty":3,"nm":"NULL CONTROL","parent":19,"sr":1,"ks":{"o":{"a":0,"k":0,"ix":11},"r":{"a":0,"k":0,"ix":10},"p":{"a":1,"k":[{"i":{"x":0.833,"y":0.851},"o":{"x":0.167,"y":0.167},"t":0,"s":[148.78,107.896,0],"to":[0,1.667,0],"ti":[1,-1.667,0]},{"i":{"x":0.833,"y":0.704},"o":{"x":0.167,"y":0.193},"t":8,"s":[148.78,117.896,0],"to":[-1,1.667,0],"ti":[-1.333,0,0]},{"i":{"x":0.833,"y":0.845},"o":{"x":0.167,"y":0.105},"t":14.884,"s":[142.78,117.896,0],"to":[1.333,0,0],"ti":[0,0,0]},{"i":{"x":0.833,"y":0.84},"o":{"x":0.167,"y":0.178},"t":20,"s":[156.78,117.896,0],"to":[0,0,0],"ti":[0.333,0,0]},{"i":{"x":0.833,"y":0.917},"o":{"x":0.167,"y":0.174},"t":25.896,"s":[142.78,117.896,0],"to":[-0.333,0,0],"ti":[-2,0,0]},{"i":{"x":0.833,"y":0.833},"o":{"x":0.167,"y":0.167},"t":31.4,"s":[154.78,117.896,0],"to":[0,0,0],"ti":[0,0,0]},{"i":{"x":0.833,"y":0.833},"o":{"x":0.167,"y":0.167},"t":36.906,"s":[154.78,117.896,0],"to":[0,0,0],"ti":[0,0,0]},{"i":{"x":0.833,"y":0.717},"o":{"x":0.167,"y":0.091},"t":41.494,"s":[154.78,117.896,0],"to":[0,0.99,0],"ti":[1,1.667,0]},{"i":{"x":0.833,"y":0.833},"o":{"x":0.167,"y":0.121},"t":47,"s":[154.78,123.836,0],"to":[-1,-1.667,0],"ti":[1,2.657,0]},{"t":53,"s":[148.78,107.896,0]}],"ix":2},"a":{"a":0,"k":[60,60,0],"ix":1},"s":{"a":0,"k":[100,100,100],"ix":6}},"ao":0,"ip":0,"op":140,"st":0,"bm":0},{"ddd":0,"ind":14,"ty":4,"nm":"cejas","parent":13,"sr":1,"ks":{"o":{"a":0,"k":100,"ix":11},"r":{"a":0,"k":0,"ix":10},"p":{"a":1,"k":[{"i":{"x":0.667,"y":1},"o":{"x":0.333,"y":0},"t":47,"s":[60.77,25.967,0],"to":[0,1.701,0],"ti":[0,0,0]},{"i":{"x":0.667,"y":1},"o":{"x":0.333,"y":0},"t":51,"s":[60.77,36.176,0],"to":[0,0,0],"ti":[0,1.701,0]},{"i":{"x":0.667,"y":1},"o":{"x":0.333,"y":0},"t":54,"s":[60.77,25.967,0],"to":[0,-1.701,0],"ti":[0,-1.701,0]},{"i":{"x":0.667,"y":1},"o":{"x":0.333,"y":0},"t":108,"s":[60.77,25.967,0],"to":[0,1.701,0],"ti":[0,0,0]},{"i":{"x":0.667,"y":1},"o":{"x":0.333,"y":0},"t":112,"s":[60.77,36.176,0],"to":[0,0,0],"ti":[0,1.701,0]},{"t":115,"s":[60.77,25.967,0]}],"ix":2},"a":{"a":0,"k":[88.789,35.246,0],"ix":1},"s":{"a":0,"k":[100,100,100],"ix":6}},"ao":0,"shapes":[{"ty":"gr","it":[{"ind":0,"ty":"sh","ix":1,"ks":{"a":0,"k":{"i":[[6.538,0.749],[-4.834,2.567],[-3.624,1.027],[-3.189,-0.488],[-1.544,-2.832],[2.553,-1.971],[2.026,-0.221]],"o":[[-5.437,-0.623],[3.327,-1.766],[3.104,-0.879],[3.189,0.487],[1.544,2.832],[-1.614,1.247],[-6.055,0.659]],"v":[[-10.338,7.722],[-12.292,-2.784],[-1.83,-6.994],[7.722,-7.983],[15.583,-2.944],[14.126,5.827],[8.359,7.607]],"c":true},"ix":2},"nm":"Path 1","mn":"ADBE Vector Shape - Group","hd":false},{"ty":"st","c":{"a":0,"k":[0.367762995701,0.189552352008,0.416115435432,1],"ix":3},"o":{"a":0,"k":100,"ix":4},"w":{"a":0,"k":10.217,"ix":5},"lc":2,"lj":2,"bm":0,"nm":"Stroke 1","mn":"ADBE Vector Graphic - Stroke","hd":false},{"ty":"tr","p":{"a":0,"k":[33.669,44.479],"ix":2},"a":{"a":0,"k":[0,0],"ix":1},"s":{"a":0,"k":[100,100],"ix":3},"r":{"a":0,"k":-14,"ix":6},"o":{"a":0,"k":100,"ix":7},"sk":{"a":0,"k":0,"ix":4},"sa":{"a":0,"k":0,"ix":5},"nm":"Transform"}],"nm":"Group 1","np":2,"cix":2,"bm":0,"ix":1,"mn":"ADBE Vector Group","hd":false},{"ty":"gr","it":[{"ind":0,"ty":"sh","ix":1,"ks":{"a":0,"k":{"i":[[-6.354,3.285],[2.953,1.967],[8.476,-3.134],[0.928,-1.612],[-1.596,-1.845],[-2.343,-0.677]],"o":[[3.152,-1.63],[-7.49,-4.989],[-1.743,0.645],[-1.216,2.113],[1.596,1.845],[7.9,2.279]],"v":[[13.934,5.036],[14.297,-3.063],[-11.581,-6.318],[-16.034,-3.153],[-14.995,3.626],[-8.713,7.173]],"c":true},"ix":2},"nm":"Path 1","mn":"ADBE Vector Shape - Group","hd":false},{"ty":"st","c":{"a":0,"k":[0.367762995701,0.189552352008,0.416115435432,1],"ix":3},"o":{"a":0,"k":100,"ix":4},"w":{"a":0,"k":10.217,"ix":5},"lc":2,"lj":2,"bm":0,"nm":"Stroke 1","mn":"ADBE Vector Graphic - Stroke","hd":false},{"ty":"tr","p":{"a":0,"k":[148.787,41.994],"ix":2},"a":{"a":0,"k":[0,0],"ix":1},"s":{"a":0,"k":[100,100],"ix":3},"r":{"a":0,"k":14,"ix":6},"o":{"a":0,"k":100,"ix":7},"sk":{"a":0,"k":0,"ix":4},"sa":{"a":0,"k":0,"ix":5},"nm":"Transform"}],"nm":"Group 2","np":2,"cix":2,"bm":0,"ix":2,"mn":"ADBE Vector Group","hd":false}],"ip":0,"op":140,"st":0,"bm":0},{"ddd":0,"ind":15,"ty":4,"nm":"ojos 2","parent":13,"sr":1,"ks":{"o":{"a":0,"k":100,"ix":11},"r":{"a":0,"k":0,"ix":10},"p":{"a":0,"k":[16.461,64.073,0],"ix":2},"a":{"a":0,"k":[7.279,7.482,0],"ix":1},"s":{"a":1,"k":[{"i":{"x":[0.833,0.833,0.833],"y":[1,1,1]},"o":{"x":[0.333,0.333,0.333],"y":[0,0,0]},"t":47,"s":[56,56,100]},{"i":{"x":[0.667,0.667,0.667],"y":[1,1,1]},"o":{"x":[0.167,0.167,0.167],"y":[0,0,0]},"t":51,"s":[56,0,100]},{"i":{"x":[0.667,0.667,0.667],"y":[1,1,1]},"o":{"x":[0.333,0.333,0.333],"y":[0,0,0]},"t":54,"s":[56,56,100]},{"i":{"x":[0.833,0.833,0.833],"y":[1,0.833,1]},"o":{"x":[0.333,0.333,0.333],"y":[0,0,0]},"t":108,"s":[56,56,100]},{"i":{"x":[0.667,0.667,0.667],"y":[1,1,1]},"o":{"x":[0.167,0.167,0.167],"y":[0,-0.125,0]},"t":112,"s":[56,0,100]},{"t":115,"s":[56,56,100]}],"ix":6}},"ao":0,"shapes":[{"ty":"gr","it":[{"ty":"fl","c":{"a":0,"k":[0.367762995701,0.189552352008,0.416115435432,1],"ix":4},"o":{"a":0,"k":100,"ix":5},"r":1,"bm":0,"nm":"Fill 1","mn":"ADBE Vector Graphic - Fill","hd":false},{"ty":"tr","p":{"a":0,"k":[97.343,7.594],"ix":2},"a":{"a":0,"k":[0,0],"ix":1},"s":{"a":0,"k":[100,100],"ix":3},"r":{"a":0,"k":0,"ix":6},"o":{"a":0,"k":100,"ix":7},"sk":{"a":0,"k":0,"ix":4},"sa":{"a":0,"k":0,"ix":5},"nm":"Transform"}],"nm":"Group 1","np":1,"cix":2,"bm":0,"ix":1,"mn":"ADBE Vector Group","hd":false},{"ty":"gr","it":[{"ind":0,"ty":"sh","ix":1,"ks":{"a":0,"k":{"i":[[0.161,0.585],[0.829,0.828],[1.785,0],[0.585,-0.162],[1.031,-0.893],[0.084,-0.104],[0.323,-1.155],[-0.326,-1.209],[-0.036,-0.085],[-0.047,-0.168],[-0.77,-0.708],[-0.015,-0.009],[-0.54,-0.149],[-1.477,0.9],[-0.42,0.436],[-0.052,0.065],[-0.008,0.009],[-0.113,0.16],[-0.004,0.006],[-0.013,0.021],[-0.024,0.046],[-0.038,0.086],[-0.202,0.571],[-0.008,0.03],[-0.002,0.012],[-0.005,0.115],[0,0.005]],"o":[[-0.312,-1.131],[-1.263,-1.263],[-0.61,0],[-1.337,0.37],[-0.102,0.088],[-0.846,0.851],[-0.326,1.209],[0.035,0.085],[0.032,0.159],[0.274,0.996],[0.011,0.01],[0.47,0.304],[1.655,0.456],[0.511,-0.311],[0.057,-0.06],[0.008,-0.009],[0.122,-0.157],[0.004,-0.006],[0.014,-0.021],[0.024,-0.045],[0.043,-0.083],[0.149,-0.349],[0.011,-0.028],[0.002,-0.012],[0.022,-0.118],[0,-0.005],[0.029,-0.603]],"v":[[6.728,-2.38],[4.987,-5.365],[0.208,-7.344],[-1.605,-7.099],[-4.649,-5.317],[-4.92,-5.015],[-6.674,-2.006],[-6.674,1.62],[-6.567,1.875],[-6.468,2.356],[-4.801,5.22],[-3.489,6.233],[-1.939,6.888],[3.08,6.227],[4.514,5.11],[4.676,4.92],[4.698,4.892],[5.735,3.55],[5.748,3.533],[5.786,3.467],[5.858,3.33],[5.978,3.077],[6.695,1.368],[6.723,1.28],[6.729,1.244],[6.971,-0.557],[6.971,-0.572]],"c":true},"ix":2},"nm":"Path 1","mn":"ADBE Vector Shape - Group","hd":false},{"ty":"fl","c":{"a":0,"k":[0.367762995701,0.189552352008,0.416115435432,1],"ix":4},"o":{"a":0,"k":100,"ix":5},"r":1,"bm":0,"nm":"Fill 1","mn":"ADBE Vector Graphic - Fill","hd":false},{"ty":"tr","p":{"a":0,"k":[7.25,7.594],"ix":2},"a":{"a":0,"k":[0,0],"ix":1},"s":{"a":0,"k":[100,100],"ix":3},"r":{"a":0,"k":0,"ix":6},"o":{"a":0,"k":100,"ix":7},"sk":{"a":0,"k":0,"ix":4},"sa":{"a":0,"k":0,"ix":5},"nm":"Transform"}],"nm":"Group 2","np":2,"cix":2,"bm":0,"ix":2,"mn":"ADBE Vector Group","hd":false}],"ip":0,"op":140,"st":0,"bm":0},{"ddd":0,"ind":16,"ty":4,"nm":"ojos","parent":13,"sr":1,"ks":{"o":{"a":0,"k":100,"ix":11},"r":{"a":0,"k":0,"ix":10},"p":{"a":0,"k":[106.554,64.073,0],"ix":2},"a":{"a":0,"k":[97.372,7.482,0],"ix":1},"s":{"a":1,"k":[{"i":{"x":[0.833,0.833,0.833],"y":[1,1,1]},"o":{"x":[0.333,0.333,0.333],"y":[0,0,0]},"t":47,"s":[56,56,100]},{"i":{"x":[0.667,0.667,0.667],"y":[1,1,1]},"o":{"x":[0.167,0.167,0.167],"y":[0,0,0]},"t":51,"s":[56,0,100]},{"i":{"x":[0.667,0.667,0.667],"y":[1,1,1]},"o":{"x":[0.333,0.333,0.333],"y":[0,0,0]},"t":54,"s":[56,56,100]},{"i":{"x":[0.833,0.833,0.833],"y":[1,0.833,1]},"o":{"x":[0.333,0.333,0.333],"y":[0,0,0]},"t":108,"s":[56,56,100]},{"i":{"x":[0.667,0.667,0.667],"y":[1,1,1]},"o":{"x":[0.167,0.167,0.167],"y":[0,-0.125,0]},"t":112,"s":[56,0,100]},{"t":115,"s":[56,56,100]}],"ix":6}},"ao":0,"shapes":[{"ty":"gr","it":[{"ind":0,"ty":"sh","ix":1,"ks":{"a":0,"k":{"i":[[0.162,0.585],[0.829,0.828],[1.786,0],[0.586,-0.162],[1.031,-0.893],[0.084,-0.104],[0.324,-1.155],[-0.325,-1.209],[0,0],[-0.047,-0.168],[-0.771,-0.708],[-0.014,-0.009],[-0.54,-0.149],[-1.476,0.9],[-0.419,0.436],[-0.052,0.065],[-0.008,0.009],[-0.114,0.16],[-0.004,0.006],[-0.012,0.021],[-0.024,0.046],[-0.037,0.086],[-0.202,0.571],[-0.007,0.03],[-0.003,0.012],[-0.005,0.115],[-0.001,0.005]],"o":[[-0.312,-1.131],[-1.264,-1.263],[-0.61,0],[-1.336,0.37],[-0.102,0.088],[-0.845,0.851],[-0.325,1.209],[0,0],[0.031,0.159],[0.273,0.996],[0.011,0.01],[0.471,0.304],[1.655,0.456],[0.512,-0.311],[0.058,-0.06],[0.007,-0.009],[0.122,-0.157],[0.004,-0.006],[0.013,-0.021],[0.025,-0.045],[0.042,-0.083],[0.15,-0.349],[0.011,-0.028],[0.003,-0.012],[0.022,-0.118],[0.001,-0.005],[0.029,-0.603]],"v":[[6.727,-2.38],[4.987,-5.365],[0.207,-7.344],[-1.606,-7.099],[-4.65,-5.317],[-4.921,-5.015],[-6.675,-2.006],[-6.675,1.62],[-6.567,1.875],[-6.468,2.356],[-4.801,5.22],[-3.49,6.233],[-1.939,6.888],[3.079,6.227],[4.513,5.11],[4.676,4.92],[4.698,4.892],[5.735,3.55],[5.748,3.533],[5.785,3.467],[5.858,3.33],[5.977,3.077],[6.695,1.368],[6.722,1.28],[6.729,1.244],[6.97,-0.557],[6.971,-0.572]],"c":true},"ix":2},"nm":"Path 1","mn":"ADBE Vector Shape - Group","hd":false},{"ty":"fl","c":{"a":0,"k":[0.367762995701,0.189552352008,0.416115435432,1],"ix":4},"o":{"a":0,"k":100,"ix":5},"r":1,"bm":0,"nm":"Fill 1","mn":"ADBE Vector Graphic - Fill","hd":false},{"ty":"tr","p":{"a":0,"k":[97.343,7.594],"ix":2},"a":{"a":0,"k":[0,0],"ix":1},"s":{"a":0,"k":[100,100],"ix":3},"r":{"a":0,"k":0,"ix":6},"o":{"a":0,"k":100,"ix":7},"sk":{"a":0,"k":0,"ix":4},"sa":{"a":0,"k":0,"ix":5},"nm":"Transform"}],"nm":"Group 1","np":2,"cix":2,"bm":0,"ix":1,"mn":"ADBE Vector Group","hd":false},{"ty":"gr","it":[{"ty":"fl","c":{"a":0,"k":[0.367762995701,0.189552352008,0.416115435432,1],"ix":4},"o":{"a":0,"k":100,"ix":5},"r":1,"bm":0,"nm":"Fill 1","mn":"ADBE Vector Graphic - Fill","hd":false},{"ty":"tr","p":{"a":0,"k":[7.25,7.594],"ix":2},"a":{"a":0,"k":[0,0],"ix":1},"s":{"a":0,"k":[100,100],"ix":3},"r":{"a":0,"k":0,"ix":6},"o":{"a":0,"k":100,"ix":7},"sk":{"a":0,"k":0,"ix":4},"sa":{"a":0,"k":0,"ix":5},"nm":"Transform"}],"nm":"Group 2","np":1,"cix":2,"bm":0,"ix":2,"mn":"ADBE Vector Group","hd":false}],"ip":0,"op":140,"st":0,"bm":0},{"ddd":0,"ind":17,"ty":4,"nm":"nariz","parent":13,"sr":1,"ks":{"o":{"a":0,"k":100,"ix":11},"r":{"a":0,"k":0,"ix":10},"p":{"a":0,"k":[49.316,94.033,0],"ix":2},"a":{"a":0,"k":[45.711,51.583,0],"ix":1},"s":{"a":0,"k":[100,100,100],"ix":6}},"ao":0,"shapes":[{"ty":"gr","it":[{"ind":0,"ty":"sh","ix":1,"ks":{"a":0,"k":{"i":[[0,0],[-1.17,-5.681],[0.885,0.075],[7.01,-3.3],[1.708,-6.225],[-0.339,-1.74],[-6.397,-0.656],[-8.026,2.719]],"o":[[-0.566,5.772],[0.179,0.87],[-7.719,-0.656],[-5.509,2.595],[-0.47,1.708],[1.436,7.371],[8.431,0.864],[0,0]],"v":[[15.886,-26.041],[16.799,-8.73],[15.403,-7.167],[-7.214,-3.118],[-19.597,9.647],[-19.83,14.915],[-4.903,25.177],[20.169,22.351]],"c":false},"ix":2},"nm":"Path 1","mn":"ADBE Vector Shape - Group","hd":false},{"ty":"st","c":{"a":0,"k":[0.367762995701,0.189552352008,0.416115435432,1],"ix":3},"o":{"a":0,"k":100,"ix":4},"w":{"a":0,"k":10.217,"ix":5},"lc":2,"lj":2,"bm":0,"nm":"Stroke 1","mn":"ADBE Vector Graphic - Stroke","hd":false},{"ty":"tr","p":{"a":0,"k":[45.711,51.583],"ix":2},"a":{"a":0,"k":[0,0],"ix":1},"s":{"a":0,"k":[100,100],"ix":3},"r":{"a":0,"k":0,"ix":6},"o":{"a":0,"k":100,"ix":7},"sk":{"a":0,"k":0,"ix":4},"sa":{"a":0,"k":0,"ix":5},"nm":"Transform"}],"nm":"Group 1","np":2,"cix":2,"bm":0,"ix":1,"mn":"ADBE Vector Group","hd":false}],"ip":0,"op":140,"st":0,"bm":0},{"ddd":0,"ind":18,"ty":4,"nm":"orejas","parent":19,"sr":1,"ks":{"o":{"a":0,"k":100,"ix":11},"r":{"a":0,"k":3,"ix":10},"p":{"a":1,"k":[{"i":{"x":0.833,"y":0.677},"o":{"x":0.167,"y":0.167},"t":0,"s":[175.526,93.567,0],"to":[0,0.333,0],"ti":[1,-0.333,0]},{"i":{"x":0.833,"y":0.806},"o":{"x":0.167,"y":0.107},"t":8,"s":[175.526,95.567,0],"to":[-1,0.333,0],"ti":[0,0,0]},{"i":{"x":0.833,"y":0.848},"o":{"x":0.167,"y":0.139},"t":15,"s":[169.526,95.567,0],"to":[0,0,0],"ti":[0,0,0]},{"i":{"x":0.833,"y":0.818},"o":{"x":0.167,"y":0.182},"t":20,"s":[175.526,95.567,0],"to":[0,0,0],"ti":[0,0,0]},{"i":{"x":0.833,"y":0.848},"o":{"x":0.167,"y":0.152},"t":26,"s":[169.526,95.567,0],"to":[0,0,0],"ti":[0,0,0]},{"i":{"x":0.833,"y":0.907},"o":{"x":0.167,"y":0.181},"t":31,"s":[175.526,95.567,0],"to":[0,0,0],"ti":[0,0.333,0]},{"i":{"x":0.833,"y":0.833},"o":{"x":0.167,"y":0.236},"t":37,"s":[169.526,95.567,0],"to":[0,-0.333,0],"ti":[-1,0.333,0]},{"t":53,"s":[175.526,93.567,0]}],"ix":2},"a":{"a":0,"k":[169.615,53.826,0],"ix":1},"s":{"a":0,"k":[100,100,100],"ix":6}},"ao":0,"shapes":[{"ty":"gr","it":[{"ind":0,"ty":"sh","ix":1,"ks":{"a":0,"k":{"i":[[0,0],[6.306,-3.892],[-1.397,-7.276],[-6.509,-3.541]],"o":[[-4.13,-6.151],[-6.305,3.89],[1.398,7.278],[0,0]],"v":[[14.521,-12.539],[-5.25,-16.241],[-13.125,3.118],[0.041,20.133]],"c":false},"ix":2},"nm":"Path 1","mn":"ADBE Vector Shape - Group","hd":false},{"ty":"st","c":{"a":0,"k":[0.367762995701,0.189552352008,0.416115435432,1],"ix":3},"o":{"a":0,"k":100,"ix":4},"w":{"a":0,"k":10.217,"ix":5},"lc":2,"lj":2,"bm":0,"nm":"Stroke 1","mn":"ADBE Vector Graphic - Stroke","hd":false},{"ty":"tr","p":{"a":0,"k":[40.064,61.977],"ix":2},"a":{"a":0,"k":[0,0],"ix":1},"s":{"a":0,"k":[100,100],"ix":3},"r":{"a":0,"k":0,"ix":6},"o":{"a":0,"k":100,"ix":7},"sk":{"a":0,"k":0,"ix":4},"sa":{"a":0,"k":0,"ix":5},"nm":"Transform"}],"nm":"Group 1","np":2,"cix":2,"bm":0,"ix":1,"mn":"ADBE Vector Group","hd":false},{"ty":"gr","it":[{"ind":0,"ty":"sh","ix":1,"ks":{"a":0,"k":{"i":[[0,0],[-7.467,-0.387],[-1.602,-0.74],[-1.293,-1.813],[-0.307,-3.292],[3.114,-4.72],[4.09,-3.906]],"o":[[4.735,-5.787],[1.763,0.091],[2.022,0.934],[1.921,2.691],[0.524,5.63],[-3.114,4.72],[0,0]],"v":[[-16.913,-12.666],[2.858,-21.416],[7.999,-20.291],[12.968,-15.939],[16.389,-6.752],[11.742,9.227],[0.413,21.803]],"c":false},"ix":2},"nm":"Path 1","mn":"ADBE Vector Shape - Group","hd":false},{"ty":"st","c":{"a":0,"k":[0.367762995701,0.189552352008,0.416115435432,1],"ix":3},"o":{"a":0,"k":100,"ix":4},"w":{"a":0,"k":10.217,"ix":5},"lc":2,"lj":2,"bm":0,"nm":"Stroke 1","mn":"ADBE Vector Graphic - Stroke","hd":false},{"ty":"tr","p":{"a":0,"k":[296.773,47.345],"ix":2},"a":{"a":0,"k":[0,0],"ix":1},"s":{"a":0,"k":[100,100],"ix":3},"r":{"a":0,"k":0,"ix":6},"o":{"a":0,"k":100,"ix":7},"sk":{"a":0,"k":0,"ix":4},"sa":{"a":0,"k":0,"ix":5},"nm":"Transform"}],"nm":"Group 2","np":2,"cix":2,"bm":0,"ix":2,"mn":"ADBE Vector Group","hd":false}],"ip":0,"op":140,"st":0,"bm":0},{"ddd":0,"ind":19,"ty":4,"nm":"cabeza","sr":1,"ks":{"o":{"a":0,"k":100,"ix":11},"r":{"a":0,"k":0,"ix":10},"p":{"a":0,"k":[299.266,530.987,0],"ix":2},"a":{"a":0,"k":[173.496,265.469,0],"ix":1},"s":{"a":1,"k":[{"i":{"x":[0.833,0.833,0.833],"y":[1.142,1.045,1]},"o":{"x":[0.167,0.167,0.167],"y":[0.167,0.167,0]},"t":28,"s":[100,100,100]},{"i":{"x":[0.833,0.833,0.833],"y":[0.968,0.948,1]},"o":{"x":[0.167,0.167,0.167],"y":[0.029,0.015,0]},"t":43,"s":[96,105,100]},{"i":{"x":[0.833,0.833,0.833],"y":[0.833,0.833,1]},"o":{"x":[0.167,0.167,0.167],"y":[-0.075,-0.234,0]},"t":50,"s":[105,98,100]},{"t":59,"s":[100,100,100]}],"ix":6}},"ao":0,"shapes":[{"ty":"gr","it":[{"ind":0,"ty":"sh","ix":1,"ks":{"a":0,"k":{"i":[[0,0],[4.666,-5.463]],"o":[[-3.018,6.521],[0,0]],"v":[[5.799,-9.045],[-5.799,9.045]],"c":false},"ix":2},"nm":"Path 1","mn":"ADBE Vector Shape - Group","hd":false},{"ty":"st","c":{"a":0,"k":[0.884359621534,0.297618701411,0.472034379548,1],"ix":3},"o":{"a":0,"k":100,"ix":4},"w":{"a":0,"k":12.26,"ix":5},"lc":2,"lj":2,"bm":0,"nm":"Stroke 1","mn":"ADBE Vector Graphic - Stroke","hd":false},{"ty":"tr","p":{"a":0,"k":[318.826,201.706],"ix":2},"a":{"a":0,"k":[0,0],"ix":1},"s":{"a":0,"k":[100,100],"ix":3},"r":{"a":0,"k":0,"ix":6},"o":{"a":0,"k":100,"ix":7},"sk":{"a":0,"k":0,"ix":4},"sa":{"a":0,"k":0,"ix":5},"nm":"Transform"}],"nm":"Group 1","np":2,"cix":2,"bm":0,"ix":1,"mn":"ADBE Vector Group","hd":false},{"ty":"gr","it":[{"ind":0,"ty":"sh","ix":1,"ks":{"a":0,"k":{"i":[[0,0],[-49.376,14.928]],"o":[[50.477,10.625],[0,0]],"v":[[-76.496,-2.017],[76.496,-8.609]],"c":false},"ix":2},"nm":"Path 1","mn":"ADBE Vector Shape - Group","hd":false},{"ty":"st","c":{"a":0,"k":[0.884359621534,0.297618701411,0.472034379548,1],"ix":3},"o":{"a":0,"k":100,"ix":4},"w":{"a":0,"k":12.26,"ix":5},"lc":2,"lj":2,"bm":0,"nm":"Stroke 1","mn":"ADBE Vector Graphic - Stroke","hd":false},{"ty":"tr","p":{"a":0,"k":[191.342,251.68],"ix":2},"a":{"a":0,"k":[0,0],"ix":1},"s":{"a":0,"k":[100,100],"ix":3},"r":{"a":0,"k":0,"ix":6},"o":{"a":0,"k":100,"ix":7},"sk":{"a":0,"k":0,"ix":4},"sa":{"a":0,"k":0,"ix":5},"nm":"Transform"}],"nm":"Group 2","np":2,"cix":2,"bm":0,"ix":2,"mn":"ADBE Vector Group","hd":false},{"ty":"gr","it":[{"ind":0,"ty":"sh","ix":1,"ks":{"a":0,"k":{"i":[[0,0],[-1.548,-26.078],[-7.138,-10.806],[1.779,-12.828]],"o":[[3.327,30.97],[12.496,3.397],[7.137,10.806],[0,0]],"v":[[-23.286,-68.407],[-17.699,9.053],[13.101,31.334],[21.507,68.407]],"c":false},"ix":2},"nm":"Path 1","mn":"ADBE Vector Shape - Group","hd":false},{"ty":"st","c":{"a":0,"k":[0.884359621534,0.297618701411,0.472034379548,1],"ix":3},"o":{"a":0,"k":100,"ix":4},"w":{"a":0,"k":12.26,"ix":5},"lc":2,"lj":2,"bm":0,"nm":"Stroke 1","mn":"ADBE Vector Graphic - Stroke","hd":false},{"ty":"tr","p":{"a":0,"k":[309.057,99.056],"ix":2},"a":{"a":0,"k":[0,0],"ix":1},"s":{"a":0,"k":[100,100],"ix":3},"r":{"a":0,"k":0,"ix":6},"o":{"a":0,"k":100,"ix":7},"sk":{"a":0,"k":0,"ix":4},"sa":{"a":0,"k":0,"ix":5},"nm":"Transform"}],"nm":"Group 3","np":2,"cix":2,"bm":0,"ix":3,"mn":"ADBE Vector Group","hd":false},{"ty":"gr","it":[{"ind":0,"ty":"sh","ix":1,"ks":{"a":0,"k":{"i":[[-3.535,-8.42],[-17.627,-8.658],[-12.068,-2.398],[-14.667,-2.103],[-10.907,-0.034],[-10.475,1.974],[-0.387,0.176],[-27.503,30.548],[12.266,28.165],[13.824,5.526],[2.222,21.196],[0.881,-0.537],[34.149,-1.828],[18.874,1.524],[14.462,8.937],[0.152,0.077],[0.27,-5.982],[-0.217,-15.162],[0.017,-1.341],[0.192,-0.197],[9.714,-12.455]],"o":[[7.916,18.854],[11.298,5.55],[14.108,4.44],[10.779,1.545],[10.638,0.032],[0.463,-0.087],[41.615,-0.893],[20.078,-22.299],[-6.525,-14.983],[-0.779,-13.956],[-0.54,-5.157],[-29.922,18.202],[-18.916,1.014],[-16.555,-1.338],[-0.153,-0.094],[-3.844,-2.572],[-0.757,16.78],[0.019,1.309],[-0.232,0.16],[-15.437,4.964],[-19.868,25.476]],"v":[[-158.417,52.628],[-111.87,93.462],[-76.749,105.213],[-33.339,114.548],[-0.989,117.314],[31.476,116.236],[32.743,115.83],[143.451,72.321],[158.921,-8.694],[126.079,-41.169],[120.663,-113.053],[110.103,-108.542],[5.831,-86.225],[-50.814,-87.447],[-101.344,-98.683],[-101.799,-98.904],[-112.566,-99.961],[-112.633,-48.368],[-112.662,-44.366],[-113.294,-43.826],[-151.32,-13.5]],"c":true},"ix":2},"nm":"Path 1","mn":"ADBE Vector Shape - Group","hd":false},{"ty":"fl","c":{"a":0,"k":[0.944075939702,0.617061959061,0.632228956036,1],"ix":4},"o":{"a":0,"k":100,"ix":5},"r":1,"bm":0,"nm":"Fill 1","mn":"ADBE Vector Graphic - Fill","hd":false},{"ty":"tr","p":{"a":0,"k":[171.437,145.276],"ix":2},"a":{"a":0,"k":[0,0],"ix":1},"s":{"a":0,"k":[100,100],"ix":3},"r":{"a":0,"k":0,"ix":6},"o":{"a":0,"k":100,"ix":7},"sk":{"a":0,"k":0,"ix":4},"sa":{"a":0,"k":0,"ix":5},"nm":"Transform"}],"nm":"Group 4","np":2,"cix":2,"bm":0,"ix":4,"mn":"ADBE Vector Group","hd":false}],"ip":0,"op":140,"st":0,"bm":0},{"ddd":0,"ind":20,"ty":4,"nm":"tierrita","parent":19,"sr":1,"ks":{"o":{"a":0,"k":100,"ix":11},"r":{"a":0,"k":0,"ix":10},"p":{"a":0,"k":[180.022,64.499,0],"ix":2},"a":{"a":0,"k":[61.102,47.318,0],"ix":1},"s":{"a":0,"k":[100,105,100],"ix":6}},"ao":0,"shapes":[{"ty":"gr","it":[{"ind":0,"ty":"sh","ix":1,"ks":{"a":0,"k":{"i":[[-36.9,17.995],[5.954,-2.521],[4.995,2.064],[4.074,-3.551],[0.687,-0.055],[0.312,1.667],[4.654,0.97],[4.617,-1.137],[2.456,-2.131],[-1.424,-2.922],[4.737,-2.267],[0.778,-5.194],[3.179,-2.564],[-1.376,-5.766]],"o":[[0,-11.188],[-0.38,-5.392],[-4.995,-2.063],[-0.52,0.453],[-1.691,0.135],[-0.873,-4.674],[-4.655,-0.97],[-3.157,0.778],[-2.457,2.131],[-4.534,-2.652],[-4.738,2.266],[-3.465,-2.163],[-3.179,2.564],[38.487,10.844]],"v":[[59.352,10.072],[44.549,-4.162],[35.544,-16.652],[20.352,-14.16],[18.599,-13.136],[16.125,-17.01],[6.135,-26.008],[-6.94,-26.93],[-16.828,-21.053],[-19.276,-12.323],[-34.401,-12.951],[-43.401,-0.779],[-54.867,-0.086],[-57.976,12.896]],"c":true},"ix":2},"nm":"Path 1","mn":"ADBE Vector Shape - Group","hd":false},{"ty":"fl","c":{"a":0,"k":[0.367762995701,0.189552352008,0.416115435432,1],"ix":4},"o":{"a":0,"k":100,"ix":5},"r":1,"bm":0,"nm":"Fill 1","mn":"ADBE Vector Graphic - Fill","hd":false},{"ty":"tr","p":{"a":0,"k":[59.601,28.318],"ix":2},"a":{"a":0,"k":[0,0],"ix":1},"s":{"a":0,"k":[100,100],"ix":3},"r":{"a":0,"k":0,"ix":6},"o":{"a":0,"k":100,"ix":7},"sk":{"a":0,"k":0,"ix":4},"sa":{"a":0,"k":0,"ix":5},"nm":"Transform"}],"nm":"Group 1","np":2,"cix":2,"bm":0,"ix":1,"mn":"ADBE Vector Group","hd":false}],"ip":0,"op":140,"st":0,"bm":0},{"ddd":0,"ind":21,"ty":4,"nm":"cabeza atras","parent":19,"sr":1,"ks":{"o":{"a":0,"k":100,"ix":11},"r":{"a":0,"k":0,"ix":10},"p":{"a":0,"k":[174.281,34.161,0],"ix":2},"a":{"a":0,"k":[118.604,39.459,0],"ix":1},"s":{"a":0,"k":[100,100,100],"ix":6}},"ao":0,"shapes":[{"ty":"gr","it":[{"ty":"fl","c":{"a":0,"k":[0.286481670305,0.620962105545,0.894721536075,1],"ix":4},"o":{"a":0,"k":100,"ix":5},"r":1,"bm":0,"nm":"Fill 1","mn":"ADBE Vector Graphic - Fill","hd":false},{"ty":"tr","p":{"a":0,"k":[0,0],"ix":2},"a":{"a":0,"k":[0,0],"ix":1},"s":{"a":0,"k":[100,100],"ix":3},"r":{"a":0,"k":0,"ix":6},"o":{"a":0,"k":100,"ix":7},"sk":{"a":0,"k":0,"ix":4},"sa":{"a":0,"k":0,"ix":5},"nm":"Transform"}],"nm":"Shape 1","np":2,"cix":2,"bm":0,"ix":1,"mn":"ADBE Vector Group","hd":false},{"ty":"gr","it":[{"ind":0,"ty":"sh","ix":1,"ks":{"a":0,"k":{"i":[[0.517,1.842],[16.884,2.462],[38.865,-8.659],[11.616,-9.682],[-12.223,-10.396],[-15.975,-1.668],[-20.914,0.428],[-21.781,5.957],[-7.936,15.089]],"o":[[-0.381,-25.798],[-39.404,-5.747],[-14.353,3.198],[-11.855,9.882],[12.893,10.967],[20.813,2.172],[22.553,-0.462],[14.707,-4.023],[1.031,-1.96]],"v":[[117.838,-0.723],[53.406,-33.462],[-64.182,-28.534],[-105.395,-11.802],[-106.131,22.266],[-58.722,36.171],[3.951,38.782],[70.445,29.103],[117.203,5.148]],"c":true},"ix":2},"nm":"Path 1","mn":"ADBE Vector Shape - Group","hd":false},{"ty":"fl","c":{"a":0,"k":[0.884359621534,0.297618701411,0.472034379548,1],"ix":4},"o":{"a":0,"k":100,"ix":5},"r":1,"bm":0,"nm":"Fill 1","mn":"ADBE Vector Graphic - Fill","hd":false},{"ty":"tr","p":{"a":0,"k":[118.604,39.46],"ix":2},"a":{"a":0,"k":[0,0],"ix":1},"s":{"a":0,"k":[100,100],"ix":3},"r":{"a":0,"k":0,"ix":6},"o":{"a":0,"k":100,"ix":7},"sk":{"a":0,"k":0,"ix":4},"sa":{"a":0,"k":0,"ix":5},"nm":"Transform"}],"nm":"Group 1","np":2,"cix":2,"bm":0,"ix":2,"mn":"ADBE Vector Group","hd":false}],"ip":0,"op":140,"st":0,"bm":0},{"ddd":0,"ind":22,"ty":4,"nm":"Layer 11/01-saludo-hombreplanta Outlines","sr":1,"ks":{"o":{"a":0,"k":10,"ix":11},"r":{"a":0,"k":0,"ix":10},"p":{"a":0,"k":[321,288,0],"ix":2},"a":{"a":0,"k":[540.5,540.5,0],"ix":1},"s":{"a":0,"k":[100,100,100],"ix":6}},"ao":0,"shapes":[{"ty":"gr","it":[{"ind":0,"ty":"sh","ix":1,"ks":{"a":0,"k":{"i":[[-2.933,0.663],[-0.873,0.151],[-1.463,0.118],[-0.437,0.032],[-1.818,-0.082],[-1.676,-0.198],[-1.478,-0.236],[-0.439,-0.072],[-0.953,-0.175],[-7.586,-0.713],[-7.695,1.462],[-1.725,0.307],[-0.949,0.149],[-0.479,0.07],[-0.319,0.045],[-0.635,0.083],[-3.867,0.162],[-4.346,-0.237],[-2.085,-0.211],[-1.121,-0.133],[-1.591,-0.234],[-0.637,-0.098],[-0.693,3.046],[2.963,0.456],[16.269,-3],[3.94,-0.564],[0.281,-0.034],[0.394,-0.041],[0.95,-0.053],[1.978,0.115],[0.887,0.09],[0.445,0.053],[-1.354,-0.12],[1.752,0.329],[3.689,0.704],[8.675,-1.964],[-0.862,-2.666]],"o":[[0.864,-0.195],[1.449,-0.251],[0.436,-0.034],[1.814,-0.134],[1.685,0.076],[1.482,0.173],[0.438,0.069],[0.955,0.153],[7.475,1.377],[7.847,0.738],[1.721,-0.327],[0.946,-0.168],[0.478,-0.075],[0.318,-0.047],[-0.626,0.083],[3.842,-0.471],[4.349,-0.18],[2.092,0.115],[1.123,0.113],[1.596,0.191],[0.638,0.093],[2.759,0.425],[0.583,-2.559],[-16.351,-2.517],[-3.913,0.721],[1.115,-0.159],[-0.393,0.047],[-0.946,0.098],[-1.979,0.111],[-0.89,-0.052],[-0.445,-0.044],[-0.21,-0.025],[-1.776,-0.157],[-3.691,-0.694],[-8.634,-1.648],[-2.737,0.619],[0.929,2.868]],"v":[[-55.956,3.406],[-53.352,2.902],[-53.038,2.866],[-51.732,2.749],[-46.277,2.687],[-41.24,3.129],[-40.908,3.177],[-39.59,3.38],[-36.729,3.875],[-14.282,7.798],[8.976,5.831],[14.142,4.865],[16.984,4.388],[18.419,4.171],[19.376,4.034],[19.389,4.034],[30.949,3.057],[44,3.141],[50.267,3.629],[53.63,4.011],[54.122,4.077],[56.035,4.36],[62.628,0.617],[58.885,-5.976],[9.883,-5.215],[-1.869,-3.127],[-2.096,-3.103],[-3.278,-2.97],[-6.122,-2.74],[-12.06,-2.75],[-14.727,-2.965],[-16.06,-3.112],[-16.411,-3.153],[-21.732,-4.043],[-32.779,-6.255],[-58.806,-6.93],[-62.549,-0.337]],"c":true},"ix":2},"nm":"Path 1","mn":"ADBE Vector Shape - Group","hd":false},{"ty":"gr","it":[{"ty":"tr","p":{"a":0,"k":[0,0],"ix":2},"a":{"a":0,"k":[0,0],"ix":1},"s":{"a":0,"k":[100,100],"ix":3},"r":{"a":0,"k":0,"ix":6},"o":{"a":0,"k":100,"ix":7},"sk":{"a":0,"k":0,"ix":4},"sa":{"a":0,"k":0,"ix":5},"nm":"Transform"}],"nm":"Group 1","np":0,"cix":2,"bm":0,"ix":2,"mn":"ADBE Vector Group","hd":false},{"ty":"mm","mm":4,"nm":"Merge Paths 1","mn":"ADBE Vector Filter - Merge","hd":false},{"ty":"fl","c":{"a":0,"k":[0.367762995701,0.189552352008,0.416115435432,1],"ix":4},"o":{"a":0,"k":100,"ix":5},"r":1,"bm":0,"nm":"Fill 1","mn":"ADBE Vector Graphic - Fill","hd":false},{"ty":"tr","p":{"a":0,"k":[732.484,697.34],"ix":2},"a":{"a":0,"k":[0,0],"ix":1},"s":{"a":0,"k":[100,100],"ix":3},"r":{"a":0,"k":0,"ix":6},"o":{"a":0,"k":100,"ix":7},"sk":{"a":0,"k":0,"ix":4},"sa":{"a":0,"k":0,"ix":5},"nm":"Transform"}],"nm":"Group 1","np":4,"cix":2,"bm":0,"ix":1,"mn":"ADBE Vector Group","hd":false},{"ty":"gr","it":[{"ind":0,"ty":"sh","ix":1,"ks":{"a":0,"k":{"i":[[-1.828,2.387],[-0.225,0.257],[-0.267,0.275],[-0.665,0.569],[-0.765,0.528],[-0.318,0.211],[-0.773,0.406],[-0.346,0.163],[-0.091,0.095],[-0.581,0.22],[-0.845,0.248],[-0.754,0.157],[-0.433,0.08],[0.828,-0.107],[-0.207,0.021],[-1.698,-0.134],[-0.357,0.04],[-0.909,-0.164],[-0.216,-0.039],[-0.788,-0.222],[-0.772,-0.279],[-1.081,-0.523],[-0.433,-0.233],[-0.635,-0.429],[1.214,0.787],[-0.412,-0.347],[-2.116,-1.179],[-2.746,-0.155],[-4.32,1.573],[-2.24,0.475],[-0.538,0.096],[1.037,-0.255],[-0.278,0.025],[-1.17,0.008],[-2.424,-0.266],[-0.549,-0.069],[0.692,0.093],[-0.083,-0.012],[-1.247,-0.19],[-11.207,-1.715],[-1.341,0.784],[-0.291,1.277],[2.964,0.453],[10.232,1.565],[10.242,-3.261],[2.214,-0.76],[1.046,-0.274],[0.483,-0.097],[0.185,0.031],[-0.203,0.024],[0.204,-0.016],[0.542,0.015],[0.202,0.007],[-0.007,-0.073],[0.094,0.025],[-0.327,0.06],[0.135,0.073],[0.445,0.304],[0.164,0.172],[0.763,0.636],[0.845,0.694],[8.198,-0.644],[4.139,-2.078],[2.839,-3.707],[-0.325,-1.178],[-1.159,-0.612]],"o":[[-0.972,1.269],[0.253,-0.289],[0.609,-0.63],[0.902,-0.774],[0.314,-0.218],[0.729,-0.482],[0.339,-0.178],[0.09,-0.042],[-0.418,0.444],[0.823,-0.311],[0.738,-0.217],[0.431,-0.089],[0.172,-0.031],[-0.931,0.118],[1.695,-0.172],[0.363,0.028],[-0.094,0.01],[0.215,0.039],[0.806,0.148],[0.79,0.224],[0.884,0.319],[0.442,0.214],[0.674,0.364],[0.254,0.171],[0.45,0.292],[1.846,1.554],[2.41,1.343],[4.684,0.264],[2.148,-0.783],[0.535,-0.113],[0.241,-0.044],[0.28,-0.069],[1.165,-0.107],[2.439,-0.017],[0.55,0.059],[0.161,0.019],[-0.639,-0.088],[1.248,0.179],[11.207,1.713],[1.477,0.226],[1.111,-0.65],[0.583,-2.557],[-10.232,-1.565],[-10.347,-1.584],[-2.232,0.711],[-1.022,0.351],[-0.476,0.125],[-0.147,0.031],[0.202,-0.025],[-0.203,0.024],[-0.54,0.045],[-0.202,-0.005],[-1.134,-0.043],[0,0.003],[-0.679,-0.183],[-0.148,0.027],[-0.475,-0.255],[-0.184,-0.126],[0.107,0.113],[-0.841,-0.7],[-6.309,-5.176],[-4.613,0.362],[-4.206,2.111],[-0.785,1.025],[0.342,1.243],[2.835,1.498]],"v":[[-56.6,6.582],[-56.397,6.388],[-55.617,5.542],[-53.693,3.763],[-53.616,3.698],[-52.676,3.044],[-50.421,1.711],[-49.393,1.198],[-48.796,0.925],[-49.167,1.082],[-46.678,0.222],[-44.438,-0.339],[-43.14,-0.576],[-43.199,-0.576],[-42.928,-0.599],[-37.824,-0.659],[-36.678,-0.544],[-37.126,-0.601],[-36.479,-0.49],[-34.085,0.065],[-31.758,0.846],[-31.684,0.883],[-30.366,1.54],[-28.4,2.732],[-28.089,2.915],[-26.822,3.956],[-21.025,8.352],[-13.259,10.542],[0.292,7.503],[6.841,5.483],[8.451,5.185],[8.414,5.185],[9.342,5.089],[12.847,4.924],[20.147,5.347],[21.796,5.543],[22.26,5.602],[22.488,5.634],[26.23,6.19],[59.85,11.336],[63.98,10.795],[66.442,7.592],[62.699,1],[32.003,-3.698],[0.749,-3.982],[-5.872,-1.642],[-8.971,-0.688],[-10.41,-0.349],[-11.229,-0.198],[-10.622,-0.271],[-11.233,-0.211],[-12.855,-0.161],[-13.46,-0.189],[-13.239,-0.143],[-14.83,-0.535],[-14.713,-0.445],[-15.438,-0.805],[-16.816,-1.651],[-17.476,-2.125],[-17.356,-2.04],[-19.872,-4.149],[-42.27,-11.378],[-55.393,-7.771],[-65.856,1.173],[-66.396,5.302],[-63.933,8.505]],"c":true},"ix":2},"nm":"Path 1","mn":"ADBE Vector Shape - Group","hd":false},{"ty":"gr","it":[{"ty":"tr","p":{"a":0,"k":[0,0],"ix":2},"a":{"a":0,"k":[0,0],"ix":1},"s":{"a":0,"k":[100,100],"ix":3},"r":{"a":0,"k":0,"ix":6},"o":{"a":0,"k":100,"ix":7},"sk":{"a":0,"k":0,"ix":4},"sa":{"a":0,"k":0,"ix":5},"nm":"Transform"}],"nm":"Group 1","np":0,"cix":2,"bm":0,"ix":2,"mn":"ADBE Vector Group","hd":false},{"ty":"mm","mm":4,"nm":"Merge Paths 1","mn":"ADBE Vector Filter - Merge","hd":false},{"ty":"fl","c":{"a":0,"k":[0.367762995701,0.189552352008,0.416115435432,1],"ix":4},"o":{"a":0,"k":100,"ix":5},"r":1,"bm":0,"nm":"Fill 1","mn":"ADBE Vector Graphic - Fill","hd":false},{"ty":"tr","p":{"a":0,"k":[306.088,699.003],"ix":2},"a":{"a":0,"k":[0,0],"ix":1},"s":{"a":0,"k":[100,100],"ix":3},"r":{"a":0,"k":0,"ix":6},"o":{"a":0,"k":100,"ix":7},"sk":{"a":0,"k":0,"ix":4},"sa":{"a":0,"k":0,"ix":5},"nm":"Transform"}],"nm":"Group 2","np":4,"cix":2,"bm":0,"ix":2,"mn":"ADBE Vector Group","hd":false},{"ty":"gr","it":[{"ty":"fl","c":{"a":0,"k":[0.981041882085,0.959243056353,0.932703414618,1],"ix":4},"o":{"a":0,"k":100,"ix":5},"r":1,"bm":0,"nm":"Fill 1","mn":"ADBE Vector Graphic - Fill","hd":false},{"ty":"tr","p":{"a":0,"k":[540.25,540.25],"ix":2},"a":{"a":0,"k":[0,0],"ix":1},"s":{"a":0,"k":[100,100],"ix":3},"r":{"a":0,"k":0,"ix":6},"o":{"a":0,"k":100,"ix":7},"sk":{"a":0,"k":0,"ix":4},"sa":{"a":0,"k":0,"ix":5},"nm":"Transform"}],"nm":"Group 3","np":1,"cix":2,"bm":0,"ix":3,"mn":"ADBE Vector Group","hd":false}],"ip":0,"op":140,"st":0,"bm":0}],"markers":[]}