{"v":"5.5.7","meta":{"g":"LottieFiles AE 0.1.21","a":"","k":"","d":"","tc":""},"fr":30,"ip":0,"op":161,"w":606,"h":552,"nm":"01-saludo-hombreplanta","ddd":0,"assets":[],"layers":[{"ddd":0,"ind":1,"ty":4,"nm":"Shape Layer 1","parent":9,"sr":1,"ks":{"o":{"a":0,"k":100,"ix":11},"r":{"a":0,"k":-2,"ix":10},"p":{"a":0,"k":[107.517,63.158,0],"ix":2},"a":{"a":0,"k":[8.5,99.75,0],"ix":1},"s":{"a":1,"k":[{"i":{"x":[0.833,0.833,0.833],"y":[0.833,0.833,0.833]},"o":{"x":[0.167,0.167,0.167],"y":[0.167,0.167,0.167]},"t":78,"s":[100,100,100]},{"t":81,"s":[61,61,100]}],"ix":6}},"ao":0,"shapes":[{"ty":"gr","it":[{"ind":0,"ty":"sh","ix":1,"ks":{"a":0,"k":{"i":[[0,0],[6.74,-2.4],[0,0],[0,0],[0,0]],"o":[[0,0],[-6.74,2.4],[0,0],[0,0],[0,0]],"v":[[21.5,88.5],[8.99,94.725],[-3.375,99.125],[10.212,104.19],[21,111]],"c":false},"ix":2},"nm":"Path 1","mn":"ADBE Vector Shape - Group","hd":false},{"ty":"st","c":{"a":0,"k":[0.36862745098,0.188235309077,0.415686304429,1],"ix":3},"o":{"a":0,"k":100,"ix":4},"w":{"a":0,"k":11,"ix":5},"lc":2,"lj":2,"bm":0,"nm":"Stroke 1","mn":"ADBE Vector Graphic - Stroke","hd":false},{"ty":"tr","p":{"a":0,"k":[0,0],"ix":2},"a":{"a":0,"k":[0,0],"ix":1},"s":{"a":0,"k":[100,100],"ix":3},"r":{"a":0,"k":0,"ix":6},"o":{"a":0,"k":100,"ix":7},"sk":{"a":0,"k":0,"ix":4},"sa":{"a":0,"k":0,"ix":5},"nm":"Transform"}],"nm":"Shape 1","np":3,"cix":2,"bm":0,"ix":1,"mn":"ADBE Vector Group","hd":false}],"ip":64,"op":81,"st":63,"bm":0},{"ddd":0,"ind":2,"ty":4,"nm":"Shape Layer 5","parent":9,"sr":1,"ks":{"o":{"a":0,"k":100,"ix":11},"r":{"a":0,"k":180,"ix":10},"p":{"a":0,"k":[17.517,63.158,0],"ix":2},"a":{"a":0,"k":[8.5,99.75,0],"ix":1},"s":{"a":1,"k":[{"i":{"x":[0.833,0.833,0.833],"y":[0.833,0.833,0.833]},"o":{"x":[0.167,0.167,0.167],"y":[0.167,0.167,0.167]},"t":78,"s":[100,100,100]},{"t":81,"s":[61,61,100]}],"ix":6}},"ao":0,"shapes":[{"ty":"gr","it":[{"ind":0,"ty":"sh","ix":1,"ks":{"a":0,"k":{"i":[[0,0],[6.74,-2.4],[0,0],[0,0],[0,0]],"o":[[0,0],[-6.74,2.4],[0,0],[0,0],[0,0]],"v":[[21.5,88.5],[8.99,94.725],[-3.375,99.125],[10.212,104.19],[21,111]],"c":false},"ix":2},"nm":"Path 1","mn":"ADBE Vector Shape - Group","hd":false},{"ty":"st","c":{"a":0,"k":[0.36862745098,0.188235309077,0.415686304429,1],"ix":3},"o":{"a":0,"k":100,"ix":4},"w":{"a":0,"k":11,"ix":5},"lc":2,"lj":2,"bm":0,"nm":"Stroke 1","mn":"ADBE Vector Graphic - Stroke","hd":false},{"ty":"tr","p":{"a":0,"k":[0,0],"ix":2},"a":{"a":0,"k":[0,0],"ix":1},"s":{"a":0,"k":[100,100],"ix":3},"r":{"a":0,"k":0,"ix":6},"o":{"a":0,"k":100,"ix":7},"sk":{"a":0,"k":0,"ix":4},"sa":{"a":0,"k":0,"ix":5},"nm":"Transform"}],"nm":"Shape 1","np":3,"cix":2,"bm":0,"ix":1,"mn":"ADBE Vector Group","hd":false}],"ip":64,"op":81,"st":63,"bm":0},{"ddd":0,"ind":3,"ty":4,"nm":"palo","parent":17,"sr":1,"ks":{"o":{"a":0,"k":100,"ix":11},"r":{"a":1,"k":[{"i":{"x":[0.667],"y":[1]},"o":{"x":[0.158],"y":[0.144]},"t":0,"s":[-7]},{"i":{"x":[0.667],"y":[1]},"o":{"x":[0.333],"y":[0]},"t":64,"s":[-0.951]},{"i":{"x":[0.667],"y":[1]},"o":{"x":[0.333],"y":[0]},"t":68,"s":[7.049]},{"i":{"x":[0.667],"y":[1]},"o":{"x":[0.333],"y":[0]},"t":72,"s":[-2.746]},{"i":{"x":[0.667],"y":[1]},"o":{"x":[0.333],"y":[0]},"t":75,"s":[7.996]},{"i":{"x":[0.667],"y":[1]},"o":{"x":[0.333],"y":[0]},"t":78,"s":[-0.951]},{"i":{"x":[0.667],"y":[1]},"o":{"x":[0.333],"y":[0]},"t":79.818,"s":[7.049]},{"i":{"x":[0.667],"y":[1]},"o":{"x":[0.333],"y":[0]},"t":81.637,"s":[-2.746]},{"i":{"x":[0.667],"y":[1]},"o":{"x":[0.333],"y":[0]},"t":83,"s":[7.996]},{"i":{"x":[0.833],"y":[1.086]},"o":{"x":[0.333],"y":[0]},"t":89,"s":[4.914]},{"t":160,"s":[-7]}],"ix":10,"x":"var $bm_rt;\n$bm_rt = loopOutDuration('pingpong', 0);"},"p":{"a":1,"k":[{"i":{"x":0.833,"y":0.833},"o":{"x":0.167,"y":0.167},"t":66,"s":[165.398,33.971,0],"to":[0,0,0],"ti":[0,0,0]},{"i":{"x":0.833,"y":0.658},"o":{"x":0.167,"y":0.083},"t":70,"s":[165.398,33.971,0],"to":[0,-0.479,0],"ti":[0,-0.893,0]},{"i":{"x":0.833,"y":0.917},"o":{"x":0.167,"y":0.099},"t":74,"s":[165.398,31.096,0],"to":[0,0.893,0],"ti":[0,-0.479,0]},{"i":{"x":0.833,"y":0.833},"o":{"x":0.048,"y":1},"t":77,"s":[165.398,39.326,0],"to":[0,0.479,0],"ti":[0,0.893,0]},{"t":160,"s":[165.398,33.971,0]}],"ix":2},"a":{"a":0,"k":[79.958,274.277,0],"ix":1},"s":{"a":0,"k":[100,100,100],"ix":6}},"ao":0,"shapes":[{"ty":"gr","it":[{"ind":0,"ty":"sh","ix":1,"ks":{"a":1,"k":[{"i":{"x":0.833,"y":0.833},"o":{"x":0.167,"y":0.167},"t":0,"s":[{"i":[[21.565,-12.83],[-13.614,11.923],[-4.318,11.254],[1.885,-2.527]],"o":[[15.892,-8.658],[9.067,-7.941],[-2.798,-1.452],[-16.818,22.55]],"v":[[-33.271,30.303],[11.168,-0.694],[33.271,-28.851],[25.581,-24.898]],"c":true}]},{"i":{"x":0.833,"y":0.833},"o":{"x":0.167,"y":0.167},"t":10,"s":[{"i":[[21.565,-12.83],[-13.105,12.48],[-3.845,11.424],[1.778,-2.603]],"o":[[15.892,-8.658],[8.728,-8.312],[-2.856,-1.334],[-15.864,23.231]],"v":[[-33.271,30.303],[9.812,-2.594],[30.723,-31.648],[23.204,-27.378]],"c":true}]},{"i":{"x":0.833,"y":0.833},"o":{"x":0.167,"y":0.167},"t":22,"s":[{"i":[[21.565,-12.83],[-13.903,11.584],[-4.594,11.144],[1.946,-2.48]],"o":[[15.892,-8.658],[9.26,-7.715],[-2.761,-1.52],[-17.368,22.129]],"v":[[-33.271,30.303],[11.962,0.435],[34.752,-27.169],[26.967,-23.407]],"c":true}]},{"i":{"x":0.833,"y":0.833},"o":{"x":0.167,"y":0.167},"t":32,"s":[{"i":[[21.565,-12.83],[-13.105,12.48],[-3.845,11.424],[1.778,-2.603]],"o":[[15.892,-8.658],[8.728,-8.312],[-2.856,-1.334],[-15.864,23.231]],"v":[[-33.271,30.303],[9.812,-2.594],[30.723,-31.648],[23.204,-27.378]],"c":true}]},{"i":{"x":0.833,"y":0.833},"o":{"x":0.167,"y":0.167},"t":45,"s":[{"i":[[21.565,-12.83],[-13.903,11.584],[-4.594,11.144],[1.946,-2.48]],"o":[[15.892,-8.658],[9.26,-7.715],[-2.761,-1.52],[-17.368,22.129]],"v":[[-33.271,30.303],[11.962,0.435],[34.752,-27.169],[26.967,-23.407]],"c":true}]},{"i":{"x":0.833,"y":0.833},"o":{"x":0.167,"y":0.167},"t":55,"s":[{"i":[[21.565,-12.83],[-13.105,12.48],[-3.845,11.424],[1.778,-2.603]],"o":[[15.892,-8.658],[8.728,-8.312],[-2.856,-1.334],[-15.864,23.231]],"v":[[-33.271,30.303],[9.812,-2.594],[30.723,-31.648],[23.204,-27.378]],"c":true}]},{"i":{"x":0.833,"y":0.833},"o":{"x":0.167,"y":0.167},"t":69,"s":[{"i":[[21.565,-12.83],[-13.903,11.584],[-4.594,11.144],[1.946,-2.48]],"o":[[15.892,-8.658],[9.26,-7.715],[-2.761,-1.52],[-17.368,22.129]],"v":[[-33.271,30.303],[11.962,0.435],[34.752,-27.169],[26.967,-23.407]],"c":true}]},{"i":{"x":0.833,"y":0.833},"o":{"x":0.167,"y":0.167},"t":81,"s":[{"i":[[21.565,-12.83],[-13.614,11.923],[-4.318,11.254],[1.885,-2.527]],"o":[[15.892,-8.658],[9.067,-7.941],[-2.798,-1.452],[-16.818,22.55]],"v":[[-33.271,30.303],[11.168,-0.694],[33.271,-28.851],[25.581,-24.898]],"c":true}]},{"i":{"x":0.833,"y":0.833},"o":{"x":0.167,"y":0.167},"t":90,"s":[{"i":[[21.565,-12.83],[-13.105,12.48],[-3.845,11.424],[1.778,-2.603]],"o":[[15.892,-8.658],[8.728,-8.312],[-2.856,-1.334],[-15.864,23.231]],"v":[[-33.271,30.303],[9.812,-2.594],[30.723,-31.648],[23.204,-27.378]],"c":true}]},{"i":{"x":0.833,"y":0.833},"o":{"x":0.167,"y":0.167},"t":102,"s":[{"i":[[21.565,-12.83],[-13.903,11.584],[-4.594,11.144],[1.946,-2.48]],"o":[[15.892,-8.658],[9.26,-7.715],[-2.761,-1.52],[-17.368,22.129]],"v":[[-33.271,30.303],[11.962,0.435],[34.752,-27.169],[26.967,-23.407]],"c":true}]},{"i":{"x":0.833,"y":0.833},"o":{"x":0.167,"y":0.167},"t":112,"s":[{"i":[[21.565,-12.83],[-13.105,12.48],[-3.845,11.424],[1.778,-2.603]],"o":[[15.892,-8.658],[8.728,-8.312],[-2.856,-1.334],[-15.864,23.231]],"v":[[-33.271,30.303],[9.812,-2.594],[30.723,-31.648],[23.204,-27.378]],"c":true}]},{"i":{"x":0.833,"y":0.833},"o":{"x":0.167,"y":0.167},"t":125,"s":[{"i":[[21.565,-12.83],[-13.903,11.584],[-4.594,11.144],[1.946,-2.48]],"o":[[15.892,-8.658],[9.26,-7.715],[-2.761,-1.52],[-17.368,22.129]],"v":[[-33.271,30.303],[11.962,0.435],[34.752,-27.169],[26.967,-23.407]],"c":true}]},{"i":{"x":0.833,"y":0.833},"o":{"x":0.167,"y":0.167},"t":135,"s":[{"i":[[21.565,-12.83],[-13.105,12.48],[-3.845,11.424],[1.778,-2.603]],"o":[[15.892,-8.658],[8.728,-8.312],[-2.856,-1.334],[-15.864,23.231]],"v":[[-33.271,30.303],[9.812,-2.594],[30.723,-31.648],[23.204,-27.378]],"c":true}]},{"i":{"x":0.833,"y":0.833},"o":{"x":0.167,"y":0.167},"t":149,"s":[{"i":[[21.565,-12.83],[-13.903,11.584],[-4.594,11.144],[1.946,-2.48]],"o":[[15.892,-8.658],[9.26,-7.715],[-2.761,-1.52],[-17.368,22.129]],"v":[[-33.271,30.303],[11.962,0.435],[34.752,-27.169],[26.967,-23.407]],"c":true}]},{"t":161,"s":[{"i":[[21.565,-12.83],[-13.614,11.923],[-4.318,11.254],[1.885,-2.527]],"o":[[15.892,-8.658],[9.067,-7.941],[-2.798,-1.452],[-16.818,22.55]],"v":[[-33.271,30.303],[11.168,-0.694],[33.271,-28.851],[25.581,-24.898]],"c":true}]}],"ix":2},"nm":"Path 1","mn":"ADBE Vector Shape - Group","hd":false},{"ty":"st","c":{"a":0,"k":[0.367762995701,0.189552352008,0.416115435432,1],"ix":3},"o":{"a":0,"k":100,"ix":4},"w":{"a":0,"k":10.217,"ix":5},"lc":2,"lj":2,"bm":0,"nm":"Stroke 1","mn":"ADBE Vector Graphic - Stroke","hd":false},{"ty":"tr","p":{"a":0,"k":[121.524,167.283],"ix":2},"a":{"a":0,"k":[0,0],"ix":1},"s":{"a":0,"k":[100,100],"ix":3},"r":{"a":0,"k":0,"ix":6},"o":{"a":0,"k":100,"ix":7},"sk":{"a":0,"k":0,"ix":4},"sa":{"a":0,"k":0,"ix":5},"nm":"Transform"}],"nm":"Group 1","np":2,"cix":2,"bm":0,"ix":1,"mn":"ADBE Vector Group","hd":false},{"ty":"gr","it":[{"ind":0,"ty":"sh","ix":1,"ks":{"a":1,"k":[{"i":{"x":0.833,"y":0.833},"o":{"x":0.167,"y":0.167},"t":0,"s":[{"i":[[-15.983,-11.822],[10.4,16.754],[0.711,5.397],[-2.65,-4.164]],"o":[[-16.766,-10.38],[-2.871,-4.625],[3.912,3.011],[10.65,16.738]],"v":[[24.495,27.75],[-16.337,-14.428],[-22.566,-29.385],[-13.314,-17.926]],"c":true}]},{"i":{"x":0.833,"y":0.833},"o":{"x":0.167,"y":0.167},"t":10,"s":[{"i":[[-15.983,-11.822],[9.453,17.306],[0.41,5.428],[-2.414,-4.305]],"o":[[-16.766,-10.38],[-2.609,-4.777],[3.738,3.224],[9.704,17.304]],"v":[[24.495,27.75],[-14.053,-16.378],[-19.441,-31.658],[-10.84,-19.702]],"c":true}]},{"i":{"x":0.833,"y":0.833},"o":{"x":0.167,"y":0.167},"t":22,"s":[{"i":[[-15.983,-11.822],[10.972,16.385],[0.896,5.369],[-2.791,-4.071]],"o":[[-16.766,-10.38],[-3.028,-4.523],[4.013,2.875],[11.22,16.362]],"v":[[24.495,27.75],[-17.755,-13.016],[-24.495,-27.75],[-14.854,-16.616]],"c":true}]},{"i":{"x":0.833,"y":0.833},"o":{"x":0.167,"y":0.167},"t":32,"s":[{"i":[[-15.983,-11.822],[9.453,17.306],[0.41,5.428],[-2.414,-4.305]],"o":[[-16.766,-10.38],[-2.609,-4.777],[3.738,3.224],[9.704,17.304]],"v":[[24.495,27.75],[-14.053,-16.378],[-19.441,-31.658],[-10.84,-19.702]],"c":true}]},{"i":{"x":0.833,"y":0.833},"o":{"x":0.167,"y":0.167},"t":45,"s":[{"i":[[-15.983,-11.822],[10.972,16.385],[0.896,5.369],[-2.791,-4.071]],"o":[[-16.766,-10.38],[-3.028,-4.523],[4.013,2.875],[11.22,16.362]],"v":[[24.495,27.75],[-17.755,-13.016],[-24.495,-27.75],[-14.854,-16.616]],"c":true}]},{"i":{"x":0.833,"y":0.833},"o":{"x":0.167,"y":0.167},"t":55,"s":[{"i":[[-15.983,-11.822],[9.453,17.306],[0.41,5.428],[-2.414,-4.305]],"o":[[-16.766,-10.38],[-2.609,-4.777],[3.738,3.224],[9.704,17.304]],"v":[[24.495,27.75],[-14.053,-16.378],[-19.441,-31.658],[-10.84,-19.702]],"c":true}]},{"i":{"x":0.833,"y":0.833},"o":{"x":0.167,"y":0.167},"t":69,"s":[{"i":[[-15.983,-11.822],[10.972,16.385],[0.896,5.369],[-2.791,-4.071]],"o":[[-16.766,-10.38],[-3.028,-4.523],[4.013,2.875],[11.22,16.362]],"v":[[24.495,27.75],[-17.755,-13.016],[-24.495,-27.75],[-14.854,-16.616]],"c":true}]},{"i":{"x":0.833,"y":0.833},"o":{"x":0.167,"y":0.167},"t":81,"s":[{"i":[[-15.983,-11.822],[10.972,16.385],[0.896,5.369],[-2.791,-4.071]],"o":[[-16.766,-10.38],[-3.028,-4.523],[4.013,2.875],[11.22,16.362]],"v":[[24.495,27.75],[-17.755,-13.016],[-24.495,-27.75],[-14.854,-16.616]],"c":true}]},{"i":{"x":0.833,"y":0.833},"o":{"x":0.167,"y":0.167},"t":90,"s":[{"i":[[-15.983,-11.822],[9.453,17.306],[0.41,5.428],[-2.414,-4.305]],"o":[[-16.766,-10.38],[-2.609,-4.777],[3.738,3.224],[9.704,17.304]],"v":[[24.495,27.75],[-14.053,-16.378],[-19.441,-31.658],[-10.84,-19.702]],"c":true}]},{"i":{"x":0.833,"y":0.833},"o":{"x":0.167,"y":0.167},"t":102,"s":[{"i":[[-15.983,-11.822],[10.972,16.385],[0.896,5.369],[-2.791,-4.071]],"o":[[-16.766,-10.38],[-3.028,-4.523],[4.013,2.875],[11.22,16.362]],"v":[[24.495,27.75],[-17.755,-13.016],[-24.495,-27.75],[-14.854,-16.616]],"c":true}]},{"i":{"x":0.833,"y":0.833},"o":{"x":0.167,"y":0.167},"t":112,"s":[{"i":[[-15.983,-11.822],[9.453,17.306],[0.41,5.428],[-2.414,-4.305]],"o":[[-16.766,-10.38],[-2.609,-4.777],[3.738,3.224],[9.704,17.304]],"v":[[24.495,27.75],[-14.053,-16.378],[-19.441,-31.658],[-10.84,-19.702]],"c":true}]},{"i":{"x":0.833,"y":0.833},"o":{"x":0.167,"y":0.167},"t":125,"s":[{"i":[[-15.983,-11.822],[10.972,16.385],[0.896,5.369],[-2.791,-4.071]],"o":[[-16.766,-10.38],[-3.028,-4.523],[4.013,2.875],[11.22,16.362]],"v":[[24.495,27.75],[-17.755,-13.016],[-24.495,-27.75],[-14.854,-16.616]],"c":true}]},{"i":{"x":0.833,"y":0.833},"o":{"x":0.167,"y":0.167},"t":135,"s":[{"i":[[-15.983,-11.822],[9.453,17.306],[0.41,5.428],[-2.414,-4.305]],"o":[[-16.766,-10.38],[-2.609,-4.777],[3.738,3.224],[9.704,17.304]],"v":[[24.495,27.75],[-14.053,-16.378],[-19.441,-31.658],[-10.84,-19.702]],"c":true}]},{"i":{"x":0.833,"y":0.833},"o":{"x":0.167,"y":0.167},"t":149,"s":[{"i":[[-15.983,-11.822],[10.972,16.385],[0.896,5.369],[-2.791,-4.071]],"o":[[-16.766,-10.38],[-3.028,-4.523],[4.013,2.875],[11.22,16.362]],"v":[[24.495,27.75],[-17.755,-13.016],[-24.495,-27.75],[-14.854,-16.616]],"c":true}]},{"t":161,"s":[{"i":[[-15.983,-11.822],[10.972,16.385],[0.896,5.369],[-2.791,-4.071]],"o":[[-16.766,-10.38],[-3.028,-4.523],[4.013,2.875],[11.22,16.362]],"v":[[24.495,27.75],[-17.755,-13.016],[-24.495,-27.75],[-14.854,-16.616]],"c":true}]}],"ix":2},"nm":"Path 1","mn":"ADBE Vector Shape - Group","hd":false},{"ty":"st","c":{"a":0,"k":[0.367762995701,0.189552352008,0.416115435432,1],"ix":3},"o":{"a":0,"k":100,"ix":4},"w":{"a":0,"k":10.217,"ix":5},"lc":2,"lj":2,"bm":0,"nm":"Stroke 1","mn":"ADBE Vector Graphic - Stroke","hd":false},{"ty":"tr","p":{"a":0,"k":[50.037,236.876],"ix":2},"a":{"a":0,"k":[0,0],"ix":1},"s":{"a":0,"k":[100,100],"ix":3},"r":{"a":0,"k":0,"ix":6},"o":{"a":0,"k":100,"ix":7},"sk":{"a":0,"k":0,"ix":4},"sa":{"a":0,"k":0,"ix":5},"nm":"Transform"}],"nm":"Group 2","np":2,"cix":2,"bm":0,"ix":2,"mn":"ADBE Vector Group","hd":false},{"ty":"gr","it":[{"ind":0,"ty":"sh","ix":1,"ks":{"a":0,"k":{"i":[[4.96,-67.34],[-0.32,53.099],[-2.034,21.5],[-6.892,3.175]],"o":[[0.32,-53.1],[0.13,-21.596],[0.715,-7.555],[-5.503,88.003]],"v":[[-6.343,121.775],[-5.382,-37.522],[-3.087,-102.246],[6.343,-121.775]],"c":true},"ix":2},"nm":"Path 1","mn":"ADBE Vector Shape - Group","hd":false},{"ty":"st","c":{"a":0,"k":[0.367762995701,0.189552352008,0.416115435432,1],"ix":3},"o":{"a":0,"k":100,"ix":4},"w":{"a":0,"k":10.217,"ix":5},"lc":2,"lj":2,"bm":0,"nm":"Stroke 1","mn":"ADBE Vector Graphic - Stroke","hd":false},{"ty":"tr","p":{"a":0,"k":[86.244,147.318],"ix":2},"a":{"a":0,"k":[0,0],"ix":1},"s":{"a":0,"k":[100,100],"ix":3},"r":{"a":0,"k":0,"ix":6},"o":{"a":0,"k":100,"ix":7},"sk":{"a":0,"k":0,"ix":4},"sa":{"a":0,"k":0,"ix":5},"nm":"Transform"}],"nm":"Group 3","np":2,"cix":2,"bm":0,"ix":3,"mn":"ADBE Vector Group","hd":false}],"ip":0,"op":161,"st":0,"bm":0},{"ddd":0,"ind":4,"ty":4,"nm":"Shape Layer 10","sr":1,"ks":{"o":{"a":0,"k":100,"ix":11},"r":{"a":0,"k":0,"ix":10},"p":{"a":1,"k":[{"i":{"x":0.833,"y":0.736},"o":{"x":0.333,"y":0},"t":70,"s":[235.931,204.261,0],"to":[-3.667,-23.833,0],"ti":[45.667,-11.167,0]},{"i":{"x":0.667,"y":1},"o":{"x":0.167,"y":0.113},"t":79,"s":[165.931,141.261,0],"to":[-125.667,58.167,0],"ti":[0,-1.667,0]},{"t":86,"s":[133.931,296.261,0]}],"ix":2},"a":{"a":0,"k":[56.931,-149.739,0],"ix":1},"s":{"a":1,"k":[{"i":{"x":[0.833,0.833,0.833],"y":[1.077,1.077,12.014]},"o":{"x":[0.333,0.333,0.333],"y":[0,0,0]},"t":70,"s":[63,63,100]},{"i":{"x":[0.833,0.833,0.833],"y":[1,1,1]},"o":{"x":[0.167,0.167,0.167],"y":[0.021,0.021,-4.895]},"t":79,"s":[157,157,100]},{"t":83,"s":[0,0,100]}],"ix":6}},"ao":0,"shapes":[{"ty":"gr","it":[{"ind":0,"ty":"sh","ix":1,"ks":{"a":0,"k":{"i":[[6.25,-0.875],[-8.25,1.125]],"o":[[-9.408,1.317],[9.375,-2.625]],"v":[[56.5,-156],[58,-143.5]],"c":true},"ix":2},"nm":"Path 1","mn":"ADBE Vector Shape - Group","hd":false},{"ty":"fl","c":{"a":0,"k":[0.286481670305,0.620962105545,0.894721536075,1],"ix":4},"o":{"a":0,"k":100,"ix":5},"r":1,"bm":0,"nm":"Fill 1","mn":"ADBE Vector Graphic - Fill","hd":false},{"ty":"tr","p":{"a":0,"k":[0,0],"ix":2},"a":{"a":0,"k":[0,0],"ix":1},"s":{"a":0,"k":[100,100],"ix":3},"r":{"a":0,"k":0,"ix":6},"o":{"a":0,"k":100,"ix":7},"sk":{"a":0,"k":0,"ix":4},"sa":{"a":0,"k":0,"ix":5},"nm":"Transform"}],"nm":"Shape 1","np":3,"cix":2,"bm":0,"ix":1,"mn":"ADBE Vector Group","hd":false}],"ip":69,"op":86,"st":69,"bm":0},{"ddd":0,"ind":5,"ty":4,"nm":"Shape Layer 9","sr":1,"ks":{"o":{"a":0,"k":100,"ix":11},"r":{"a":0,"k":0,"ix":10},"p":{"a":1,"k":[{"i":{"x":0.833,"y":0.824},"o":{"x":0.333,"y":0},"t":68,"s":[269.931,255.261,0],"to":[-7.667,-36.833,0],"ti":[59.667,-29.167,0]},{"i":{"x":0.667,"y":1},"o":{"x":0.167,"y":0.156},"t":77,"s":[168.931,185.261,0],"to":[-59.667,29.167,0],"ti":[0,-1.667,0]},{"t":84,"s":[161.931,296.261,0]}],"ix":2},"a":{"a":0,"k":[56.931,-149.739,0],"ix":1},"s":{"a":1,"k":[{"i":{"x":[0.833,0.833,0.833],"y":[1.077,1.077,12.014]},"o":{"x":[0.333,0.333,0.333],"y":[0,0,0]},"t":68,"s":[63,63,100]},{"i":{"x":[0.833,0.833,0.833],"y":[1,1,1]},"o":{"x":[0.167,0.167,0.167],"y":[0.021,0.021,-4.895]},"t":77,"s":[157,157,100]},{"t":81,"s":[0,0,100]}],"ix":6}},"ao":0,"shapes":[{"ty":"gr","it":[{"ind":0,"ty":"sh","ix":1,"ks":{"a":0,"k":{"i":[[6.25,-0.875],[-8.25,1.125]],"o":[[-9.408,1.317],[9.375,-2.625]],"v":[[56.5,-156],[58,-143.5]],"c":true},"ix":2},"nm":"Path 1","mn":"ADBE Vector Shape - Group","hd":false},{"ty":"fl","c":{"a":0,"k":[0.286481670305,0.620962105545,0.894721536075,1],"ix":4},"o":{"a":0,"k":100,"ix":5},"r":1,"bm":0,"nm":"Fill 1","mn":"ADBE Vector Graphic - Fill","hd":false},{"ty":"tr","p":{"a":0,"k":[0,0],"ix":2},"a":{"a":0,"k":[0,0],"ix":1},"s":{"a":0,"k":[100,100],"ix":3},"r":{"a":0,"k":0,"ix":6},"o":{"a":0,"k":100,"ix":7},"sk":{"a":0,"k":0,"ix":4},"sa":{"a":0,"k":0,"ix":5},"nm":"Transform"}],"nm":"Shape 1","np":3,"cix":2,"bm":0,"ix":1,"mn":"ADBE Vector Group","hd":false}],"ip":67,"op":84,"st":67,"bm":0},{"ddd":0,"ind":6,"ty":4,"nm":"Shape Layer 7","sr":1,"ks":{"o":{"a":0,"k":100,"ix":11},"r":{"a":0,"k":0,"ix":10},"p":{"a":1,"k":[{"i":{"x":0.833,"y":0.819},"o":{"x":0.333,"y":0},"t":65,"s":[361.931,194.261,0],"to":[17.333,-9.833,0],"ti":[-9.333,-29.167,0]},{"i":{"x":0.667,"y":1},"o":{"x":0.167,"y":0.151},"t":74,"s":[427.931,228.261,0],"to":[9.333,29.167,0],"ti":[0,-1.667,0]},{"t":81,"s":[427.931,304.261,0]}],"ix":2},"a":{"a":0,"k":[56.931,-149.739,0],"ix":1},"s":{"a":1,"k":[{"i":{"x":[0.833,0.833,0.833],"y":[1.077,1.077,12.014]},"o":{"x":[0.333,0.333,0.333],"y":[0,0,0]},"t":65,"s":[63,63,100]},{"i":{"x":[0.833,0.833,0.833],"y":[1,1,1]},"o":{"x":[0.167,0.167,0.167],"y":[0.021,0.021,-4.895]},"t":74,"s":[157,157,100]},{"t":78,"s":[0,0,100]}],"ix":6}},"ao":0,"shapes":[{"ty":"gr","it":[{"ind":0,"ty":"sh","ix":1,"ks":{"a":0,"k":{"i":[[6.25,-0.875],[-8.25,1.125]],"o":[[-9.408,1.317],[9.375,-2.625]],"v":[[56.5,-156],[58,-143.5]],"c":true},"ix":2},"nm":"Path 1","mn":"ADBE Vector Shape - Group","hd":false},{"ty":"fl","c":{"a":0,"k":[0.286481670305,0.620962105545,0.894721536075,1],"ix":4},"o":{"a":0,"k":100,"ix":5},"r":1,"bm":0,"nm":"Fill 1","mn":"ADBE Vector Graphic - Fill","hd":false},{"ty":"tr","p":{"a":0,"k":[0,0],"ix":2},"a":{"a":0,"k":[0,0],"ix":1},"s":{"a":0,"k":[100,100],"ix":3},"r":{"a":0,"k":0,"ix":6},"o":{"a":0,"k":100,"ix":7},"sk":{"a":0,"k":0,"ix":4},"sa":{"a":0,"k":0,"ix":5},"nm":"Transform"}],"nm":"Shape 1","np":3,"cix":2,"bm":0,"ix":1,"mn":"ADBE Vector Group","hd":false}],"ip":64,"op":81,"st":64,"bm":0},{"ddd":0,"ind":7,"ty":4,"nm":"hoja01","parent":3,"sr":1,"ks":{"o":{"a":0,"k":100,"ix":11},"r":{"a":1,"k":[{"i":{"x":[0.833],"y":[1]},"o":{"x":[0.167],"y":[0.167]},"t":0,"s":[0]},{"i":{"x":[0.833],"y":[1]},"o":{"x":[0.167],"y":[0]},"t":10,"s":[3]},{"i":{"x":[0.833],"y":[1]},"o":{"x":[0.167],"y":[0]},"t":22,"s":[0]},{"i":{"x":[0.833],"y":[1]},"o":{"x":[0.167],"y":[0]},"t":32,"s":[3]},{"i":{"x":[0.833],"y":[1]},"o":{"x":[0.167],"y":[0]},"t":45,"s":[0]},{"i":{"x":[0.833],"y":[1.245]},"o":{"x":[0.167],"y":[0]},"t":54,"s":[3]},{"i":{"x":[0.833],"y":[1.089]},"o":{"x":[0.167],"y":[0.028]},"t":66,"s":[0]},{"i":{"x":[0.833],"y":[1]},"o":{"x":[0.167],"y":[0.063]},"t":70,"s":[8.88]},{"i":{"x":[0.833],"y":[0.951]},"o":{"x":[0.167],"y":[0]},"t":77,"s":[-13]},{"i":{"x":[0.833],"y":[0.987]},"o":{"x":[0.167],"y":[-0.12]},"t":83,"s":[9]},{"i":{"x":[0.833],"y":[1]},"o":{"x":[0.167],"y":[-1.383]},"t":89,"s":[0]},{"t":160,"s":[0]}],"ix":10,"x":"var $bm_rt;\n$bm_rt = loopOut('cycle', 0);"},"p":{"a":0,"k":[55.395,246.131,0],"ix":2},"a":{"a":0,"k":[66.461,99.504,0],"ix":1},"s":{"a":0,"k":[100,100,100],"ix":6}},"ao":0,"shapes":[{"ty":"gr","it":[{"ind":0,"ty":"sh","ix":1,"ks":{"a":0,"k":{"i":[[0.426,3.359],[35.517,12.074],[0.741,-4.351],[-15.648,-20.362],[-17.687,-0.791],[-0.148,-0.028],[-1.054,0.218],[-0.367,0.001],[-0.623,2.916]],"o":[[9.978,-40.162],[-4.602,-1.565],[-4.165,24.451],[11.266,14.658],[0.148,0.029],[1.29,0.245],[0.368,0.003],[3.798,-0.012],[1.953,-1.854]],"v":[[34.233,37.582],[-30.869,-49.689],[-40.045,-43.573],[-26.434,30.014],[19.779,50.912],[20.221,51.009],[23.734,51.014],[24.835,51.03],[31.548,45.475]],"c":true},"ix":2},"nm":"Path 1","mn":"ADBE Vector Shape - Group","hd":false},{"ty":"fl","c":{"a":0,"k":[0.416115435432,0.717538631664,0.524163579006,1],"ix":4},"o":{"a":0,"k":100,"ix":5},"r":1,"bm":0,"nm":"Fill 1","mn":"ADBE Vector Graphic - Fill","hd":false},{"ty":"tr","p":{"a":0,"k":[44.46,51.503],"ix":2},"a":{"a":0,"k":[0,0],"ix":1},"s":{"a":0,"k":[100,100],"ix":3},"r":{"a":0,"k":0,"ix":6},"o":{"a":0,"k":100,"ix":7},"sk":{"a":0,"k":0,"ix":4},"sa":{"a":0,"k":0,"ix":5},"nm":"Transform"}],"nm":"Group 1","np":2,"cix":2,"bm":0,"ix":1,"mn":"ADBE Vector Group","hd":false}],"ip":0,"op":161,"st":0,"bm":0},{"ddd":0,"ind":8,"ty":4,"nm":"hoja02","parent":3,"sr":1,"ks":{"o":{"a":0,"k":100,"ix":11},"r":{"a":1,"k":[{"i":{"x":[0.833],"y":[1]},"o":{"x":[0.167],"y":[0.167]},"t":0,"s":[0]},{"i":{"x":[0.833],"y":[1]},"o":{"x":[0.167],"y":[0]},"t":10,"s":[-3]},{"i":{"x":[0.833],"y":[1]},"o":{"x":[0.167],"y":[0]},"t":22,"s":[0]},{"i":{"x":[0.833],"y":[1]},"o":{"x":[0.167],"y":[0]},"t":32,"s":[-3]},{"i":{"x":[0.833],"y":[1]},"o":{"x":[0.167],"y":[0]},"t":45,"s":[0]},{"i":{"x":[0.833],"y":[1.287]},"o":{"x":[0.167],"y":[0]},"t":54,"s":[-3]},{"i":{"x":[0.833],"y":[1.018]},"o":{"x":[0.167],"y":[0.029]},"t":66,"s":[0]},{"i":{"x":[0.833],"y":[0.994]},"o":{"x":[0.167],"y":[0.025]},"t":70,"s":[-9.88]},{"i":{"x":[0.833],"y":[0.979]},"o":{"x":[0.167],"y":[-0.006]},"t":77,"s":[3]},{"i":{"x":[0.833],"y":[0.987]},"o":{"x":[0.167],"y":[-0.028]},"t":83,"s":[-9]},{"i":{"x":[0.833],"y":[1]},"o":{"x":[0.167],"y":[1.383]},"t":89,"s":[0]},{"t":160,"s":[0]}],"ix":10,"x":"var $bm_rt;\n$bm_rt = loopOutDuration('cycle', 0);"},"p":{"a":0,"k":[108.163,184.353,0],"ix":2},"a":{"a":0,"k":[12.222,108.131,0],"ix":1},"s":{"a":0,"k":[100,100,100],"ix":6}},"ao":0,"shapes":[{"ty":"gr","it":[{"ind":0,"ty":"sh","ix":1,"ks":{"a":0,"k":{"i":[[4.904,12.41],[4.692,-2.136],[15.13,-18.515],[-6.011,-20.861],[-0.035,-0.106],[-4.519,-1.827],[-16.15,21.435],[-0.136,14.255]],"o":[[-1.879,-4.756],[-21.761,9.906],[-12.9,15.787],[0.031,0.109],[-1.138,3.617],[26.108,10.553],[8.758,-11.624],[0.124,-13.159]],"v":[[43.068,-55.318],[32.186,-59.745],[-24.008,-15.671],[-41.961,41.348],[-41.841,41.647],[-36.731,51.328],[35.215,26.628],[46.479,-13.305]],"c":true},"ix":2},"nm":"Path 1","mn":"ADBE Vector Shape - Group","hd":false},{"ty":"fl","c":{"a":0,"k":[0.416115435432,0.717538631664,0.524163579006,1],"ix":4},"o":{"a":0,"k":100,"ix":5},"r":1,"bm":0,"nm":"Fill 1","mn":"ADBE Vector Graphic - Fill","hd":false},{"ty":"tr","p":{"a":0,"k":[48.222,62.131],"ix":2},"a":{"a":0,"k":[0,0],"ix":1},"s":{"a":0,"k":[100,100],"ix":3},"r":{"a":0,"k":0,"ix":6},"o":{"a":0,"k":100,"ix":7},"sk":{"a":0,"k":0,"ix":4},"sa":{"a":0,"k":0,"ix":5},"nm":"Transform"}],"nm":"Group 1","np":2,"cix":2,"bm":0,"ix":1,"mn":"ADBE Vector Group","hd":false}],"ip":0,"op":161,"st":0,"bm":0},{"ddd":0,"ind":9,"ty":3,"nm":"NULL CONTROL","parent":17,"sr":1,"ks":{"o":{"a":0,"k":0,"ix":11},"r":{"a":0,"k":0,"ix":10},"p":{"a":1,"k":[{"i":{"x":0.29,"y":1},"o":{"x":0.71,"y":0},"t":59,"s":[148.78,121.896,0],"to":[0,0,0],"ti":[0,0,0]},{"i":{"x":0.29,"y":1},"o":{"x":0.71,"y":0},"t":64,"s":[148.78,111.904,0],"to":[8.823,-7.346,0],"ti":[0,0,0]},{"i":{"x":0.29,"y":1},"o":{"x":0.71,"y":0},"t":68,"s":[172.584,125.111,0],"to":[0,0,0],"ti":[7.127,-7.322,0]},{"i":{"x":0.29,"y":1},"o":{"x":0.71,"y":0},"t":71.766,"s":[148.78,121.896,0],"to":[-7.127,7.322,0],"ti":[0,0.437,0]},{"i":{"x":0.29,"y":1},"o":{"x":0.71,"y":0},"t":75,"s":[172.584,121.112,0],"to":[0,-1.666,0],"ti":[0,3.673,0]},{"t":81,"s":[148.78,121.896,0]}],"ix":2},"a":{"a":0,"k":[60,60,0],"ix":1},"s":{"a":0,"k":[100,100,100],"ix":6}},"ao":0,"ip":0,"op":161,"st":0,"bm":0},{"ddd":0,"ind":10,"ty":4,"nm":"cejas","parent":9,"sr":1,"ks":{"o":{"a":0,"k":100,"ix":11},"r":{"a":0,"k":0,"ix":10},"p":{"a":1,"k":[{"i":{"x":0.833,"y":0.779},"o":{"x":0.167,"y":0.167},"t":59,"s":[60.77,25.967,0],"to":[0,-1.665,0],"ti":[0,-0.667,0]},{"i":{"x":0.833,"y":0.958},"o":{"x":0.167,"y":0.127},"t":64,"s":[60.77,15.975,0],"to":[0,0.667,0],"ti":[0,-2.332,0]},{"i":{"x":0.833,"y":0.833},"o":{"x":0.167,"y":0.167},"t":68,"s":[60.77,29.967,0],"to":[0,0,0],"ti":[0,0,0]},{"i":{"x":0.833,"y":0.905},"o":{"x":0.167,"y":0.042},"t":80,"s":[60.77,29.967,0],"to":[0,-0.667,0],"ti":[0,0.667,0]},{"i":{"x":0.833,"y":0.833},"o":{"x":0.167,"y":0.167},"t":84,"s":[60.77,25.967,0],"to":[0,0,0],"ti":[0,0,0]},{"i":{"x":0.833,"y":0.833},"o":{"x":0.167,"y":0.104},"t":87,"s":[60.77,25.967,0],"to":[0,2.017,0],"ti":[0,0,0]},{"i":{"x":0.833,"y":0.833},"o":{"x":0.167,"y":0.167},"t":92,"s":[60.77,38.069,0],"to":[0,0,0],"ti":[0,2.017,0]},{"i":{"x":0.833,"y":0.833},"o":{"x":0.167,"y":0.167},"t":97,"s":[60.77,25.967,0],"to":[0,0,0],"ti":[0,0,0]},{"i":{"x":0.833,"y":0.833},"o":{"x":0.167,"y":0.018},"t":138,"s":[60.77,25.967,0],"to":[0,2.017,0],"ti":[0,0,0]},{"i":{"x":0.833,"y":0.833},"o":{"x":0.167,"y":0.167},"t":143,"s":[60.77,38.069,0],"to":[0,0,0],"ti":[0,2.017,0]},{"t":148,"s":[60.77,25.967,0]}],"ix":2},"a":{"a":0,"k":[88.789,35.246,0],"ix":1},"s":{"a":0,"k":[100,100,100],"ix":6}},"ao":0,"shapes":[{"ty":"gr","it":[{"ind":0,"ty":"sh","ix":1,"ks":{"a":0,"k":{"i":[[6.538,0.749],[-4.834,2.567],[-3.624,1.027],[-3.189,-0.488],[-1.544,-2.832],[2.553,-1.971],[2.026,-0.221]],"o":[[-5.437,-0.623],[3.327,-1.766],[3.104,-0.879],[3.189,0.487],[1.544,2.832],[-1.614,1.247],[-6.055,0.659]],"v":[[-10.338,7.722],[-12.292,-2.784],[-1.83,-6.994],[7.722,-7.983],[15.583,-2.944],[14.126,5.827],[8.359,7.607]],"c":true},"ix":2},"nm":"Path 1","mn":"ADBE Vector Shape - Group","hd":false},{"ty":"st","c":{"a":0,"k":[0.367762995701,0.189552352008,0.416115435432,1],"ix":3},"o":{"a":0,"k":100,"ix":4},"w":{"a":0,"k":10.217,"ix":5},"lc":2,"lj":2,"bm":0,"nm":"Stroke 1","mn":"ADBE Vector Graphic - Stroke","hd":false},{"ty":"tr","p":{"a":0,"k":[42.669,36.479],"ix":2},"a":{"a":0,"k":[0,0],"ix":1},"s":{"a":0,"k":[100,100],"ix":3},"r":{"a":0,"k":0,"ix":6},"o":{"a":0,"k":100,"ix":7},"sk":{"a":0,"k":0,"ix":4},"sa":{"a":0,"k":0,"ix":5},"nm":"Transform"}],"nm":"Group 1","np":2,"cix":2,"bm":0,"ix":1,"mn":"ADBE Vector Group","hd":false},{"ty":"gr","it":[{"ind":0,"ty":"sh","ix":1,"ks":{"a":0,"k":{"i":[[-6.354,3.285],[2.953,1.967],[8.476,-3.134],[0.928,-1.612],[-1.596,-1.845],[-2.343,-0.677]],"o":[[3.152,-1.63],[-7.49,-4.989],[-1.743,0.645],[-1.216,2.113],[1.596,1.845],[7.9,2.279]],"v":[[13.934,5.036],[14.297,-3.063],[-11.581,-6.318],[-16.034,-3.153],[-14.995,3.626],[-8.713,7.173]],"c":true},"ix":2},"nm":"Path 1","mn":"ADBE Vector Shape - Group","hd":false},{"ty":"st","c":{"a":0,"k":[0.367762995701,0.189552352008,0.416115435432,1],"ix":3},"o":{"a":0,"k":100,"ix":4},"w":{"a":0,"k":10.217,"ix":5},"lc":2,"lj":2,"bm":0,"nm":"Stroke 1","mn":"ADBE Vector Graphic - Stroke","hd":false},{"ty":"tr","p":{"a":0,"k":[134.787,34.994],"ix":2},"a":{"a":0,"k":[0,0],"ix":1},"s":{"a":0,"k":[100,100],"ix":3},"r":{"a":0,"k":0,"ix":6},"o":{"a":0,"k":100,"ix":7},"sk":{"a":0,"k":0,"ix":4},"sa":{"a":0,"k":0,"ix":5},"nm":"Transform"}],"nm":"Group 2","np":2,"cix":2,"bm":0,"ix":2,"mn":"ADBE Vector Group","hd":false}],"ip":0,"op":161,"st":0,"bm":0},{"ddd":0,"ind":11,"ty":4,"nm":"ojos 4","parent":9,"sr":1,"ks":{"o":{"a":0,"k":100,"ix":11},"r":{"a":0,"k":0,"ix":10},"p":{"a":0,"k":[61.479,64.185,0],"ix":2},"a":{"a":0,"k":[52.297,7.594,0],"ix":1},"s":{"a":1,"k":[{"i":{"x":[0.833,0.833,0.833],"y":[0.833,0.833,0.833]},"o":{"x":[0.167,0.167,0.167],"y":[0.167,0.167,0.167]},"t":90,"s":[100,100,100]},{"i":{"x":[0.833,0.833,0.833],"y":[0.833,0.833,0.833]},"o":{"x":[0.167,0.167,0.167],"y":[0.167,0.167,0.167]},"t":91.711,"s":[100,0,100]},{"i":{"x":[0.833,0.833,0.833],"y":[0.833,0.833,0.833]},"o":{"x":[0.167,0.167,0.167],"y":[0.167,0.167,0.167]},"t":93.23,"s":[100,0,100]},{"i":{"x":[0.833,0.833,0.833],"y":[0.833,0.833,0.833]},"o":{"x":[0.167,0.167,0.167],"y":[0.167,0.167,0.167]},"t":96,"s":[100,100,100]},{"i":{"x":[0.833,0.833,0.833],"y":[0.833,0.833,0.833]},"o":{"x":[0.167,0.167,0.167],"y":[0.167,0.167,0.167]},"t":141,"s":[100,100,100]},{"i":{"x":[0.833,0.833,0.833],"y":[0.833,0.833,0.833]},"o":{"x":[0.167,0.167,0.167],"y":[0.167,0.167,0.167]},"t":142.711,"s":[100,0,100]},{"i":{"x":[0.833,0.833,0.833],"y":[0.833,0.833,0.833]},"o":{"x":[0.167,0.167,0.167],"y":[0.167,0.167,0.167]},"t":144.23,"s":[100,0,100]},{"t":147,"s":[100,100,100]}],"ix":6}},"ao":0,"shapes":[{"ty":"gr","it":[{"ty":"fl","c":{"a":0,"k":[0.367762995701,0.189552352008,0.416115435432,1],"ix":4},"o":{"a":0,"k":100,"ix":5},"r":1,"bm":0,"nm":"Fill 1","mn":"ADBE Vector Graphic - Fill","hd":false},{"ty":"tr","p":{"a":0,"k":[97.343,7.594],"ix":2},"a":{"a":0,"k":[0,0],"ix":1},"s":{"a":0,"k":[100,100],"ix":3},"r":{"a":0,"k":0,"ix":6},"o":{"a":0,"k":100,"ix":7},"sk":{"a":0,"k":0,"ix":4},"sa":{"a":0,"k":0,"ix":5},"nm":"Transform"}],"nm":"Group 1","np":1,"cix":2,"bm":0,"ix":1,"mn":"ADBE Vector Group","hd":false},{"ty":"gr","it":[{"ind":0,"ty":"sh","ix":1,"ks":{"a":0,"k":{"i":[[0.161,0.585],[0.829,0.828],[1.785,0],[0.585,-0.162],[1.031,-0.893],[0.084,-0.104],[0.323,-1.155],[-0.326,-1.209],[-0.036,-0.085],[-0.047,-0.168],[-0.77,-0.708],[-0.015,-0.009],[-0.54,-0.149],[-1.477,0.9],[-0.42,0.436],[-0.052,0.065],[-0.008,0.009],[-0.113,0.16],[-0.004,0.006],[-0.013,0.021],[-0.024,0.046],[-0.038,0.086],[-0.202,0.571],[-0.008,0.03],[-0.002,0.012],[-0.005,0.115],[0,0.005]],"o":[[-0.312,-1.131],[-1.263,-1.263],[-0.61,0],[-1.337,0.37],[-0.102,0.088],[-0.846,0.851],[-0.326,1.209],[0.035,0.085],[0.032,0.159],[0.274,0.996],[0.011,0.01],[0.47,0.304],[1.655,0.456],[0.511,-0.311],[0.057,-0.06],[0.008,-0.009],[0.122,-0.157],[0.004,-0.006],[0.014,-0.021],[0.024,-0.045],[0.043,-0.083],[0.149,-0.349],[0.011,-0.028],[0.002,-0.012],[0.022,-0.118],[0,-0.005],[0.029,-0.603]],"v":[[6.728,-2.38],[4.987,-5.365],[0.208,-7.344],[-1.605,-7.099],[-4.649,-5.317],[-4.92,-5.015],[-6.674,-2.006],[-6.674,1.62],[-6.567,1.875],[-6.468,2.356],[-4.801,5.22],[-3.489,6.233],[-1.939,6.888],[3.08,6.227],[4.514,5.11],[4.676,4.92],[4.698,4.892],[5.735,3.55],[5.748,3.533],[5.786,3.467],[5.858,3.33],[5.978,3.077],[6.695,1.368],[6.723,1.28],[6.729,1.244],[6.971,-0.557],[6.971,-0.572]],"c":true},"ix":2},"nm":"Path 1","mn":"ADBE Vector Shape - Group","hd":false},{"ty":"fl","c":{"a":0,"k":[0.367762995701,0.189552352008,0.416115435432,1],"ix":4},"o":{"a":0,"k":100,"ix":5},"r":1,"bm":0,"nm":"Fill 1","mn":"ADBE Vector Graphic - Fill","hd":false},{"ty":"tr","p":{"a":0,"k":[7.25,7.594],"ix":2},"a":{"a":0,"k":[0,0],"ix":1},"s":{"a":0,"k":[100,100],"ix":3},"r":{"a":0,"k":0,"ix":6},"o":{"a":0,"k":100,"ix":7},"sk":{"a":0,"k":0,"ix":4},"sa":{"a":0,"k":0,"ix":5},"nm":"Transform"}],"nm":"Group 2","np":2,"cix":2,"bm":0,"ix":2,"mn":"ADBE Vector Group","hd":false}],"ip":81,"op":166,"st":0,"bm":0},{"ddd":0,"ind":12,"ty":4,"nm":"ojos 3","parent":9,"sr":1,"ks":{"o":{"a":0,"k":100,"ix":11},"r":{"a":0,"k":0,"ix":10},"p":{"a":0,"k":[61.479,64.185,0],"ix":2},"a":{"a":0,"k":[52.297,7.594,0],"ix":1},"s":{"a":1,"k":[{"i":{"x":[0.833,0.833,0.833],"y":[0.833,0.833,0.833]},"o":{"x":[0.167,0.167,0.167],"y":[0.167,0.167,0.167]},"t":90,"s":[100,100,100]},{"i":{"x":[0.833,0.833,0.833],"y":[0.833,0.833,0.833]},"o":{"x":[0.167,0.167,0.167],"y":[0.167,0.167,0.167]},"t":91.711,"s":[100,0,100]},{"i":{"x":[0.833,0.833,0.833],"y":[0.833,0.833,0.833]},"o":{"x":[0.167,0.167,0.167],"y":[0.167,0.167,0.167]},"t":93.23,"s":[100,0,100]},{"i":{"x":[0.833,0.833,0.833],"y":[0.833,0.833,0.833]},"o":{"x":[0.167,0.167,0.167],"y":[0.167,0.167,0.167]},"t":96,"s":[100,100,100]},{"i":{"x":[0.833,0.833,0.833],"y":[0.833,0.833,0.833]},"o":{"x":[0.167,0.167,0.167],"y":[0.167,0.167,0.167]},"t":141,"s":[100,100,100]},{"i":{"x":[0.833,0.833,0.833],"y":[0.833,0.833,0.833]},"o":{"x":[0.167,0.167,0.167],"y":[0.167,0.167,0.167]},"t":142.711,"s":[100,0,100]},{"i":{"x":[0.833,0.833,0.833],"y":[0.833,0.833,0.833]},"o":{"x":[0.167,0.167,0.167],"y":[0.167,0.167,0.167]},"t":144.23,"s":[100,0,100]},{"t":147,"s":[100,100,100]}],"ix":6}},"ao":0,"shapes":[{"ty":"gr","it":[{"ind":0,"ty":"sh","ix":1,"ks":{"a":0,"k":{"i":[[0.162,0.585],[0.829,0.828],[1.786,0],[0.586,-0.162],[1.031,-0.893],[0.084,-0.104],[0.324,-1.155],[-0.325,-1.209],[0,0],[-0.047,-0.168],[-0.771,-0.708],[-0.014,-0.009],[-0.54,-0.149],[-1.476,0.9],[-0.419,0.436],[-0.052,0.065],[-0.008,0.009],[-0.114,0.16],[-0.004,0.006],[-0.012,0.021],[-0.024,0.046],[-0.037,0.086],[-0.202,0.571],[-0.007,0.03],[-0.003,0.012],[-0.005,0.115],[-0.001,0.005]],"o":[[-0.312,-1.131],[-1.264,-1.263],[-0.61,0],[-1.336,0.37],[-0.102,0.088],[-0.845,0.851],[-0.325,1.209],[0,0],[0.031,0.159],[0.273,0.996],[0.011,0.01],[0.471,0.304],[1.655,0.456],[0.512,-0.311],[0.058,-0.06],[0.007,-0.009],[0.122,-0.157],[0.004,-0.006],[0.013,-0.021],[0.025,-0.045],[0.042,-0.083],[0.15,-0.349],[0.011,-0.028],[0.003,-0.012],[0.022,-0.118],[0.001,-0.005],[0.029,-0.603]],"v":[[6.727,-2.38],[4.987,-5.365],[0.207,-7.344],[-1.606,-7.099],[-4.65,-5.317],[-4.921,-5.015],[-6.675,-2.006],[-6.675,1.62],[-6.567,1.875],[-6.468,2.356],[-4.801,5.22],[-3.49,6.233],[-1.939,6.888],[3.079,6.227],[4.513,5.11],[4.676,4.92],[4.698,4.892],[5.735,3.55],[5.748,3.533],[5.785,3.467],[5.858,3.33],[5.977,3.077],[6.695,1.368],[6.722,1.28],[6.729,1.244],[6.97,-0.557],[6.971,-0.572]],"c":true},"ix":2},"nm":"Path 1","mn":"ADBE Vector Shape - Group","hd":false},{"ty":"fl","c":{"a":0,"k":[0.367762995701,0.189552352008,0.416115435432,1],"ix":4},"o":{"a":0,"k":100,"ix":5},"r":1,"bm":0,"nm":"Fill 1","mn":"ADBE Vector Graphic - Fill","hd":false},{"ty":"tr","p":{"a":0,"k":[97.343,7.594],"ix":2},"a":{"a":0,"k":[0,0],"ix":1},"s":{"a":0,"k":[100,100],"ix":3},"r":{"a":0,"k":0,"ix":6},"o":{"a":0,"k":100,"ix":7},"sk":{"a":0,"k":0,"ix":4},"sa":{"a":0,"k":0,"ix":5},"nm":"Transform"}],"nm":"Group 1","np":2,"cix":2,"bm":0,"ix":1,"mn":"ADBE Vector Group","hd":false},{"ty":"gr","it":[{"ty":"fl","c":{"a":0,"k":[0.367762995701,0.189552352008,0.416115435432,1],"ix":4},"o":{"a":0,"k":100,"ix":5},"r":1,"bm":0,"nm":"Fill 1","mn":"ADBE Vector Graphic - Fill","hd":false},{"ty":"tr","p":{"a":0,"k":[7.25,7.594],"ix":2},"a":{"a":0,"k":[0,0],"ix":1},"s":{"a":0,"k":[100,100],"ix":3},"r":{"a":0,"k":0,"ix":6},"o":{"a":0,"k":100,"ix":7},"sk":{"a":0,"k":0,"ix":4},"sa":{"a":0,"k":0,"ix":5},"nm":"Transform"}],"nm":"Group 2","np":1,"cix":2,"bm":0,"ix":2,"mn":"ADBE Vector Group","hd":false}],"ip":81,"op":166,"st":0,"bm":0},{"ddd":0,"ind":13,"ty":4,"nm":"ojos 2","parent":9,"sr":1,"ks":{"o":{"a":0,"k":100,"ix":11},"r":{"a":0,"k":0,"ix":10},"p":{"a":0,"k":[61.479,64.185,0],"ix":2},"a":{"a":0,"k":[52.297,7.594,0],"ix":1},"s":{"a":1,"k":[{"i":{"x":[0.833,0.833,0.833],"y":[0.833,0.833,0.833]},"o":{"x":[0.167,0.167,0.167],"y":[0.167,0.167,0.167]},"t":64,"s":[100,100,100]},{"i":{"x":[0.833,0.833,0.833],"y":[0.833,0.833,0.833]},"o":{"x":[0.167,0.167,0.167],"y":[0.167,0.167,0.167]},"t":65.711,"s":[100,0,100]},{"i":{"x":[0.833,0.833,0.833],"y":[0.833,0.833,0.833]},"o":{"x":[0.167,0.167,0.167],"y":[0.167,0.167,0.167]},"t":67.23,"s":[100,0,100]},{"i":{"x":[0.833,0.833,0.833],"y":[0.833,0.833,0.833]},"o":{"x":[0.167,0.167,0.167],"y":[0.167,0.167,0.167]},"t":70,"s":[100,100,100]},{"i":{"x":[0.833,0.833,0.833],"y":[0.833,0.833,0.833]},"o":{"x":[0.167,0.167,0.167],"y":[0.167,0.167,0.167]},"t":141,"s":[100,100,100]},{"i":{"x":[0.833,0.833,0.833],"y":[0.833,0.833,0.833]},"o":{"x":[0.167,0.167,0.167],"y":[0.167,0.167,0.167]},"t":142.711,"s":[100,0,100]},{"i":{"x":[0.833,0.833,0.833],"y":[0.833,0.833,0.833]},"o":{"x":[0.167,0.167,0.167],"y":[0.167,0.167,0.167]},"t":144.23,"s":[100,0,100]},{"t":147,"s":[100,100,100]}],"ix":6}},"ao":0,"shapes":[{"ty":"gr","it":[{"ty":"fl","c":{"a":0,"k":[0.367762995701,0.189552352008,0.416115435432,1],"ix":4},"o":{"a":0,"k":100,"ix":5},"r":1,"bm":0,"nm":"Fill 1","mn":"ADBE Vector Graphic - Fill","hd":false},{"ty":"tr","p":{"a":0,"k":[97.343,7.594],"ix":2},"a":{"a":0,"k":[0,0],"ix":1},"s":{"a":0,"k":[100,100],"ix":3},"r":{"a":0,"k":0,"ix":6},"o":{"a":0,"k":100,"ix":7},"sk":{"a":0,"k":0,"ix":4},"sa":{"a":0,"k":0,"ix":5},"nm":"Transform"}],"nm":"Group 1","np":1,"cix":2,"bm":0,"ix":1,"mn":"ADBE Vector Group","hd":false},{"ty":"gr","it":[{"ind":0,"ty":"sh","ix":1,"ks":{"a":0,"k":{"i":[[0.161,0.585],[0.829,0.828],[1.785,0],[0.585,-0.162],[1.031,-0.893],[0.084,-0.104],[0.323,-1.155],[-0.326,-1.209],[-0.036,-0.085],[-0.047,-0.168],[-0.77,-0.708],[-0.015,-0.009],[-0.54,-0.149],[-1.477,0.9],[-0.42,0.436],[-0.052,0.065],[-0.008,0.009],[-0.113,0.16],[-0.004,0.006],[-0.013,0.021],[-0.024,0.046],[-0.038,0.086],[-0.202,0.571],[-0.008,0.03],[-0.002,0.012],[-0.005,0.115],[0,0.005]],"o":[[-0.312,-1.131],[-1.263,-1.263],[-0.61,0],[-1.337,0.37],[-0.102,0.088],[-0.846,0.851],[-0.326,1.209],[0.035,0.085],[0.032,0.159],[0.274,0.996],[0.011,0.01],[0.47,0.304],[1.655,0.456],[0.511,-0.311],[0.057,-0.06],[0.008,-0.009],[0.122,-0.157],[0.004,-0.006],[0.014,-0.021],[0.024,-0.045],[0.043,-0.083],[0.149,-0.349],[0.011,-0.028],[0.002,-0.012],[0.022,-0.118],[0,-0.005],[0.029,-0.603]],"v":[[6.728,-2.38],[4.987,-5.365],[0.208,-7.344],[-1.605,-7.099],[-4.649,-5.317],[-4.92,-5.015],[-6.674,-2.006],[-6.674,1.62],[-6.567,1.875],[-6.468,2.356],[-4.801,5.22],[-3.489,6.233],[-1.939,6.888],[3.08,6.227],[4.514,5.11],[4.676,4.92],[4.698,4.892],[5.735,3.55],[5.748,3.533],[5.786,3.467],[5.858,3.33],[5.978,3.077],[6.695,1.368],[6.723,1.28],[6.729,1.244],[6.971,-0.557],[6.971,-0.572]],"c":true},"ix":2},"nm":"Path 1","mn":"ADBE Vector Shape - Group","hd":false},{"ty":"fl","c":{"a":0,"k":[0.367762995701,0.189552352008,0.416115435432,1],"ix":4},"o":{"a":0,"k":100,"ix":5},"r":1,"bm":0,"nm":"Fill 1","mn":"ADBE Vector Graphic - Fill","hd":false},{"ty":"tr","p":{"a":0,"k":[7.25,7.594],"ix":2},"a":{"a":0,"k":[0,0],"ix":1},"s":{"a":0,"k":[100,100],"ix":3},"r":{"a":0,"k":0,"ix":6},"o":{"a":0,"k":100,"ix":7},"sk":{"a":0,"k":0,"ix":4},"sa":{"a":0,"k":0,"ix":5},"nm":"Transform"}],"nm":"Group 2","np":2,"cix":2,"bm":0,"ix":2,"mn":"ADBE Vector Group","hd":false}],"ip":0,"op":66,"st":0,"bm":0},{"ddd":0,"ind":14,"ty":4,"nm":"ojos","parent":9,"sr":1,"ks":{"o":{"a":0,"k":100,"ix":11},"r":{"a":0,"k":0,"ix":10},"p":{"a":0,"k":[61.479,64.185,0],"ix":2},"a":{"a":0,"k":[52.297,7.594,0],"ix":1},"s":{"a":1,"k":[{"i":{"x":[0.833,0.833,0.833],"y":[0.833,0.833,0.833]},"o":{"x":[0.167,0.167,0.167],"y":[0.167,0.167,0.167]},"t":64,"s":[100,100,100]},{"i":{"x":[0.833,0.833,0.833],"y":[0.833,0.833,0.833]},"o":{"x":[0.167,0.167,0.167],"y":[0.167,0.167,0.167]},"t":65.711,"s":[100,0,100]},{"i":{"x":[0.833,0.833,0.833],"y":[0.833,0.833,0.833]},"o":{"x":[0.167,0.167,0.167],"y":[0.167,0.167,0.167]},"t":67.23,"s":[100,0,100]},{"i":{"x":[0.833,0.833,0.833],"y":[0.833,0.833,0.833]},"o":{"x":[0.167,0.167,0.167],"y":[0.167,0.167,0.167]},"t":70,"s":[100,100,100]},{"i":{"x":[0.833,0.833,0.833],"y":[0.833,0.833,0.833]},"o":{"x":[0.167,0.167,0.167],"y":[0.167,0.167,0.167]},"t":141,"s":[100,100,100]},{"i":{"x":[0.833,0.833,0.833],"y":[0.833,0.833,0.833]},"o":{"x":[0.167,0.167,0.167],"y":[0.167,0.167,0.167]},"t":142.711,"s":[100,0,100]},{"i":{"x":[0.833,0.833,0.833],"y":[0.833,0.833,0.833]},"o":{"x":[0.167,0.167,0.167],"y":[0.167,0.167,0.167]},"t":144.23,"s":[100,0,100]},{"t":147,"s":[100,100,100]}],"ix":6}},"ao":0,"shapes":[{"ty":"gr","it":[{"ind":0,"ty":"sh","ix":1,"ks":{"a":0,"k":{"i":[[0.162,0.585],[0.829,0.828],[1.786,0],[0.586,-0.162],[1.031,-0.893],[0.084,-0.104],[0.324,-1.155],[-0.325,-1.209],[0,0],[-0.047,-0.168],[-0.771,-0.708],[-0.014,-0.009],[-0.54,-0.149],[-1.476,0.9],[-0.419,0.436],[-0.052,0.065],[-0.008,0.009],[-0.114,0.16],[-0.004,0.006],[-0.012,0.021],[-0.024,0.046],[-0.037,0.086],[-0.202,0.571],[-0.007,0.03],[-0.003,0.012],[-0.005,0.115],[-0.001,0.005]],"o":[[-0.312,-1.131],[-1.264,-1.263],[-0.61,0],[-1.336,0.37],[-0.102,0.088],[-0.845,0.851],[-0.325,1.209],[0,0],[0.031,0.159],[0.273,0.996],[0.011,0.01],[0.471,0.304],[1.655,0.456],[0.512,-0.311],[0.058,-0.06],[0.007,-0.009],[0.122,-0.157],[0.004,-0.006],[0.013,-0.021],[0.025,-0.045],[0.042,-0.083],[0.15,-0.349],[0.011,-0.028],[0.003,-0.012],[0.022,-0.118],[0.001,-0.005],[0.029,-0.603]],"v":[[6.727,-2.38],[4.987,-5.365],[0.207,-7.344],[-1.606,-7.099],[-4.65,-5.317],[-4.921,-5.015],[-6.675,-2.006],[-6.675,1.62],[-6.567,1.875],[-6.468,2.356],[-4.801,5.22],[-3.49,6.233],[-1.939,6.888],[3.079,6.227],[4.513,5.11],[4.676,4.92],[4.698,4.892],[5.735,3.55],[5.748,3.533],[5.785,3.467],[5.858,3.33],[5.977,3.077],[6.695,1.368],[6.722,1.28],[6.729,1.244],[6.97,-0.557],[6.971,-0.572]],"c":true},"ix":2},"nm":"Path 1","mn":"ADBE Vector Shape - Group","hd":false},{"ty":"fl","c":{"a":0,"k":[0.367762995701,0.189552352008,0.416115435432,1],"ix":4},"o":{"a":0,"k":100,"ix":5},"r":1,"bm":0,"nm":"Fill 1","mn":"ADBE Vector Graphic - Fill","hd":false},{"ty":"tr","p":{"a":0,"k":[97.343,7.594],"ix":2},"a":{"a":0,"k":[0,0],"ix":1},"s":{"a":0,"k":[100,100],"ix":3},"r":{"a":0,"k":0,"ix":6},"o":{"a":0,"k":100,"ix":7},"sk":{"a":0,"k":0,"ix":4},"sa":{"a":0,"k":0,"ix":5},"nm":"Transform"}],"nm":"Group 1","np":2,"cix":2,"bm":0,"ix":1,"mn":"ADBE Vector Group","hd":false},{"ty":"gr","it":[{"ty":"fl","c":{"a":0,"k":[0.367762995701,0.189552352008,0.416115435432,1],"ix":4},"o":{"a":0,"k":100,"ix":5},"r":1,"bm":0,"nm":"Fill 1","mn":"ADBE Vector Graphic - Fill","hd":false},{"ty":"tr","p":{"a":0,"k":[7.25,7.594],"ix":2},"a":{"a":0,"k":[0,0],"ix":1},"s":{"a":0,"k":[100,100],"ix":3},"r":{"a":0,"k":0,"ix":6},"o":{"a":0,"k":100,"ix":7},"sk":{"a":0,"k":0,"ix":4},"sa":{"a":0,"k":0,"ix":5},"nm":"Transform"}],"nm":"Group 2","np":1,"cix":2,"bm":0,"ix":2,"mn":"ADBE Vector Group","hd":false}],"ip":0,"op":66,"st":0,"bm":0},{"ddd":0,"ind":15,"ty":4,"nm":"nariz","parent":9,"sr":1,"ks":{"o":{"a":0,"k":100,"ix":11},"r":{"a":0,"k":0,"ix":10},"p":{"a":0,"k":[49.316,94.033,0],"ix":2},"a":{"a":0,"k":[45.711,51.583,0],"ix":1},"s":{"a":0,"k":[100,100,100],"ix":6}},"ao":0,"shapes":[{"ty":"gr","it":[{"ind":0,"ty":"sh","ix":1,"ks":{"a":0,"k":{"i":[[0,0],[-1.17,-5.681],[0.885,0.075],[7.01,-3.3],[1.708,-6.225],[-0.339,-1.74],[-6.397,-0.656],[-8.026,2.719]],"o":[[-0.566,5.772],[0.179,0.87],[-7.719,-0.656],[-5.509,2.595],[-0.47,1.708],[1.436,7.371],[8.431,0.864],[0,0]],"v":[[15.886,-26.041],[16.799,-8.73],[15.403,-7.167],[-7.214,-3.118],[-19.597,9.647],[-19.83,14.915],[-4.903,25.177],[20.169,22.351]],"c":false},"ix":2},"nm":"Path 1","mn":"ADBE Vector Shape - Group","hd":false},{"ty":"st","c":{"a":0,"k":[0.367762995701,0.189552352008,0.416115435432,1],"ix":3},"o":{"a":0,"k":100,"ix":4},"w":{"a":0,"k":10.217,"ix":5},"lc":2,"lj":2,"bm":0,"nm":"Stroke 1","mn":"ADBE Vector Graphic - Stroke","hd":false},{"ty":"tr","p":{"a":0,"k":[45.711,51.583],"ix":2},"a":{"a":0,"k":[0,0],"ix":1},"s":{"a":0,"k":[100,100],"ix":3},"r":{"a":0,"k":0,"ix":6},"o":{"a":0,"k":100,"ix":7},"sk":{"a":0,"k":0,"ix":4},"sa":{"a":0,"k":0,"ix":5},"nm":"Transform"}],"nm":"Group 1","np":2,"cix":2,"bm":0,"ix":1,"mn":"ADBE Vector Group","hd":false}],"ip":0,"op":161,"st":0,"bm":0},{"ddd":0,"ind":16,"ty":4,"nm":"orejas","parent":17,"sr":1,"ks":{"o":{"a":0,"k":100,"ix":11},"r":{"a":0,"k":0,"ix":10},"p":{"a":1,"k":[{"i":{"x":0.833,"y":0.833},"o":{"x":0.167,"y":0.167},"t":60,"s":[175.526,93.567,0],"to":[0,0,0],"ti":[0,0,0]},{"i":{"x":0.833,"y":0.833},"o":{"x":0.167,"y":0.083},"t":64,"s":[175.526,93.567,0],"to":[1,0,0],"ti":[0,0,0]},{"i":{"x":0.833,"y":0.779},"o":{"x":0.167,"y":0.166},"t":68,"s":[181.527,93.567,0],"to":[0,0,0],"ti":[-0.328,0,0]},{"i":{"x":0.833,"y":0.889},"o":{"x":0.167,"y":0.125},"t":72,"s":[175.528,93.567,0],"to":[0.328,0,0],"ti":[0,0,0]},{"i":{"x":0.833,"y":0.833},"o":{"x":0.167,"y":0.222},"t":75,"s":[183.498,93.567,0],"to":[0,0,0],"ti":[1.329,0,0]},{"t":81,"s":[175.526,93.567,0]}],"ix":2},"a":{"a":0,"k":[169.615,53.826,0],"ix":1},"s":{"a":0,"k":[100,100,100],"ix":6}},"ao":0,"shapes":[{"ty":"gr","it":[{"ind":0,"ty":"sh","ix":1,"ks":{"a":0,"k":{"i":[[0,0],[6.306,-3.892],[-1.397,-7.276],[-6.509,-3.541]],"o":[[-4.13,-6.151],[-6.305,3.89],[1.398,7.278],[0,0]],"v":[[14.521,-12.539],[-5.25,-16.241],[-13.125,3.118],[0.041,20.133]],"c":false},"ix":2},"nm":"Path 1","mn":"ADBE Vector Shape - Group","hd":false},{"ty":"st","c":{"a":0,"k":[0.367762995701,0.189552352008,0.416115435432,1],"ix":3},"o":{"a":0,"k":100,"ix":4},"w":{"a":0,"k":10.217,"ix":5},"lc":2,"lj":2,"bm":0,"nm":"Stroke 1","mn":"ADBE Vector Graphic - Stroke","hd":false},{"ty":"tr","p":{"a":0,"k":[40.064,61.977],"ix":2},"a":{"a":0,"k":[0,0],"ix":1},"s":{"a":0,"k":[100,100],"ix":3},"r":{"a":0,"k":0,"ix":6},"o":{"a":0,"k":100,"ix":7},"sk":{"a":0,"k":0,"ix":4},"sa":{"a":0,"k":0,"ix":5},"nm":"Transform"}],"nm":"Group 1","np":2,"cix":2,"bm":0,"ix":1,"mn":"ADBE Vector Group","hd":false},{"ty":"gr","it":[{"ind":0,"ty":"sh","ix":1,"ks":{"a":0,"k":{"i":[[0,0],[-7.467,-0.387],[-1.602,-0.74],[-1.293,-1.813],[-0.307,-3.292],[3.114,-4.72],[4.09,-3.906]],"o":[[4.735,-5.787],[1.763,0.091],[2.022,0.934],[1.921,2.691],[0.524,5.63],[-3.114,4.72],[0,0]],"v":[[-16.913,-12.666],[2.858,-21.416],[7.999,-20.291],[12.968,-15.939],[16.389,-6.752],[11.742,9.227],[0.413,21.803]],"c":false},"ix":2},"nm":"Path 1","mn":"ADBE Vector Shape - Group","hd":false},{"ty":"st","c":{"a":0,"k":[0.367762995701,0.189552352008,0.416115435432,1],"ix":3},"o":{"a":0,"k":100,"ix":4},"w":{"a":0,"k":10.217,"ix":5},"lc":2,"lj":2,"bm":0,"nm":"Stroke 1","mn":"ADBE Vector Graphic - Stroke","hd":false},{"ty":"tr","p":{"a":0,"k":[296.773,47.345],"ix":2},"a":{"a":0,"k":[0,0],"ix":1},"s":{"a":0,"k":[100,100],"ix":3},"r":{"a":0,"k":0,"ix":6},"o":{"a":0,"k":100,"ix":7},"sk":{"a":0,"k":0,"ix":4},"sa":{"a":0,"k":0,"ix":5},"nm":"Transform"}],"nm":"Group 2","np":2,"cix":2,"bm":0,"ix":2,"mn":"ADBE Vector Group","hd":false}],"ip":0,"op":166,"st":0,"bm":0},{"ddd":0,"ind":17,"ty":4,"nm":"cabeza","sr":1,"ks":{"o":{"a":0,"k":100,"ix":11},"r":{"a":1,"k":[{"i":{"x":[0.79],"y":[1]},"o":{"x":[0.21],"y":[0]},"t":62,"s":[0]},{"i":{"x":[0.79],"y":[1]},"o":{"x":[0.21],"y":[0]},"t":67,"s":[2]},{"i":{"x":[0.79],"y":[1]},"o":{"x":[0.21],"y":[0]},"t":72,"s":[-2]},{"i":{"x":[0.79],"y":[1]},"o":{"x":[0.21],"y":[0]},"t":76,"s":[2]},{"i":{"x":[0.79],"y":[1]},"o":{"x":[0.21],"y":[0]},"t":80,"s":[-2]},{"i":{"x":[0.79],"y":[1]},"o":{"x":[0.21],"y":[0]},"t":84,"s":[2]},{"t":88,"s":[0]}],"ix":10},"p":{"a":0,"k":[299.266,530.987,0],"ix":2},"a":{"a":0,"k":[173.496,265.469,0],"ix":1},"s":{"a":1,"k":[{"i":{"x":[0.833,0.833,0.833],"y":[1,1,1]},"o":{"x":[0.167,0.167,0.167],"y":[0.167,0.167,0]},"t":0,"s":[100,100,100]},{"i":{"x":[0.833,0.833,0.833],"y":[1,1,1]},"o":{"x":[0.167,0.167,0.167],"y":[0,0,0]},"t":10,"s":[101,98,100]},{"i":{"x":[0.833,0.833,0.833],"y":[1,1,1]},"o":{"x":[0.167,0.167,0.167],"y":[0,0,0]},"t":22,"s":[100,100,100]},{"i":{"x":[0.833,0.833,0.833],"y":[0.833,0.833,1]},"o":{"x":[0.167,0.167,0.167],"y":[0,0,0]},"t":33,"s":[101,98,100]},{"i":{"x":[0.833,0.833,0.833],"y":[1,1,1]},"o":{"x":[0.167,0.167,0.167],"y":[-0.125,-0.125,0]},"t":45,"s":[100,100,100]},{"i":{"x":[0.833,0.833,0.833],"y":[1.706,1.314,1]},"o":{"x":[0.167,0.167,0.167],"y":[0,0,0]},"t":54,"s":[101,98,100]},{"i":{"x":[0.833,0.833,0.833],"y":[1,1,1]},"o":{"x":[0.167,0.167,0.167],"y":[0.079,0.071,0]},"t":62,"s":[100,100,100]},{"i":{"x":[0.833,0.833,0.833],"y":[1,1,1]},"o":{"x":[0.167,0.167,0.167],"y":[-0.032,-0.049,0]},"t":71,"s":[110,90,100]},{"i":{"x":[0.833,0.833,0.833],"y":[0.946,0.942,1]},"o":{"x":[0.167,0.167,0.167],"y":[0,0,0]},"t":78,"s":[113,86,100]},{"i":{"x":[0.833,0.833,0.833],"y":[0.944,0.935,1]},"o":{"x":[0.167,0.167,0.167],"y":[-0.155,-0.194,0]},"t":83,"s":[93,106,100]},{"i":{"x":[0.833,0.833,0.833],"y":[1,1,1]},"o":{"x":[0.167,0.167,0.167],"y":[0.941,0.471,0]},"t":88,"s":[100,100,100]},{"i":{"x":[0.833,0.833,0.833],"y":[1,1,1]},"o":{"x":[0.167,0.167,0.167],"y":[0,0,0]},"t":100,"s":[101,98,100]},{"i":{"x":[0.833,0.833,0.833],"y":[0.833,0.833,1]},"o":{"x":[0.167,0.167,0.167],"y":[0,0,0]},"t":114.117,"s":[100,100,100]},{"i":{"x":[0.833,0.833,0.833],"y":[1,1,1]},"o":{"x":[0.167,0.167,0.167],"y":[-0.152,-0.152,0]},"t":127.059,"s":[101,98,100]},{"i":{"x":[0.833,0.833,0.833],"y":[1,1,1]},"o":{"x":[0.167,0.167,0.167],"y":[0,0,0]},"t":138.823,"s":[100,100,100]},{"i":{"x":[0.833,0.833,0.833],"y":[1,1,1]},"o":{"x":[0.167,0.167,0.167],"y":[0,0,0]},"t":148.449,"s":[101,98,100]},{"t":160,"s":[100,100,100]}],"ix":6,"x":"var $bm_rt;\n$bm_rt = loopOutDuration('cycle', 0);"}},"ao":0,"shapes":[{"ty":"gr","it":[{"ind":0,"ty":"sh","ix":1,"ks":{"a":0,"k":{"i":[[0,0],[4.666,-5.463]],"o":[[-3.018,6.521],[0,0]],"v":[[5.799,-9.045],[-5.799,9.045]],"c":false},"ix":2},"nm":"Path 1","mn":"ADBE Vector Shape - Group","hd":false},{"ty":"st","c":{"a":0,"k":[0.884359621534,0.297618701411,0.472034379548,1],"ix":3},"o":{"a":0,"k":100,"ix":4},"w":{"a":0,"k":12.26,"ix":5},"lc":2,"lj":2,"bm":0,"nm":"Stroke 1","mn":"ADBE Vector Graphic - Stroke","hd":false},{"ty":"tr","p":{"a":0,"k":[318.826,201.706],"ix":2},"a":{"a":0,"k":[0,0],"ix":1},"s":{"a":0,"k":[100,100],"ix":3},"r":{"a":0,"k":0,"ix":6},"o":{"a":0,"k":100,"ix":7},"sk":{"a":0,"k":0,"ix":4},"sa":{"a":0,"k":0,"ix":5},"nm":"Transform"}],"nm":"Group 1","np":2,"cix":2,"bm":0,"ix":1,"mn":"ADBE Vector Group","hd":false},{"ty":"gr","it":[{"ind":0,"ty":"sh","ix":1,"ks":{"a":0,"k":{"i":[[0,0],[-49.376,14.928]],"o":[[50.477,10.625],[0,0]],"v":[[-76.496,-2.017],[76.496,-8.609]],"c":false},"ix":2},"nm":"Path 1","mn":"ADBE Vector Shape - Group","hd":false},{"ty":"st","c":{"a":0,"k":[0.884359621534,0.297618701411,0.472034379548,1],"ix":3},"o":{"a":0,"k":100,"ix":4},"w":{"a":0,"k":12.26,"ix":5},"lc":2,"lj":2,"bm":0,"nm":"Stroke 1","mn":"ADBE Vector Graphic - Stroke","hd":false},{"ty":"tr","p":{"a":0,"k":[191.342,251.68],"ix":2},"a":{"a":0,"k":[0,0],"ix":1},"s":{"a":0,"k":[100,100],"ix":3},"r":{"a":0,"k":0,"ix":6},"o":{"a":0,"k":100,"ix":7},"sk":{"a":0,"k":0,"ix":4},"sa":{"a":0,"k":0,"ix":5},"nm":"Transform"}],"nm":"Group 2","np":2,"cix":2,"bm":0,"ix":2,"mn":"ADBE Vector Group","hd":false},{"ty":"gr","it":[{"ind":0,"ty":"sh","ix":1,"ks":{"a":0,"k":{"i":[[0,0],[-1.548,-26.078],[-7.138,-10.806],[1.779,-12.828]],"o":[[3.327,30.97],[12.496,3.397],[7.137,10.806],[0,0]],"v":[[-23.286,-68.407],[-17.699,9.053],[13.101,31.334],[21.507,68.407]],"c":false},"ix":2},"nm":"Path 1","mn":"ADBE Vector Shape - Group","hd":false},{"ty":"st","c":{"a":0,"k":[0.884359621534,0.297618701411,0.472034379548,1],"ix":3},"o":{"a":0,"k":100,"ix":4},"w":{"a":0,"k":12.26,"ix":5},"lc":2,"lj":2,"bm":0,"nm":"Stroke 1","mn":"ADBE Vector Graphic - Stroke","hd":false},{"ty":"tr","p":{"a":0,"k":[309.057,99.056],"ix":2},"a":{"a":0,"k":[0,0],"ix":1},"s":{"a":0,"k":[100,100],"ix":3},"r":{"a":0,"k":0,"ix":6},"o":{"a":0,"k":100,"ix":7},"sk":{"a":0,"k":0,"ix":4},"sa":{"a":0,"k":0,"ix":5},"nm":"Transform"}],"nm":"Group 3","np":2,"cix":2,"bm":0,"ix":3,"mn":"ADBE Vector Group","hd":false},{"ty":"gr","it":[{"ind":0,"ty":"sh","ix":1,"ks":{"a":0,"k":{"i":[[-3.535,-8.42],[-17.627,-8.658],[-12.068,-2.398],[-14.667,-2.103],[-10.907,-0.034],[-10.475,1.974],[-0.387,0.176],[-27.503,30.548],[12.266,28.165],[13.824,5.526],[2.222,21.196],[0.881,-0.537],[34.149,-1.828],[18.874,1.524],[14.462,8.937],[0.152,0.077],[0.27,-5.982],[-0.217,-15.162],[0.017,-1.341],[0.192,-0.197],[9.714,-12.455]],"o":[[7.916,18.854],[11.298,5.55],[14.108,4.44],[10.779,1.545],[10.638,0.032],[0.463,-0.087],[41.615,-0.893],[20.078,-22.299],[-6.525,-14.983],[-0.779,-13.956],[-0.54,-5.157],[-29.922,18.202],[-18.916,1.014],[-16.555,-1.338],[-0.153,-0.094],[-3.844,-2.572],[-0.757,16.78],[0.019,1.309],[-0.232,0.16],[-15.437,4.964],[-19.868,25.476]],"v":[[-158.417,52.628],[-111.87,93.462],[-76.749,105.213],[-33.339,114.548],[-0.989,117.314],[31.476,116.236],[32.743,115.83],[143.451,72.321],[158.921,-8.694],[126.079,-41.169],[120.663,-113.053],[110.103,-108.542],[5.831,-86.225],[-50.814,-87.447],[-101.344,-98.683],[-101.799,-98.904],[-112.566,-99.961],[-112.633,-48.368],[-112.662,-44.366],[-113.294,-43.826],[-151.32,-13.5]],"c":true},"ix":2},"nm":"Path 1","mn":"ADBE Vector Shape - Group","hd":false},{"ty":"fl","c":{"a":0,"k":[0.944075939702,0.617061959061,0.632228956036,1],"ix":4},"o":{"a":0,"k":100,"ix":5},"r":1,"bm":0,"nm":"Fill 1","mn":"ADBE Vector Graphic - Fill","hd":false},{"ty":"tr","p":{"a":0,"k":[171.437,145.276],"ix":2},"a":{"a":0,"k":[0,0],"ix":1},"s":{"a":0,"k":[100,100],"ix":3},"r":{"a":0,"k":0,"ix":6},"o":{"a":0,"k":100,"ix":7},"sk":{"a":0,"k":0,"ix":4},"sa":{"a":0,"k":0,"ix":5},"nm":"Transform"}],"nm":"Group 4","np":2,"cix":2,"bm":0,"ix":4,"mn":"ADBE Vector Group","hd":false}],"ip":0,"op":161,"st":0,"bm":0},{"ddd":0,"ind":18,"ty":4,"nm":"water front","parent":19,"sr":1,"ks":{"o":{"a":0,"k":100,"ix":11},"r":{"a":0,"k":0,"ix":10},"p":{"a":0,"k":[53.333,44.896,0],"ix":2},"a":{"a":0,"k":[-22.977,39.475,0],"ix":1},"s":{"a":0,"k":[100,95.238,100],"ix":6}},"ao":0,"shapes":[{"ty":"gr","it":[{"ind":0,"ty":"sh","ix":1,"ks":{"a":1,"k":[{"i":{"x":0.833,"y":0.833},"o":{"x":0.167,"y":0.167},"t":0,"s":[{"i":[[0,0],[20.5,7],[6.5,-2.5],[24.5,7],[0,0],[0,0],[-80.5,3.5]],"o":[[0,0],[-20.5,-7],[-6.5,2.5],[-24.5,-7],[0,0],[0,0],[80.5,-3.5]],"v":[[57,23],[31.5,24.5],[-3,26.5],[-52.5,31],[-91,33],[-103,47.5],[-19,57]],"c":true}]},{"i":{"x":0.833,"y":0.833},"o":{"x":0.167,"y":0.167},"t":15.333,"s":[{"i":[[0,0],[20.5,7],[6.5,-2.5],[24.5,7],[0,0],[0,0],[-80.5,3.5]],"o":[[0,0],[-20.5,-7],[-6.5,2.5],[-24.5,-7],[0,0],[0,0],[80.5,-3.5]],"v":[[57,23],[31.5,36.072],[-3,33.112],[-52.5,23.285],[-91,33],[-103,47.5],[-19,57]],"c":true}]},{"i":{"x":0.833,"y":0.833},"o":{"x":0.167,"y":0.167},"t":39.429,"s":[{"i":[[0,0],[20.5,7],[6.5,-2.5],[24.5,7],[0,0],[0,0],[-80.5,3.5]],"o":[[0,0],[-20.5,-7],[-6.5,2.5],[-24.5,-7],[0,0],[0,0],[80.5,-3.5]],"v":[[57,23],[31.5,19.437],[-2.504,25.35],[-57.955,34.375],[-91,33],[-103,47.5],[-19,57]],"c":true}]},{"i":{"x":0.833,"y":0.833},"o":{"x":0.167,"y":0.167},"t":61,"s":[{"i":[[0,0],[20.5,7],[6.5,-2.5],[24.5,7],[0,0],[0,0],[-80.5,3.5]],"o":[[0,0],[-20.5,-7],[-6.5,2.5],[-24.5,-7],[0,0],[0,0],[80.5,-3.5]],"v":[[57,23],[31.5,24.5],[-3,26.5],[-52.5,31],[-91,33],[-103,47.5],[-19,57]],"c":true}]},{"i":{"x":0.667,"y":1},"o":{"x":0.167,"y":0.167},"t":68,"s":[{"i":[[0,0],[20.5,7],[6.5,-2.5],[24.5,7],[0,0],[0,0],[-80.5,3.5]],"o":[[0,0],[-20.5,-7],[-6.5,2.5],[-24.5,-7],[0,0],[0,0],[80.5,-3.5]],"v":[[57,23],[31.5,19.437],[-2.504,25.35],[-57.955,34.375],[-91,33],[-103,47.5],[-19,57]],"c":true}]},{"i":{"x":0.833,"y":0.833},"o":{"x":0.333,"y":0},"t":74,"s":[{"i":[[0,0],[20.5,7],[20.296,-3.546],[25.259,3.348],[0,0],[0,0],[-80.5,3.5]],"o":[[0,0],[-20.5,-7],[-6.86,1.198],[-52.064,-6.901],[0,0],[0,0],[80.5,-3.5]],"v":[[57,23],[31.5,36.072],[0.547,14.332],[-64.209,-16.599],[-91,33],[-103,47.5],[-19,57]],"c":true}]},{"i":{"x":0.833,"y":0.833},"o":{"x":0.167,"y":0.167},"t":77,"s":[{"i":[[0,0],[20.5,7],[6.5,-2.5],[24.5,7],[0,0],[0,0],[-80.5,3.5]],"o":[[0,0],[-20.5,-7],[-6.5,2.5],[-24.5,-7],[0,0],[0,0],[80.5,-3.5]],"v":[[56.029,38.891],[30.529,51.963],[-3.971,49.004],[-53.471,39.177],[-91.971,48.891],[-103.971,63.391],[-19.971,72.891]],"c":true}]},{"i":{"x":0.833,"y":0.833},"o":{"x":0.167,"y":0.167},"t":100.762,"s":[{"i":[[0,0],[20.5,7],[6.5,-2.5],[24.5,7],[0,0],[0,0],[-80.5,3.5]],"o":[[0,0],[-20.5,-7],[-6.5,2.5],[-24.5,-7],[0,0],[0,0],[80.5,-3.5]],"v":[[57,23],[31.5,19.437],[-2.504,25.35],[-57.955,34.375],[-91,33],[-103,47.5],[-19,57]],"c":true}]},{"i":{"x":0.833,"y":0.833},"o":{"x":0.167,"y":0.167},"t":121.571,"s":[{"i":[[0,0],[20.5,7],[6.5,-2.5],[24.5,7],[0,0],[0,0],[-80.5,3.5]],"o":[[0,0],[-20.5,-7],[-6.5,2.5],[-24.5,-7],[0,0],[0,0],[80.5,-3.5]],"v":[[57,23],[31.5,24.5],[-3,26.5],[-52.5,31],[-91,33],[-103,47.5],[-19,57]],"c":true}]},{"i":{"x":0.833,"y":0.833},"o":{"x":0.167,"y":0.167},"t":136.904,"s":[{"i":[[0,0],[20.5,7],[6.5,-2.5],[24.5,7],[0,0],[0,0],[-80.5,3.5]],"o":[[0,0],[-20.5,-7],[-6.5,2.5],[-24.5,-7],[0,0],[0,0],[80.5,-3.5]],"v":[[57,23],[31.5,36.072],[-3,33.112],[-52.5,23.285],[-91,33],[-103,47.5],[-19,57]],"c":true}]},{"t":161,"s":[{"i":[[0,0],[20.5,7],[6.5,-2.5],[24.5,7],[0,0],[0,0],[-80.5,3.5]],"o":[[0,0],[-20.5,-7],[-6.5,2.5],[-24.5,-7],[0,0],[0,0],[80.5,-3.5]],"v":[[57,23],[31.5,19.437],[-2.504,25.35],[-57.955,34.375],[-91,33],[-103,47.5],[-19,57]],"c":true}]}],"ix":2},"nm":"Path 1","mn":"ADBE Vector Shape - Group","hd":false},{"ty":"fl","c":{"a":0,"k":[0.378611755371,0.689393884995,0.943757180607,1],"ix":4},"o":{"a":0,"k":100,"ix":5},"r":1,"bm":0,"nm":"Fill 1","mn":"ADBE Vector Graphic - Fill","hd":false},{"ty":"tr","p":{"a":0,"k":[0,0],"ix":2},"a":{"a":0,"k":[0,0],"ix":1},"s":{"a":0,"k":[100,100],"ix":3},"r":{"a":0,"k":0,"ix":6},"o":{"a":0,"k":100,"ix":7},"sk":{"a":0,"k":0,"ix":4},"sa":{"a":0,"k":0,"ix":5},"nm":"Transform"}],"nm":"Shape 1","np":3,"cix":2,"bm":0,"ix":1,"mn":"ADBE Vector Group","hd":false}],"ip":0,"op":161,"st":0,"bm":0},{"ddd":0,"ind":19,"ty":4,"nm":"tierrita","parent":17,"sr":1,"ks":{"o":{"a":0,"k":100,"ix":11},"r":{"a":1,"k":[{"i":{"x":[0.833],"y":[1.056]},"o":{"x":[0.167],"y":[0.167]},"t":64,"s":[0]},{"i":{"x":[0.833],"y":[1]},"o":{"x":[0.167],"y":[0.033]},"t":68,"s":[-6]},{"i":{"x":[0.833],"y":[0.978]},"o":{"x":[0.167],"y":[0]},"t":72,"s":[4]},{"i":{"x":[0.833],"y":[0.833]},"o":{"x":[0.167],"y":[-0.074]},"t":75,"s":[-6]},{"t":81,"s":[0]}],"ix":10},"p":{"a":0,"k":[180.022,64.499,0],"ix":2},"a":{"a":0,"k":[61.102,47.318,0],"ix":1},"s":{"a":1,"k":[{"i":{"x":[0.833,0.833,0.833],"y":[1,1,1]},"o":{"x":[0.167,0.167,0.167],"y":[0,0.167,0]},"t":0,"s":[100,105,100]},{"i":{"x":[0.833,0.833,0.833],"y":[1,1,1]},"o":{"x":[0.167,0.167,0.167],"y":[0,0,0]},"t":10,"s":[100,93,100]},{"i":{"x":[0.833,0.833,0.833],"y":[1,1,1]},"o":{"x":[0.167,0.167,0.167],"y":[0,0,0]},"t":22,"s":[100,105,100]},{"i":{"x":[0.833,0.833,0.833],"y":[1,1,1]},"o":{"x":[0.167,0.167,0.167],"y":[0,0,0]},"t":32,"s":[100,93,100]},{"i":{"x":[0.833,0.833,0.833],"y":[1,1,1]},"o":{"x":[0.167,0.167,0.167],"y":[0,0,0]},"t":45,"s":[100,105,100]},{"i":{"x":[0.833,0.833,0.833],"y":[1,1,1]},"o":{"x":[0.167,0.167,0.167],"y":[0,0,0]},"t":54,"s":[100,93,100]},{"i":{"x":[0.833,0.833,0.833],"y":[1,1,1]},"o":{"x":[0.167,0.167,0.167],"y":[0,0,0]},"t":67,"s":[100,105,100]},{"i":{"x":[0.833,0.833,0.833],"y":[1,0.833,1]},"o":{"x":[0.167,0.167,0.167],"y":[0,0,0]},"t":73,"s":[100,93,100]},{"t":80,"s":[100,105,100]}],"ix":6,"x":"var $bm_rt;\n$bm_rt = loopOut('cycle', 0);"}},"ao":0,"shapes":[{"ty":"gr","it":[{"ind":0,"ty":"sh","ix":1,"ks":{"a":0,"k":{"i":[[-36.9,17.995],[5.954,-2.521],[4.995,2.064],[4.074,-3.551],[0.687,-0.055],[0.312,1.667],[4.654,0.97],[4.617,-1.137],[2.456,-2.131],[-1.424,-2.922],[4.737,-2.267],[0.778,-5.194],[3.179,-2.564],[-1.376,-5.766]],"o":[[0,-11.188],[-0.38,-5.392],[-4.995,-2.063],[-0.52,0.453],[-1.691,0.135],[-0.873,-4.674],[-4.655,-0.97],[-3.157,0.778],[-2.457,2.131],[-4.534,-2.652],[-4.738,2.266],[-3.465,-2.163],[-3.179,2.564],[38.487,10.844]],"v":[[59.352,10.072],[44.549,-4.162],[35.544,-16.652],[20.352,-14.16],[18.599,-13.136],[16.125,-17.01],[6.135,-26.008],[-6.94,-26.93],[-16.828,-21.053],[-19.276,-12.323],[-34.401,-12.951],[-43.401,-0.779],[-54.867,-0.086],[-57.976,12.896]],"c":true},"ix":2},"nm":"Path 1","mn":"ADBE Vector Shape - Group","hd":false},{"ty":"fl","c":{"a":0,"k":[0.367762995701,0.189552352008,0.416115435432,1],"ix":4},"o":{"a":0,"k":100,"ix":5},"r":1,"bm":0,"nm":"Fill 1","mn":"ADBE Vector Graphic - Fill","hd":false},{"ty":"tr","p":{"a":0,"k":[59.601,28.318],"ix":2},"a":{"a":0,"k":[0,0],"ix":1},"s":{"a":0,"k":[100,100],"ix":3},"r":{"a":0,"k":0,"ix":6},"o":{"a":0,"k":100,"ix":7},"sk":{"a":0,"k":0,"ix":4},"sa":{"a":0,"k":0,"ix":5},"nm":"Transform"}],"nm":"Group 1","np":2,"cix":2,"bm":0,"ix":1,"mn":"ADBE Vector Group","hd":false}],"ip":0,"op":161,"st":0,"bm":0},{"ddd":0,"ind":20,"ty":4,"nm":"Shape Layer 8","sr":1,"ks":{"o":{"a":0,"k":100,"ix":11},"r":{"a":0,"k":0,"ix":10},"p":{"a":1,"k":[{"i":{"x":0.833,"y":0.808},"o":{"x":0.333,"y":0},"t":67,"s":[336.931,177.261,0],"to":[-1.667,-31.833,0],"ti":[-50.333,40.833,0]},{"i":{"x":0.667,"y":1},"o":{"x":0.167,"y":0.143},"t":76,"s":[385.931,77.261,0],"to":[50.333,-40.833,0],"ti":[0,-1.667,0]},{"t":83,"s":[497.931,89.261,0]}],"ix":2},"a":{"a":0,"k":[56.931,-149.739,0],"ix":1},"s":{"a":1,"k":[{"i":{"x":[0.833,0.833,0.833],"y":[1.077,1.077,12.014]},"o":{"x":[0.333,0.333,0.333],"y":[0,0,0]},"t":67,"s":[63,63,100]},{"i":{"x":[0.833,0.833,0.833],"y":[1,1,1]},"o":{"x":[0.167,0.167,0.167],"y":[0.021,0.021,-4.895]},"t":76,"s":[157,157,100]},{"t":80,"s":[0,0,100]}],"ix":6}},"ao":0,"shapes":[{"ty":"gr","it":[{"ind":0,"ty":"sh","ix":1,"ks":{"a":0,"k":{"i":[[6.25,-0.875],[-8.25,1.125]],"o":[[-9.408,1.317],[9.375,-2.625]],"v":[[56.5,-156],[58,-143.5]],"c":true},"ix":2},"nm":"Path 1","mn":"ADBE Vector Shape - Group","hd":false},{"ty":"fl","c":{"a":0,"k":[0.286481670305,0.620962105545,0.894721536075,1],"ix":4},"o":{"a":0,"k":100,"ix":5},"r":1,"bm":0,"nm":"Fill 1","mn":"ADBE Vector Graphic - Fill","hd":false},{"ty":"tr","p":{"a":0,"k":[0,0],"ix":2},"a":{"a":0,"k":[0,0],"ix":1},"s":{"a":0,"k":[100,100],"ix":3},"r":{"a":0,"k":0,"ix":6},"o":{"a":0,"k":100,"ix":7},"sk":{"a":0,"k":0,"ix":4},"sa":{"a":0,"k":0,"ix":5},"nm":"Transform"}],"nm":"Shape 1","np":3,"cix":2,"bm":0,"ix":1,"mn":"ADBE Vector Group","hd":false}],"ip":66,"op":83,"st":66,"bm":0},{"ddd":0,"ind":21,"ty":4,"nm":"Shape Layer 6","sr":1,"ks":{"o":{"a":0,"k":100,"ix":11},"r":{"a":0,"k":0,"ix":10},"p":{"a":1,"k":[{"i":{"x":0.833,"y":0.824},"o":{"x":0.333,"y":0},"t":62,"s":[377.931,138.261,0],"to":[17.333,-9.833,0],"ti":[-13.333,-45.167,0]},{"i":{"x":0.667,"y":1},"o":{"x":0.167,"y":0.156},"t":71,"s":[469.931,187.261,0],"to":[13.333,45.167,0],"ti":[0,-1.667,0]},{"t":78,"s":[469.931,287.261,0]}],"ix":2},"a":{"a":0,"k":[56.931,-149.739,0],"ix":1},"s":{"a":1,"k":[{"i":{"x":[0.833,0.833,0.833],"y":[1.077,1.077,12.014]},"o":{"x":[0.333,0.333,0.333],"y":[0,0,0]},"t":62,"s":[63,63,100]},{"i":{"x":[0.833,0.833,0.833],"y":[1,1,1]},"o":{"x":[0.167,0.167,0.167],"y":[0.021,0.021,-4.895]},"t":71,"s":[157,157,100]},{"t":75,"s":[0,0,100]}],"ix":6}},"ao":0,"shapes":[{"ty":"gr","it":[{"ind":0,"ty":"sh","ix":1,"ks":{"a":0,"k":{"i":[[6.25,-0.875],[-8.25,1.125]],"o":[[-9.408,1.317],[9.375,-2.625]],"v":[[56.5,-156],[58,-143.5]],"c":true},"ix":2},"nm":"Path 1","mn":"ADBE Vector Shape - Group","hd":false},{"ty":"fl","c":{"a":0,"k":[0.286481670305,0.620962105545,0.894721536075,1],"ix":4},"o":{"a":0,"k":100,"ix":5},"r":1,"bm":0,"nm":"Fill 1","mn":"ADBE Vector Graphic - Fill","hd":false},{"ty":"tr","p":{"a":0,"k":[0,0],"ix":2},"a":{"a":0,"k":[0,0],"ix":1},"s":{"a":0,"k":[100,100],"ix":3},"r":{"a":0,"k":0,"ix":6},"o":{"a":0,"k":100,"ix":7},"sk":{"a":0,"k":0,"ix":4},"sa":{"a":0,"k":0,"ix":5},"nm":"Transform"}],"nm":"Shape 1","np":3,"cix":2,"bm":0,"ix":1,"mn":"ADBE Vector Group","hd":false}],"ip":61,"op":78,"st":61,"bm":0},{"ddd":0,"ind":22,"ty":4,"nm":"cabeza atras","parent":17,"sr":1,"ks":{"o":{"a":0,"k":100,"ix":11},"r":{"a":0,"k":0,"ix":10},"p":{"a":0,"k":[174.281,34.161,0],"ix":2},"a":{"a":0,"k":[118.604,39.459,0],"ix":1},"s":{"a":0,"k":[100,100,100],"ix":6}},"ao":0,"shapes":[{"ty":"gr","it":[{"ind":0,"ty":"sh","ix":1,"ks":{"a":1,"k":[{"i":{"x":0.833,"y":0.833},"o":{"x":0.167,"y":0.167},"t":0,"s":[{"i":[[19,-1.25],[27.75,3],[0,0],[-55.25,-16],[-1,10.5],[18.75,5.25]],"o":[[-19,1.25],[-27.75,-3],[0,0],[55.25,16],[1,-10.5],[-18.75,-5.25]],"v":[[107.304,37.281],[46.804,44.281],[22.304,58.781],[53.554,69.031],[220.804,48.031],[182.304,39.281]],"c":true}]},{"i":{"x":0.833,"y":0.833},"o":{"x":0.167,"y":0.167},"t":10.553,"s":[{"i":[[35.511,-3.03],[27.75,3],[0,0],[-55.25,-16],[-1,10.5],[18.75,5.25]],"o":[[-18.972,1.619],[-27.75,-3],[0,0],[55.25,16],[1,-10.5],[-18.75,-5.25]],"v":[[108.79,28.615],[46.804,49.379],[22.304,58.781],[53.554,69.031],[221.3,51.854],[182.304,44.633]],"c":true}]},{"i":{"x":0.833,"y":0.833},"o":{"x":0.167,"y":0.167},"t":21.105,"s":[{"i":[[19,-1.25],[27.75,3],[0,0],[-55.25,-16],[3.013,10.108],[18.75,5.25]],"o":[[-19,1.25],[-27.75,-3],[0,0],[55.25,16],[-7.75,-26],[-18.75,-5.25]],"v":[[107.304,37.281],[46.804,44.281],[22.304,58.781],[53.554,69.031],[220.804,48.031],[182.304,48.031]],"c":true}]},{"i":{"x":0.833,"y":0.833},"o":{"x":0.167,"y":0.167},"t":31.658,"s":[{"i":[[19,-1.25],[27.75,3],[0,0],[-55.25,-16],[-1,10.5],[18.75,5.25]],"o":[[-19,1.25],[-27.75,-3],[0,0],[55.25,16],[1,-10.5],[-18.75,-5.25]],"v":[[106.561,32.693],[46.804,49.379],[22.304,58.781],[53.554,69.031],[221.3,51.854],[182.304,44.633]],"c":true}]},{"i":{"x":0.833,"y":0.833},"o":{"x":0.167,"y":0.167},"t":42.211,"s":[{"i":[[19,-1.25],[27.75,3],[0,0],[-55.25,-16],[-1,10.5],[18.75,5.25]],"o":[[-19,1.25],[-27.75,-3],[0,0],[55.25,16],[1,-10.5],[-18.75,-5.25]],"v":[[107.304,37.281],[46.804,44.281],[22.304,58.781],[53.554,69.031],[220.804,48.031],[182.304,39.281]],"c":true}]},{"i":{"x":0.833,"y":0.833},"o":{"x":0.167,"y":0.167},"t":52.765,"s":[{"i":[[35.511,-3.03],[27.75,3],[0,0],[-55.25,-16],[-1,10.5],[18.75,5.25]],"o":[[-18.972,1.619],[-27.75,-3],[0,0],[55.25,16],[1,-10.5],[-18.75,-5.25]],"v":[[108.79,28.615],[46.804,49.379],[22.304,58.781],[53.554,69.031],[221.3,51.854],[182.304,44.633]],"c":true}]},{"i":{"x":0.833,"y":0.826},"o":{"x":0.167,"y":0.167},"t":63.317,"s":[{"i":[[19,-1.25],[27.75,3],[0,0],[-55.25,-16],[3.013,10.108],[18.75,5.25]],"o":[[-19,1.25],[-27.75,-3],[0,0],[55.25,16],[-7.75,-26],[-18.75,-5.25]],"v":[[107.304,37.281],[46.804,44.281],[22.304,58.781],[53.554,69.031],[220.804,48.031],[182.304,48.031]],"c":true}]},{"i":{"x":0.833,"y":0.833},"o":{"x":0.167,"y":0.174},"t":74,"s":[{"i":[[19,-1.25],[27.75,3],[0,0],[-55.25,-16],[-7.614,7.299],[19.125,3.657]],"o":[[-19,1.25],[-27.75,-3],[0,0],[55.25,16],[21.728,-20.83],[-38.645,-7.389]],"v":[[109.709,17.991],[42.308,29.022],[9.715,54.823],[53.554,69.031],[221.3,51.854],[199.84,-10.782]],"c":true}]},{"i":{"x":0.833,"y":0.833},"o":{"x":0.167,"y":0.167},"t":78,"s":[{"i":[[19,-1.25],[27.75,3],[0,0],[-55.25,-16],[-1,10.5],[18.75,5.25]],"o":[[-19,1.25],[-27.75,-3],[0,0],[55.25,16],[1,-10.5],[-18.75,-5.25]],"v":[[106.862,55.304],[23.795,48.932],[22.304,58.781],[53.554,69.031],[220.804,48.031],[182.304,50.327]],"c":true}]},{"i":{"x":0.833,"y":0.833},"o":{"x":0.167,"y":0.167},"t":86,"s":[{"i":[[19,-1.25],[27.75,3],[0,0],[-55.25,-16],[-1,10.5],[18.75,5.25]],"o":[[-19,1.25],[-27.75,-3],[0,0],[55.25,16],[1,-10.5],[-18.75,-5.25]],"v":[[107.304,37.281],[46.804,44.281],[22.304,58.781],[53.554,69.031],[220.804,48.031],[182.304,39.281]],"c":true}]},{"i":{"x":0.833,"y":0.833},"o":{"x":0.167,"y":0.167},"t":96.895,"s":[{"i":[[35.511,-3.03],[27.75,3],[0,0],[-55.25,-16],[-1,10.5],[18.75,5.25]],"o":[[-18.972,1.619],[-27.75,-3],[0,0],[55.25,16],[1,-10.5],[-18.75,-5.25]],"v":[[108.79,28.615],[46.804,49.379],[22.304,58.781],[53.554,69.031],[221.3,51.854],[182.304,44.633]],"c":true}]},{"i":{"x":0.833,"y":0.833},"o":{"x":0.167,"y":0.167},"t":107.447,"s":[{"i":[[19,-1.25],[27.75,3],[0,0],[-55.25,-16],[3.013,10.108],[18.75,5.25]],"o":[[-19,1.25],[-27.75,-3],[0,0],[55.25,16],[-7.75,-26],[-18.75,-5.25]],"v":[[107.304,37.281],[46.804,44.281],[22.304,58.781],[53.554,69.031],[220.804,48.031],[182.304,48.031]],"c":true}]},{"i":{"x":0.833,"y":0.833},"o":{"x":0.167,"y":0.167},"t":118,"s":[{"i":[[19,-1.25],[27.75,3],[0,0],[-55.25,-16],[-1,10.5],[18.75,5.25]],"o":[[-19,1.25],[-27.75,-3],[0,0],[55.25,16],[1,-10.5],[-18.75,-5.25]],"v":[[106.561,32.693],[46.804,49.379],[22.304,58.781],[53.554,69.031],[221.3,51.854],[182.304,44.633]],"c":true}]},{"i":{"x":0.833,"y":0.833},"o":{"x":0.167,"y":0.167},"t":128,"s":[{"i":[[19,-1.25],[27.75,3],[0,0],[-55.25,-16],[-1,10.5],[18.75,5.25]],"o":[[-19,1.25],[-27.75,-3],[0,0],[55.25,16],[1,-10.5],[-18.75,-5.25]],"v":[[107.304,37.281],[46.804,44.281],[22.304,58.781],[53.554,69.031],[220.804,48.031],[182.304,39.281]],"c":true}]},{"i":{"x":0.833,"y":0.833},"o":{"x":0.167,"y":0.167},"t":139,"s":[{"i":[[35.511,-3.03],[27.75,3],[0,0],[-55.25,-16],[-1,10.5],[18.75,5.25]],"o":[[-18.972,1.619],[-27.75,-3],[0,0],[55.25,16],[1,-10.5],[-18.75,-5.25]],"v":[[108.79,28.615],[46.804,49.379],[22.304,58.781],[53.554,69.031],[221.3,51.854],[182.304,44.633]],"c":true}]},{"i":{"x":0.833,"y":0.833},"o":{"x":0.167,"y":0.167},"t":150,"s":[{"i":[[19,-1.25],[27.75,3],[0,0],[-55.25,-16],[3.013,10.108],[18.75,5.25]],"o":[[-19,1.25],[-27.75,-3],[0,0],[55.25,16],[-7.75,-26],[-18.75,-5.25]],"v":[[107.304,37.281],[46.804,44.281],[22.304,58.781],[53.554,69.031],[220.804,48.031],[182.304,48.031]],"c":true}]},{"t":160,"s":[{"i":[[19,-1.25],[27.75,3],[0,0],[-55.25,-16],[-1,10.5],[18.75,5.25]],"o":[[-19,1.25],[-27.75,-3],[0,0],[55.25,16],[1,-10.5],[-18.75,-5.25]],"v":[[107.304,37.281],[46.804,44.281],[22.304,58.781],[53.554,69.031],[220.804,48.031],[182.304,39.281]],"c":true}]}],"ix":2},"nm":"Path 1","mn":"ADBE Vector Shape - Group","hd":false},{"ty":"fl","c":{"a":0,"k":[0.286481670305,0.620962105545,0.894721536075,1],"ix":4},"o":{"a":0,"k":100,"ix":5},"r":1,"bm":0,"nm":"Fill 1","mn":"ADBE Vector Graphic - Fill","hd":false},{"ty":"tr","p":{"a":0,"k":[0,0],"ix":2},"a":{"a":0,"k":[0,0],"ix":1},"s":{"a":0,"k":[100,100],"ix":3},"r":{"a":0,"k":0,"ix":6},"o":{"a":0,"k":100,"ix":7},"sk":{"a":0,"k":0,"ix":4},"sa":{"a":0,"k":0,"ix":5},"nm":"Transform"}],"nm":"Shape 1","np":3,"cix":2,"bm":0,"ix":1,"mn":"ADBE Vector Group","hd":false},{"ty":"gr","it":[{"ind":0,"ty":"sh","ix":1,"ks":{"a":0,"k":{"i":[[0.517,1.842],[16.884,2.462],[38.865,-8.659],[11.616,-9.682],[-12.223,-10.396],[-15.975,-1.668],[-20.914,0.428],[-21.781,5.957],[-7.936,15.089]],"o":[[-0.381,-25.798],[-39.404,-5.747],[-14.353,3.198],[-11.855,9.882],[12.893,10.967],[20.813,2.172],[22.553,-0.462],[14.707,-4.023],[1.031,-1.96]],"v":[[117.838,-0.723],[53.406,-33.462],[-64.182,-28.534],[-105.395,-11.802],[-106.131,22.266],[-58.722,36.171],[3.951,38.782],[70.445,29.103],[117.203,5.148]],"c":true},"ix":2},"nm":"Path 1","mn":"ADBE Vector Shape - Group","hd":false},{"ty":"fl","c":{"a":0,"k":[0.884359621534,0.297618701411,0.472034379548,1],"ix":4},"o":{"a":0,"k":100,"ix":5},"r":1,"bm":0,"nm":"Fill 1","mn":"ADBE Vector Graphic - Fill","hd":false},{"ty":"tr","p":{"a":0,"k":[118.604,39.46],"ix":2},"a":{"a":0,"k":[0,0],"ix":1},"s":{"a":0,"k":[100,100],"ix":3},"r":{"a":0,"k":0,"ix":6},"o":{"a":0,"k":100,"ix":7},"sk":{"a":0,"k":0,"ix":4},"sa":{"a":0,"k":0,"ix":5},"nm":"Transform"}],"nm":"Group 1","np":2,"cix":2,"bm":0,"ix":2,"mn":"ADBE Vector Group","hd":false}],"ip":0,"op":161,"st":0,"bm":0},{"ddd":0,"ind":23,"ty":4,"nm":"Layer 11/01-saludo-hombreplanta Outlines","sr":1,"ks":{"o":{"a":0,"k":10,"ix":11},"r":{"a":0,"k":0,"ix":10},"p":{"a":0,"k":[321,288,0],"ix":2},"a":{"a":0,"k":[540.5,540.5,0],"ix":1},"s":{"a":0,"k":[100,100,100],"ix":6}},"ao":0,"shapes":[{"ty":"gr","it":[{"ind":0,"ty":"sh","ix":1,"ks":{"a":0,"k":{"i":[[-2.933,0.663],[-0.873,0.151],[-1.463,0.118],[-0.437,0.032],[-1.818,-0.082],[-1.676,-0.198],[-1.478,-0.236],[-0.439,-0.072],[-0.953,-0.175],[-7.586,-0.713],[-7.695,1.462],[-1.725,0.307],[-0.949,0.149],[-0.479,0.07],[-0.319,0.045],[-0.635,0.083],[-3.867,0.162],[-4.346,-0.237],[-2.085,-0.211],[-1.121,-0.133],[-1.591,-0.234],[-0.637,-0.098],[-0.693,3.046],[2.963,0.456],[16.269,-3],[3.94,-0.564],[0.281,-0.034],[0.394,-0.041],[0.95,-0.053],[1.978,0.115],[0.887,0.09],[0.445,0.053],[-1.354,-0.12],[1.752,0.329],[3.689,0.704],[8.675,-1.964],[-0.862,-2.666]],"o":[[0.864,-0.195],[1.449,-0.251],[0.436,-0.034],[1.814,-0.134],[1.685,0.076],[1.482,0.173],[0.438,0.069],[0.955,0.153],[7.475,1.377],[7.847,0.738],[1.721,-0.327],[0.946,-0.168],[0.478,-0.075],[0.318,-0.047],[-0.626,0.083],[3.842,-0.471],[4.349,-0.18],[2.092,0.115],[1.123,0.113],[1.596,0.191],[0.638,0.093],[2.759,0.425],[0.583,-2.559],[-16.351,-2.517],[-3.913,0.721],[1.115,-0.159],[-0.393,0.047],[-0.946,0.098],[-1.979,0.111],[-0.89,-0.052],[-0.445,-0.044],[-0.21,-0.025],[-1.776,-0.157],[-3.691,-0.694],[-8.634,-1.648],[-2.737,0.619],[0.929,2.868]],"v":[[-55.956,3.406],[-53.352,2.902],[-53.038,2.866],[-51.732,2.749],[-46.277,2.687],[-41.24,3.129],[-40.908,3.177],[-39.59,3.38],[-36.729,3.875],[-14.282,7.798],[8.976,5.831],[14.142,4.865],[16.984,4.388],[18.419,4.171],[19.376,4.034],[19.389,4.034],[30.949,3.057],[44,3.141],[50.267,3.629],[53.63,4.011],[54.122,4.077],[56.035,4.36],[62.628,0.617],[58.885,-5.976],[9.883,-5.215],[-1.869,-3.127],[-2.096,-3.103],[-3.278,-2.97],[-6.122,-2.74],[-12.06,-2.75],[-14.727,-2.965],[-16.06,-3.112],[-16.411,-3.153],[-21.732,-4.043],[-32.779,-6.255],[-58.806,-6.93],[-62.549,-0.337]],"c":true},"ix":2},"nm":"Path 1","mn":"ADBE Vector Shape - Group","hd":false},{"ty":"gr","it":[{"ty":"tr","p":{"a":0,"k":[0,0],"ix":2},"a":{"a":0,"k":[0,0],"ix":1},"s":{"a":0,"k":[100,100],"ix":3},"r":{"a":0,"k":0,"ix":6},"o":{"a":0,"k":100,"ix":7},"sk":{"a":0,"k":0,"ix":4},"sa":{"a":0,"k":0,"ix":5},"nm":"Transform"}],"nm":"Group 1","np":0,"cix":2,"bm":0,"ix":2,"mn":"ADBE Vector Group","hd":false},{"ty":"mm","mm":4,"nm":"Merge Paths 1","mn":"ADBE Vector Filter - Merge","hd":false},{"ty":"fl","c":{"a":0,"k":[0.367762995701,0.189552352008,0.416115435432,1],"ix":4},"o":{"a":0,"k":100,"ix":5},"r":1,"bm":0,"nm":"Fill 1","mn":"ADBE Vector Graphic - Fill","hd":false},{"ty":"tr","p":{"a":0,"k":[732.484,697.34],"ix":2},"a":{"a":0,"k":[0,0],"ix":1},"s":{"a":0,"k":[100,100],"ix":3},"r":{"a":0,"k":0,"ix":6},"o":{"a":0,"k":100,"ix":7},"sk":{"a":0,"k":0,"ix":4},"sa":{"a":0,"k":0,"ix":5},"nm":"Transform"}],"nm":"Group 1","np":4,"cix":2,"bm":0,"ix":1,"mn":"ADBE Vector Group","hd":false},{"ty":"gr","it":[{"ind":0,"ty":"sh","ix":1,"ks":{"a":0,"k":{"i":[[-1.828,2.387],[-0.225,0.257],[-0.267,0.275],[-0.665,0.569],[-0.765,0.528],[-0.318,0.211],[-0.773,0.406],[-0.346,0.163],[-0.091,0.095],[-0.581,0.22],[-0.845,0.248],[-0.754,0.157],[-0.433,0.08],[0.828,-0.107],[-0.207,0.021],[-1.698,-0.134],[-0.357,0.04],[-0.909,-0.164],[-0.216,-0.039],[-0.788,-0.222],[-0.772,-0.279],[-1.081,-0.523],[-0.433,-0.233],[-0.635,-0.429],[1.214,0.787],[-0.412,-0.347],[-2.116,-1.179],[-2.746,-0.155],[-4.32,1.573],[-2.24,0.475],[-0.538,0.096],[1.037,-0.255],[-0.278,0.025],[-1.17,0.008],[-2.424,-0.266],[-0.549,-0.069],[0.692,0.093],[-0.083,-0.012],[-1.247,-0.19],[-11.207,-1.715],[-1.341,0.784],[-0.291,1.277],[2.964,0.453],[10.232,1.565],[10.242,-3.261],[2.214,-0.76],[1.046,-0.274],[0.483,-0.097],[0.185,0.031],[-0.203,0.024],[0.204,-0.016],[0.542,0.015],[0.202,0.007],[-0.007,-0.073],[0.094,0.025],[-0.327,0.06],[0.135,0.073],[0.445,0.304],[0.164,0.172],[0.763,0.636],[0.845,0.694],[8.198,-0.644],[4.139,-2.078],[2.839,-3.707],[-0.325,-1.178],[-1.159,-0.612]],"o":[[-0.972,1.269],[0.253,-0.289],[0.609,-0.63],[0.902,-0.774],[0.314,-0.218],[0.729,-0.482],[0.339,-0.178],[0.09,-0.042],[-0.418,0.444],[0.823,-0.311],[0.738,-0.217],[0.431,-0.089],[0.172,-0.031],[-0.931,0.118],[1.695,-0.172],[0.363,0.028],[-0.094,0.01],[0.215,0.039],[0.806,0.148],[0.79,0.224],[0.884,0.319],[0.442,0.214],[0.674,0.364],[0.254,0.171],[0.45,0.292],[1.846,1.554],[2.41,1.343],[4.684,0.264],[2.148,-0.783],[0.535,-0.113],[0.241,-0.044],[0.28,-0.069],[1.165,-0.107],[2.439,-0.017],[0.55,0.059],[0.161,0.019],[-0.639,-0.088],[1.248,0.179],[11.207,1.713],[1.477,0.226],[1.111,-0.65],[0.583,-2.557],[-10.232,-1.565],[-10.347,-1.584],[-2.232,0.711],[-1.022,0.351],[-0.476,0.125],[-0.147,0.031],[0.202,-0.025],[-0.203,0.024],[-0.54,0.045],[-0.202,-0.005],[-1.134,-0.043],[0,0.003],[-0.679,-0.183],[-0.148,0.027],[-0.475,-0.255],[-0.184,-0.126],[0.107,0.113],[-0.841,-0.7],[-6.309,-5.176],[-4.613,0.362],[-4.206,2.111],[-0.785,1.025],[0.342,1.243],[2.835,1.498]],"v":[[-56.6,6.582],[-56.397,6.388],[-55.617,5.542],[-53.693,3.763],[-53.616,3.698],[-52.676,3.044],[-50.421,1.711],[-49.393,1.198],[-48.796,0.925],[-49.167,1.082],[-46.678,0.222],[-44.438,-0.339],[-43.14,-0.576],[-43.199,-0.576],[-42.928,-0.599],[-37.824,-0.659],[-36.678,-0.544],[-37.126,-0.601],[-36.479,-0.49],[-34.085,0.065],[-31.758,0.846],[-31.684,0.883],[-30.366,1.54],[-28.4,2.732],[-28.089,2.915],[-26.822,3.956],[-21.025,8.352],[-13.259,10.542],[0.292,7.503],[6.841,5.483],[8.451,5.185],[8.414,5.185],[9.342,5.089],[12.847,4.924],[20.147,5.347],[21.796,5.543],[22.26,5.602],[22.488,5.634],[26.23,6.19],[59.85,11.336],[63.98,10.795],[66.442,7.592],[62.699,1],[32.003,-3.698],[0.749,-3.982],[-5.872,-1.642],[-8.971,-0.688],[-10.41,-0.349],[-11.229,-0.198],[-10.622,-0.271],[-11.233,-0.211],[-12.855,-0.161],[-13.46,-0.189],[-13.239,-0.143],[-14.83,-0.535],[-14.713,-0.445],[-15.438,-0.805],[-16.816,-1.651],[-17.476,-2.125],[-17.356,-2.04],[-19.872,-4.149],[-42.27,-11.378],[-55.393,-7.771],[-65.856,1.173],[-66.396,5.302],[-63.933,8.505]],"c":true},"ix":2},"nm":"Path 1","mn":"ADBE Vector Shape - Group","hd":false},{"ty":"gr","it":[{"ty":"tr","p":{"a":0,"k":[0,0],"ix":2},"a":{"a":0,"k":[0,0],"ix":1},"s":{"a":0,"k":[100,100],"ix":3},"r":{"a":0,"k":0,"ix":6},"o":{"a":0,"k":100,"ix":7},"sk":{"a":0,"k":0,"ix":4},"sa":{"a":0,"k":0,"ix":5},"nm":"Transform"}],"nm":"Group 1","np":0,"cix":2,"bm":0,"ix":2,"mn":"ADBE Vector Group","hd":false},{"ty":"mm","mm":4,"nm":"Merge Paths 1","mn":"ADBE Vector Filter - Merge","hd":false},{"ty":"fl","c":{"a":0,"k":[0.367762995701,0.189552352008,0.416115435432,1],"ix":4},"o":{"a":0,"k":100,"ix":5},"r":1,"bm":0,"nm":"Fill 1","mn":"ADBE Vector Graphic - Fill","hd":false},{"ty":"tr","p":{"a":0,"k":[306.088,699.003],"ix":2},"a":{"a":0,"k":[0,0],"ix":1},"s":{"a":0,"k":[100,100],"ix":3},"r":{"a":0,"k":0,"ix":6},"o":{"a":0,"k":100,"ix":7},"sk":{"a":0,"k":0,"ix":4},"sa":{"a":0,"k":0,"ix":5},"nm":"Transform"}],"nm":"Group 2","np":4,"cix":2,"bm":0,"ix":2,"mn":"ADBE Vector Group","hd":false},{"ty":"gr","it":[{"ty":"fl","c":{"a":0,"k":[0.981041882085,0.959243056353,0.932703414618,1],"ix":4},"o":{"a":0,"k":100,"ix":5},"r":1,"bm":0,"nm":"Fill 1","mn":"ADBE Vector Graphic - Fill","hd":false},{"ty":"tr","p":{"a":0,"k":[540.25,540.25],"ix":2},"a":{"a":0,"k":[0,0],"ix":1},"s":{"a":0,"k":[100,100],"ix":3},"r":{"a":0,"k":0,"ix":6},"o":{"a":0,"k":100,"ix":7},"sk":{"a":0,"k":0,"ix":4},"sa":{"a":0,"k":0,"ix":5},"nm":"Transform"}],"nm":"Group 3","np":1,"cix":2,"bm":0,"ix":3,"mn":"ADBE Vector Group","hd":false}],"ip":0,"op":161,"st":0,"bm":0}],"markers":[]}