{"v":"5.6.5","fr":30,"ip":0,"op":90,"w":1600,"h":1200,"nm":"Gardening","ddd":0,"assets":[],"layers":[{"ddd":0,"ind":1,"ty":4,"nm":"Shape Layer 3","sr":1,"ks":{"o":{"a":1,"k":[{"i":{"x":[0.667],"y":[1]},"o":{"x":[0.167],"y":[0.167]},"t":14,"s":[0]},{"i":{"x":[0.667],"y":[1]},"o":{"x":[0.333],"y":[0]},"t":16,"s":[100]},{"i":{"x":[0.833],"y":[1]},"o":{"x":[0.167],"y":[0]},"t":26,"s":[0]},{"i":{"x":[0.667],"y":[1]},"o":{"x":[0.167],"y":[0.167]},"t":45,"s":[0]},{"i":{"x":[0.667],"y":[1]},"o":{"x":[0.333],"y":[0]},"t":47,"s":[100]},{"i":{"x":[0.833],"y":[1]},"o":{"x":[0.167],"y":[0]},"t":57,"s":[0]},{"i":{"x":[0.667],"y":[1]},"o":{"x":[0.167],"y":[0.167]},"t":74,"s":[0]},{"i":{"x":[0.667],"y":[1]},"o":{"x":[0.333],"y":[0]},"t":76,"s":[100]},{"t":86,"s":[0]}],"ix":11},"r":{"a":0,"k":0,"ix":10},"p":{"a":1,"k":[{"i":{"x":0.667,"y":1},"o":{"x":0.167,"y":0.167},"t":-13,"s":[470,350,0],"to":[0.667,5.667,0],"ti":[0,0,0]},{"i":{"x":0.667,"y":1},"o":{"x":0.333,"y":0},"t":16,"s":[474,384,0],"to":[162.667,70,0],"ti":[-76.667,-152,0]},{"i":{"x":0.667,"y":1},"o":{"x":0.167,"y":0},"t":26,"s":[550,742,0],"to":[39.631,78.574,0],"ti":[0,0,0]},{"i":{"x":0.667,"y":1},"o":{"x":0.333,"y":0},"t":47,"s":[474,384,0],"to":[162.667,70,0],"ti":[-76.667,-152,0]},{"i":{"x":0.667,"y":1},"o":{"x":0.167,"y":0},"t":57,"s":[550,770,0],"to":[39.631,78.574,0],"ti":[0,0,0]},{"i":{"x":0.667,"y":1},"o":{"x":0.333,"y":0},"t":76,"s":[474,384,0],"to":[162.667,70,0],"ti":[-76.667,-152,0]},{"t":86,"s":[538,794,0]}],"ix":2},"a":{"a":0,"k":[-330,-250,0],"ix":1},"s":{"a":0,"k":[85,85,100],"ix":6}},"ao":0,"shapes":[{"ty":"gr","it":[{"d":1,"ty":"el","s":{"a":0,"k":[121.617,52.93],"ix":2},"p":{"a":0,"k":[0,0],"ix":3},"nm":"Ellipse Path 1","mn":"ADBE Vector Shape - Ellipse","hd":false},{"ty":"fl","c":{"a":0,"k":[0.137254901961,0.396078461292,0.227450995352,1],"ix":4},"o":{"a":0,"k":100,"ix":5},"r":1,"bm":0,"nm":"Fill 1","mn":"ADBE Vector Graphic - Fill","hd":false},{"ty":"tr","p":{"a":0,"k":[-332.543,-253.449],"ix":2},"a":{"a":0,"k":[0,0],"ix":1},"s":{"a":0,"k":[57.671,34.861],"ix":3},"r":{"a":0,"k":46.17,"ix":6},"o":{"a":0,"k":100,"ix":7},"sk":{"a":0,"k":0,"ix":4},"sa":{"a":0,"k":0,"ix":5},"nm":"Transform"}],"nm":"Ellipse 1","np":3,"cix":2,"bm":0,"ix":1,"mn":"ADBE Vector Group","hd":false}],"ip":0,"op":90,"st":0,"bm":0},{"ddd":0,"ind":2,"ty":4,"nm":"Shape Layer 2","sr":1,"ks":{"o":{"a":1,"k":[{"i":{"x":[0.667],"y":[1]},"o":{"x":[0.167],"y":[0.167]},"t":14,"s":[0]},{"i":{"x":[0.667],"y":[1]},"o":{"x":[0.333],"y":[0]},"t":16,"s":[100]},{"i":{"x":[0.833],"y":[1]},"o":{"x":[0.167],"y":[0]},"t":26,"s":[0]},{"i":{"x":[0.667],"y":[1]},"o":{"x":[0.167],"y":[0.167]},"t":46,"s":[0]},{"i":{"x":[0.667],"y":[1]},"o":{"x":[0.333],"y":[0]},"t":48,"s":[100]},{"i":{"x":[0.833],"y":[1]},"o":{"x":[0.167],"y":[0]},"t":58,"s":[0]},{"i":{"x":[0.667],"y":[1]},"o":{"x":[0.167],"y":[0.167]},"t":73,"s":[0]},{"i":{"x":[0.667],"y":[1]},"o":{"x":[0.333],"y":[0]},"t":75,"s":[100]},{"t":85,"s":[0]}],"ix":11},"r":{"a":0,"k":0,"ix":10},"p":{"a":1,"k":[{"i":{"x":0.667,"y":1},"o":{"x":0.167,"y":0.167},"t":-13,"s":[470,350,0],"to":[-4,4.667,0],"ti":[0,0,0]},{"i":{"x":0.667,"y":1},"o":{"x":0.333,"y":0},"t":16,"s":[446,378,0],"to":[162.667,70,0],"ti":[-76.667,-152,0]},{"i":{"x":0.667,"y":1},"o":{"x":0.167,"y":0},"t":26,"s":[570,1024,0],"to":[39.631,78.574,0],"ti":[0,0,0]},{"i":{"x":0.667,"y":1},"o":{"x":0.333,"y":0},"t":48,"s":[446,378,0],"to":[162.667,70,0],"ti":[-76.667,-152,0]},{"i":{"x":0.667,"y":1},"o":{"x":0.167,"y":0},"t":58,"s":[570,1024,0],"to":[39.631,78.574,0],"ti":[0,0,0]},{"i":{"x":0.667,"y":1},"o":{"x":0.333,"y":0},"t":75,"s":[446,378,0],"to":[162.667,70,0],"ti":[-76.667,-152,0]},{"t":85,"s":[570,1024,0]}],"ix":2},"a":{"a":0,"k":[-330,-250,0],"ix":1},"s":{"a":0,"k":[100,100,100],"ix":6}},"ao":0,"shapes":[{"ty":"gr","it":[{"d":1,"ty":"el","s":{"a":0,"k":[121.617,52.93],"ix":2},"p":{"a":0,"k":[0,0],"ix":3},"nm":"Ellipse Path 1","mn":"ADBE Vector Shape - Ellipse","hd":false},{"ty":"fl","c":{"a":0,"k":[0.137254901961,0.396078461292,0.227450995352,1],"ix":4},"o":{"a":0,"k":100,"ix":5},"r":1,"bm":0,"nm":"Fill 1","mn":"ADBE Vector Graphic - Fill","hd":false},{"ty":"tr","p":{"a":0,"k":[-332.543,-253.449],"ix":2},"a":{"a":0,"k":[0,0],"ix":1},"s":{"a":0,"k":[57.671,34.861],"ix":3},"r":{"a":0,"k":46.17,"ix":6},"o":{"a":0,"k":100,"ix":7},"sk":{"a":0,"k":0,"ix":4},"sa":{"a":0,"k":0,"ix":5},"nm":"Transform"}],"nm":"Ellipse 1","np":3,"cix":2,"bm":0,"ix":1,"mn":"ADBE Vector Group","hd":false}],"ip":0,"op":90,"st":0,"bm":0},{"ddd":0,"ind":3,"ty":4,"nm":"Shape Layer 1","sr":1,"ks":{"o":{"a":1,"k":[{"i":{"x":[0.667],"y":[1]},"o":{"x":[0.167],"y":[0.167]},"t":13,"s":[0]},{"i":{"x":[0.667],"y":[1]},"o":{"x":[0.333],"y":[0]},"t":15,"s":[100]},{"i":{"x":[0.833],"y":[1]},"o":{"x":[0.167],"y":[0]},"t":25,"s":[0]},{"i":{"x":[0.667],"y":[1]},"o":{"x":[0.167],"y":[0.167]},"t":43,"s":[0]},{"i":{"x":[0.667],"y":[1]},"o":{"x":[0.333],"y":[0]},"t":45,"s":[100]},{"i":{"x":[0.833],"y":[1]},"o":{"x":[0.167],"y":[0]},"t":55,"s":[0]},{"i":{"x":[0.667],"y":[1]},"o":{"x":[0.167],"y":[0.167]},"t":73,"s":[0]},{"i":{"x":[0.667],"y":[1]},"o":{"x":[0.333],"y":[0]},"t":75,"s":[100]},{"t":85,"s":[0]}],"ix":11},"r":{"a":0,"k":0,"ix":10},"p":{"a":1,"k":[{"i":{"x":0.667,"y":0.667},"o":{"x":0.167,"y":0.167},"t":-13,"s":[470,350,0],"to":[0,0,0],"ti":[0,0,0]},{"i":{"x":0.667,"y":1},"o":{"x":0.333,"y":0},"t":15,"s":[470,350,0],"to":[162.667,70,0],"ti":[-76.667,-152,0]},{"i":{"x":0.667,"y":1},"o":{"x":0.167,"y":0},"t":25,"s":[570,1024,0],"to":[39.631,78.574,0],"ti":[0,0,0]},{"i":{"x":0.667,"y":1},"o":{"x":0.333,"y":0},"t":45,"s":[470,350,0],"to":[162.667,70,0],"ti":[-76.667,-152,0]},{"i":{"x":0.667,"y":1},"o":{"x":0.167,"y":0},"t":55,"s":[570,1024,0],"to":[39.631,78.574,0],"ti":[0,0,0]},{"i":{"x":0.667,"y":1},"o":{"x":0.333,"y":0},"t":75,"s":[470,350,0],"to":[162.667,70,0],"ti":[-76.667,-152,0]},{"t":85,"s":[570,1024,0]}],"ix":2},"a":{"a":0,"k":[-330,-250,0],"ix":1},"s":{"a":0,"k":[100,100,100],"ix":6}},"ao":0,"shapes":[{"ty":"gr","it":[{"d":1,"ty":"el","s":{"a":0,"k":[121.617,52.93],"ix":2},"p":{"a":0,"k":[0,0],"ix":3},"nm":"Ellipse Path 1","mn":"ADBE Vector Shape - Ellipse","hd":false},{"ty":"fl","c":{"a":0,"k":[0.137254901961,0.396078461292,0.227450995352,1],"ix":4},"o":{"a":0,"k":100,"ix":5},"r":1,"bm":0,"nm":"Fill 1","mn":"ADBE Vector Graphic - Fill","hd":false},{"ty":"tr","p":{"a":0,"k":[-332.543,-253.449],"ix":2},"a":{"a":0,"k":[0,0],"ix":1},"s":{"a":0,"k":[57.671,34.861],"ix":3},"r":{"a":0,"k":46.17,"ix":6},"o":{"a":0,"k":100,"ix":7},"sk":{"a":0,"k":0,"ix":4},"sa":{"a":0,"k":0,"ix":5},"nm":"Transform"}],"nm":"Ellipse 1","np":3,"cix":2,"bm":0,"ix":1,"mn":"ADBE Vector Group","hd":false}],"ip":0,"op":90,"st":0,"bm":0},{"ddd":0,"ind":4,"ty":4,"nm":"Head/gardening Outlines","sr":1,"ks":{"o":{"a":0,"k":100,"ix":11},"r":{"a":1,"k":[{"i":{"x":[0.833],"y":[0.833]},"o":{"x":[0.167],"y":[0.167]},"t":45,"s":[0]},{"i":{"x":[0.833],"y":[0.833]},"o":{"x":[0.167],"y":[0.167]},"t":54,"s":[9]},{"i":{"x":[0.833],"y":[0.833]},"o":{"x":[0.167],"y":[0.167]},"t":73,"s":[9]},{"t":81,"s":[0]}],"ix":10},"p":{"a":0,"k":[716,228,0],"ix":2},"a":{"a":0,"k":[816,228,0],"ix":1},"s":{"a":0,"k":[100,100,100],"ix":6}},"ao":0,"shapes":[{"ty":"gr","it":[{"ind":0,"ty":"sh","ix":1,"ks":{"a":0,"k":{"i":[[-2.447,0.256],[0.528,-1.937],[39.413,-10.734],[5.468,4.813],[1.556,6.144],[-1.192,-0.062],[-14.116,7.839]],"o":[[1.488,7.422],[-1.986,6.897],[-19.794,5.406],[-2.819,-2.412],[2.25,-0.564],[21.147,1.326],[1.187,-0.663]],"v":[[42.912,-20.666],[44.558,-7.302],[-4.267,12.714],[-39.567,15.853],[-45.085,3.865],[-39.092,3.582],[36.858,-18.38]],"c":true},"ix":2},"nm":"Path 1","mn":"ADBE Vector Shape - Group","hd":false},{"ty":"fl","c":{"a":0,"k":[0.155752398921,0.130589862898,0.134027099609,1],"ix":4},"o":{"a":0,"k":100,"ix":5},"r":1,"bm":0,"nm":"Fill 1","mn":"ADBE Vector Graphic - Fill","hd":false},{"ty":"tr","p":{"a":0,"k":[784.199,79.85],"ix":2},"a":{"a":0,"k":[0,0],"ix":1},"s":{"a":0,"k":[100,100],"ix":3},"r":{"a":0,"k":0,"ix":6},"o":{"a":0,"k":100,"ix":7},"sk":{"a":0,"k":0,"ix":4},"sa":{"a":0,"k":0,"ix":5},"nm":"Transform"}],"nm":"Group 1","np":2,"cix":2,"bm":0,"ix":1,"mn":"ADBE Vector Group","hd":false},{"ty":"gr","it":[{"ind":0,"ty":"sh","ix":1,"ks":{"a":0,"k":{"i":[[38.418,-6.081],[1.792,1.838],[27.602,-6.917],[2.097,-5.781],[-2.152,-8.85],[-3.297,-11.469],[-46.014,12.018],[5.516,17.044]],"o":[[-1.646,-7.75],[-4.419,-4.459],[-37.638,9.462],[-1.894,5.094],[-31.45,15.712],[4.604,16.009],[57.266,-14.957],[-3.924,-12.126]],"v":[[30.089,-36.078],[25.56,-49.819],[-13.761,-46.549],[-58.833,-28.044],[-57.335,-8.087],[-110.306,38.268],[-0.585,42.258],[108.087,-28.516]],"c":true},"ix":2},"nm":"Path 1","mn":"ADBE Vector Shape - Group","hd":false},{"ty":"fl","c":{"a":0,"k":[0.699470849131,0.464287641937,0.246761591294,1],"ix":4},"o":{"a":0,"k":100,"ix":5},"r":1,"bm":0,"nm":"Fill 1","mn":"ADBE Vector Graphic - Fill","hd":false},{"ty":"tr","p":{"a":0,"k":[795.069,86.12],"ix":2},"a":{"a":0,"k":[0,0],"ix":1},"s":{"a":0,"k":[100,100],"ix":3},"r":{"a":0,"k":0,"ix":6},"o":{"a":0,"k":100,"ix":7},"sk":{"a":0,"k":0,"ix":4},"sa":{"a":0,"k":0,"ix":5},"nm":"Transform"}],"nm":"Group 2","np":2,"cix":2,"bm":0,"ix":2,"mn":"ADBE Vector Group","hd":false},{"ty":"gr","it":[{"ind":0,"ty":"sh","ix":1,"ks":{"a":0,"k":{"i":[[0,0],[18.636,12.769],[31.174,-10.351],[0.31,-0.106],[2.859,-15.044],[-6.474,-4.371],[-16.91,-11.377],[-7.997,-0.648],[-5.597,-2.144],[-0.354,-0.624],[0.763,-2.184],[2.615,-5.356],[2.565,-7.334],[6.472,-3.799],[22.152,6.481],[2.866,1.779],[-2.033,-7.245],[-4.491,-5.431],[-19.211,12.818],[6.13,19.777]],"o":[[-3.938,-10.025],[-1.768,-1.213],[-0.166,0.055],[-3.191,1.088],[-1.112,5.854],[16.325,11.021],[8.88,5.974],[5.398,0.437],[2.708,1.037],[2.461,4.336],[-2.16,6.189],[-3.421,7.013],[-2.325,6.649],[-2.713,1.592],[-5.791,-1.695],[0.564,4.195],[2.45,8.726],[10.631,12.86],[31.433,-20.972],[-0.785,-2.531]],"v":[[54.263,-24.814],[24.378,-65.512],[-37.38,-75.473],[-38.099,-75.231],[-65.812,-51.294],[-59.294,-31.075],[7.303,-44.736],[23.526,-22.536],[38.701,-26.951],[43.162,-22.822],[43.162,-11.437],[35.336,-0.054],[33.242,17.32],[18.688,31.253],[-24.784,36.887],[-37.884,31.022],[-34.25,48.613],[-24.572,72.52],[35.491,73.005],[56.016,-19.723]],"c":true},"ix":2},"nm":"Path 1","mn":"ADBE Vector Shape - Group","hd":false},{"ty":"fl","c":{"a":0,"k":[0.104042973238,0.195607981962,0.269892763624,1],"ix":4},"o":{"a":0,"k":100,"ix":5},"r":1,"bm":0,"nm":"Fill 1","mn":"ADBE Vector Graphic - Fill","hd":false},{"ty":"tr","p":{"a":0,"k":[801.938,137.801],"ix":2},"a":{"a":0,"k":[0,0],"ix":1},"s":{"a":0,"k":[100,100],"ix":3},"r":{"a":0,"k":0,"ix":6},"o":{"a":0,"k":100,"ix":7},"sk":{"a":0,"k":0,"ix":4},"sa":{"a":0,"k":0,"ix":5},"nm":"Transform"}],"nm":"Group 3","np":2,"cix":2,"bm":0,"ix":3,"mn":"ADBE Vector Group","hd":false},{"ty":"gr","it":[{"ind":0,"ty":"sh","ix":1,"ks":{"a":0,"k":{"i":[[39.545,6.425],[9.258,-11.456],[-33.912,-16.471],[0.137,-4.915],[-8.343,-1.028],[-4.581,9.266],[0.118,7.864],[-2.297,3.143]],"o":[[-15.152,-2.462],[-25.845,31.979],[-0.138,4.915],[3.295,8.022],[9.779,1.206],[-0.117,-7.865],[3.338,-2.823],[26.893,-36.805]],"v":[[-1.283,-81.017],[-41.994,-64.518],[-9.836,52.799],[-10.24,67.565],[8.6,82.273],[32.717,68.837],[32.366,45.244],[40.946,36.186]],"c":true},"ix":2},"nm":"Path 1","mn":"ADBE Vector Shape - Group","hd":false},{"ty":"fl","c":{"a":0,"k":[0.993000464346,0.78289753035,0.521676097197,1],"ix":4},"o":{"a":0,"k":100,"ix":5},"r":1,"bm":0,"nm":"Fill 1","mn":"ADBE Vector Graphic - Fill","hd":false},{"ty":"tr","p":{"a":0,"k":[804.832,150.034],"ix":2},"a":{"a":0,"k":[0,0],"ix":1},"s":{"a":0,"k":[100,100],"ix":3},"r":{"a":0,"k":0,"ix":6},"o":{"a":0,"k":100,"ix":7},"sk":{"a":0,"k":0,"ix":4},"sa":{"a":0,"k":0,"ix":5},"nm":"Transform"}],"nm":"Group 4","np":2,"cix":2,"bm":0,"ix":4,"mn":"ADBE Vector Group","hd":false}],"ip":0,"op":90,"st":0,"bm":0},{"ddd":0,"ind":5,"ty":4,"nm":"Left Arm/gardening Outlines","sr":1,"ks":{"o":{"a":0,"k":100,"ix":11},"r":{"a":0,"k":0,"ix":10},"p":{"a":1,"k":[{"i":{"x":0.667,"y":1},"o":{"x":0.333,"y":0},"t":0,"s":[786,332,0],"to":[-1.333,4,0],"ti":[0,0,0]},{"i":{"x":0.667,"y":1},"o":{"x":0.333,"y":0},"t":14,"s":[778,356,0],"to":[0,0,0],"ti":[0,0,0]},{"i":{"x":0.667,"y":1},"o":{"x":0.333,"y":0},"t":29,"s":[786,332,0],"to":[0,0,0],"ti":[0,0,0]},{"i":{"x":0.667,"y":1},"o":{"x":0.333,"y":0},"t":43,"s":[778,356,0],"to":[0,0,0],"ti":[0,0,0]},{"i":{"x":0.667,"y":1},"o":{"x":0.333,"y":0},"t":59,"s":[786,332,0],"to":[0,0,0],"ti":[0,0,0]},{"i":{"x":0.667,"y":1},"o":{"x":0.333,"y":0},"t":73,"s":[778,356,0],"to":[0,0,0],"ti":[-1.333,4,0]},{"t":89,"s":[786,332,0]}],"ix":2},"a":{"a":1,"k":[{"i":{"x":0.667,"y":0.667},"o":{"x":0.333,"y":0.333},"t":0,"s":[886,332,0],"to":[0,0,0],"ti":[0,0,0]},{"i":{"x":0.667,"y":0.667},"o":{"x":0.333,"y":0.333},"t":14,"s":[886,332,0],"to":[0,0,0],"ti":[0,0,0]},{"i":{"x":0.667,"y":0.667},"o":{"x":0.333,"y":0.333},"t":29,"s":[886,332,0],"to":[0,0,0],"ti":[0,0,0]},{"i":{"x":0.667,"y":0.667},"o":{"x":0.333,"y":0.333},"t":43,"s":[886,332,0],"to":[0,0,0],"ti":[0,0,0]},{"i":{"x":0.667,"y":0.667},"o":{"x":0.333,"y":0.333},"t":59,"s":[886,332,0],"to":[0,0,0],"ti":[0,0,0]},{"i":{"x":0.667,"y":0.667},"o":{"x":0.333,"y":0.333},"t":73,"s":[886,332,0],"to":[0,0,0],"ti":[0,0,0]},{"t":89,"s":[886,332,0]}],"ix":1},"s":{"a":0,"k":[100,100,100],"ix":6}},"ao":0,"shapes":[{"ty":"gr","it":[{"ind":0,"ty":"sh","ix":1,"ks":{"a":0,"k":{"i":[[7.969,33.79],[71.534,-54.461],[24.945,-3.238],[-0.549,-6.211],[-1.712,-4.59],[-56.998,32.021],[-14.553,22.298]],"o":[[-5.097,22.507],[-49.095,37.376],[-0.581,4.254],[0.678,7.656],[26.589,-0.898],[57.382,-32.235],[-7.969,-33.79]],"v":[[98.965,-118.583],[2.377,33.471],[-121.944,84.155],[-122.323,100.029],[-118.118,118.583],[18.634,80.33],[122.872,-17.214]],"c":true},"ix":2},"nm":"Path 1","mn":"ADBE Vector Shape - Group","hd":false},{"ty":"fl","c":{"a":0,"k":[0.914092479033,0.704665000766,0.045043586282,1],"ix":4},"o":{"a":0,"k":100,"ix":5},"r":1,"bm":0,"nm":"Fill 1","mn":"ADBE Vector Graphic - Fill","hd":false},{"ty":"tr","p":{"a":0,"k":[783.536,372.027],"ix":2},"a":{"a":0,"k":[0,0],"ix":1},"s":{"a":0,"k":[100,100],"ix":3},"r":{"a":0,"k":0,"ix":6},"o":{"a":0,"k":100,"ix":7},"sk":{"a":0,"k":0,"ix":4},"sa":{"a":0,"k":0,"ix":5},"nm":"Transform"}],"nm":"Group 1","np":2,"cix":2,"bm":0,"ix":1,"mn":"ADBE Vector Group","hd":false},{"ty":"gr","it":[{"ind":0,"ty":"sh","ix":1,"ks":{"a":0,"k":{"i":[[1.275,11.476],[8.651,-2.63],[10.173,-6.719],[3.181,-10.523],[-7.544,-7.488],[-5.699,1.189],[-14.503,9.623],[-13.706,0.706]],"o":[[-5,1.04],[-13.687,4.162],[-8.404,5.551],[-0.653,2.16],[4.42,4.389],[13.129,-2.739],[5.674,-3.764],[-1.275,-11.475]],"v":[[37.526,-34.552],[16.586,-29.198],[-16.593,-15.409],[-36.676,6.108],[-33.807,29.059],[-16.593,33.362],[13.052,8.497],[41.35,-0.125]],"c":true},"ix":2},"nm":"Path 1","mn":"ADBE Vector Shape - Group","hd":false},{"ty":"fl","c":{"a":0,"k":[0.993000464346,0.78289753035,0.521676097197,1],"ix":4},"o":{"a":0,"k":100,"ix":5},"r":1,"bm":0,"nm":"Fill 1","mn":"ADBE Vector Graphic - Fill","hd":false},{"ty":"tr","p":{"a":0,"k":[624.067,490.734],"ix":2},"a":{"a":0,"k":[0,0],"ix":1},"s":{"a":0,"k":[100,100],"ix":3},"r":{"a":0,"k":0,"ix":6},"o":{"a":0,"k":100,"ix":7},"sk":{"a":0,"k":0,"ix":4},"sa":{"a":0,"k":0,"ix":5},"nm":"Transform"}],"nm":"Group 2","np":2,"cix":2,"bm":0,"ix":2,"mn":"ADBE Vector Group","hd":false}],"ip":0,"op":90,"st":0,"bm":0},{"ddd":0,"ind":6,"ty":4,"nm":"Scissor/gardening Outlines","sr":1,"ks":{"o":{"a":0,"k":100,"ix":11},"r":{"a":0,"k":0,"ix":10},"p":{"a":0,"k":[700,600,0],"ix":2},"a":{"a":0,"k":[800,600,0],"ix":1},"s":{"a":0,"k":[100,100,100],"ix":6}},"ao":0,"shapes":[{"ty":"gr","it":[{"ty":"gr","it":[{"ind":0,"ty":"sh","ix":1,"ks":{"a":0,"k":{"i":[[1.023,1.228],[-0.569,2.434],[0,0],[-4.966,-1.165],[0,0],[4.113,0.968]],"o":[[-1.488,-1.785],[0,0],[4.965,1.165],[0,0],[-0.967,4.113],[-1.681,-0.394]],"v":[[-20.809,66.444],[-22.385,59.793],[8.058,-69.957],[22.954,-66.46],[-7.489,63.289],[-16.685,68.988]],"c":true},"ix":2},"nm":"Path 1","mn":"ADBE Vector Shape - Group","hd":false},{"ty":"fl","c":{"a":0,"k":[0.962178787531,0.336292072371,0.198954608394,1],"ix":4},"o":{"a":0,"k":100,"ix":5},"r":1,"bm":0,"nm":"Fill 1","mn":"ADBE Vector Graphic - Fill","hd":false},{"ty":"tr","p":{"a":0,"k":[571.71,502.011],"ix":2},"a":{"a":0,"k":[0,0],"ix":1},"s":{"a":0,"k":[100,100],"ix":3},"r":{"a":0,"k":0,"ix":6},"o":{"a":0,"k":100,"ix":7},"sk":{"a":0,"k":0,"ix":4},"sa":{"a":0,"k":0,"ix":5},"nm":"Transform"}],"nm":"Group 1","np":2,"cix":2,"bm":0,"ix":1,"mn":"ADBE Vector Group","hd":false},{"ty":"gr","it":[{"ind":0,"ty":"sh","ix":1,"ks":{"a":0,"k":{"i":[[5.511,1.355],[9.663,-32.917],[2.968,-17.892],[-4.966,-1.165],[-7.897,30.673]],"o":[[-5.909,-1.454],[-9.14,31.138],[4.965,1.165],[7.561,-16.33],[10.76,-41.793]],"v":[[22.737,-80.447],[-10.99,3.062],[-28.247,78.404],[-13.352,81.901],[12.124,10.534]],"c":true},"ix":2},"nm":"Path 1","mn":"ADBE Vector Shape - Group","hd":false},{"ty":"fl","c":{"a":0,"k":[0.77810124416,0.904137704887,0.714535881491,1],"ix":4},"o":{"a":0,"k":100,"ix":5},"r":1,"bm":0,"nm":"Fill 1","mn":"ADBE Vector Graphic - Fill","hd":false},{"ty":"tr","p":{"a":0,"k":[608.016,353.65],"ix":2},"a":{"a":0,"k":[0,0],"ix":1},"s":{"a":0,"k":[100,100],"ix":3},"r":{"a":0,"k":0,"ix":6},"o":{"a":0,"k":100,"ix":7},"sk":{"a":0,"k":0,"ix":4},"sa":{"a":0,"k":0,"ix":5},"nm":"Transform"}],"nm":"Group 2","np":2,"cix":2,"bm":0,"ix":2,"mn":"ADBE Vector Group","hd":false},{"ty":"tr","p":{"a":0,"k":[579.37,464.166],"ix":2},"a":{"a":0,"k":[579.37,464.166],"ix":1},"s":{"a":0,"k":[100,100],"ix":3},"r":{"a":1,"k":[{"i":{"x":[0.833],"y":[0.833]},"o":{"x":[0.167],"y":[0.167]},"t":0,"s":[0]},{"i":{"x":[0.833],"y":[0.833]},"o":{"x":[0.167],"y":[0.167]},"t":14,"s":[-20]},{"i":{"x":[0.833],"y":[0.833]},"o":{"x":[0.167],"y":[0.167]},"t":29,"s":[0]},{"i":{"x":[0.833],"y":[0.833]},"o":{"x":[0.167],"y":[0.167]},"t":43,"s":[-20]},{"i":{"x":[0.833],"y":[0.833]},"o":{"x":[0.167],"y":[0.167]},"t":59,"s":[0]},{"i":{"x":[0.833],"y":[0.833]},"o":{"x":[0.167],"y":[0.167]},"t":73,"s":[-20]},{"t":89,"s":[0]}],"ix":6},"o":{"a":0,"k":100,"ix":7},"sk":{"a":0,"k":0,"ix":4},"sa":{"a":0,"k":0,"ix":5},"nm":"Transform"}],"nm":"Left","np":2,"cix":2,"bm":0,"ix":1,"mn":"ADBE Vector Group","hd":false},{"ty":"gr","it":[{"ty":"gr","it":[{"ind":0,"ty":"sh","ix":1,"ks":{"a":0,"k":{"i":[[1.599,0],[1.506,1.994],[0,0],[-4.075,3.068],[0,0],[3.377,-2.54]],"o":[[-2.324,0],[0,0],[4.074,-3.068],[0,0],[2.54,3.377],[-1.379,1.04]],"v":[[38.826,59.355],[32.707,56.307],[-47.47,-50.151],[-35.247,-59.355],[44.93,47.102],[43.421,57.815]],"c":true},"ix":2},"nm":"Path 1","mn":"ADBE Vector Shape - Group","hd":false},{"ty":"fl","c":{"a":0,"k":[0.962178787531,0.336292072371,0.198954608394,1],"ix":4},"o":{"a":0,"k":100,"ix":5},"r":1,"bm":0,"nm":"Fill 1","mn":"ADBE Vector Graphic - Fill","hd":false},{"ty":"tr","p":{"a":0,"k":[604.017,497.539],"ix":2},"a":{"a":0,"k":[0,0],"ix":1},"s":{"a":0,"k":[100,100],"ix":3},"r":{"a":0,"k":0,"ix":6},"o":{"a":0,"k":100,"ix":7},"sk":{"a":0,"k":0,"ix":4},"sa":{"a":0,"k":0,"ix":5},"nm":"Transform"}],"nm":"Group 3","np":2,"cix":2,"bm":0,"ix":1,"mn":"ADBE Vector Group","hd":false},{"ty":"gr","it":[{"ind":0,"ty":"sh","ix":1,"ks":{"a":0,"k":{"i":[[4.57,-3.364],[-19.099,-28.497],[-11.843,-13.736],[-4.075,3.068],[18.506,25.704]],"o":[[-4.9,3.609],[18.068,26.959],[4.075,-3.068],[-7.704,-16.264],[-25.215,-35.025]],"v":[[-48.352,-68.753],[-5.796,10.621],[41.03,72.117],[53.253,62.913],[14.743,-2.349]],"c":true},"ix":2},"nm":"Path 1","mn":"ADBE Vector Shape - Group","hd":false},{"ty":"fl","c":{"a":0,"k":[0.77810124416,0.904137704887,0.714535881491,1],"ix":4},"o":{"a":0,"k":100,"ix":5},"r":1,"bm":0,"nm":"Fill 1","mn":"ADBE Vector Graphic - Fill","hd":false},{"ty":"tr","p":{"a":0,"k":[515.517,375.271],"ix":2},"a":{"a":0,"k":[0,0],"ix":1},"s":{"a":0,"k":[100,100],"ix":3},"r":{"a":0,"k":0,"ix":6},"o":{"a":0,"k":100,"ix":7},"sk":{"a":0,"k":0,"ix":4},"sa":{"a":0,"k":0,"ix":5},"nm":"Transform"}],"nm":"Group 4","np":2,"cix":2,"bm":0,"ix":2,"mn":"ADBE Vector Group","hd":false},{"ty":"tr","p":{"a":0,"k":[579.179,466.034],"ix":2},"a":{"a":0,"k":[579.179,466.034],"ix":1},"s":{"a":0,"k":[100,100],"ix":3},"r":{"a":1,"k":[{"i":{"x":[0.833],"y":[0.833]},"o":{"x":[0.167],"y":[0.167]},"t":0,"s":[0]},{"i":{"x":[0.833],"y":[0.833]},"o":{"x":[0.167],"y":[0.167]},"t":14,"s":[20]},{"i":{"x":[0.833],"y":[0.833]},"o":{"x":[0.167],"y":[0.167]},"t":29,"s":[0]},{"i":{"x":[0.833],"y":[0.833]},"o":{"x":[0.167],"y":[0.167]},"t":43,"s":[20]},{"i":{"x":[0.833],"y":[0.833]},"o":{"x":[0.167],"y":[0.167]},"t":59,"s":[0]},{"i":{"x":[0.833],"y":[0.833]},"o":{"x":[0.167],"y":[0.167]},"t":73,"s":[20]},{"t":89,"s":[0]}],"ix":6},"o":{"a":0,"k":100,"ix":7},"sk":{"a":0,"k":0,"ix":4},"sa":{"a":0,"k":0,"ix":5},"nm":"Transform"}],"nm":"Right","np":2,"cix":2,"bm":0,"ix":2,"mn":"ADBE Vector Group","hd":false}],"ip":0,"op":90,"st":0,"bm":0},{"ddd":0,"ind":7,"ty":4,"nm":"Left Leg/gardening Outlines","sr":1,"ks":{"o":{"a":0,"k":100,"ix":11},"r":{"a":0,"k":0,"ix":10},"p":{"a":0,"k":[844,1096,0],"ix":2},"a":{"a":0,"k":[944,1096,0],"ix":1},"s":{"a":0,"k":[100,100,100],"ix":6}},"ao":0,"shapes":[{"ty":"gr","it":[{"ind":0,"ty":"sh","ix":1,"ks":{"a":0,"k":{"i":[[3.902,-5.127],[1.684,-0.613],[1.912,0.153],[0.153,0],[0.688,0],[4.284,1.683],[-0.383,2.984],[-6.044,2.295],[-5.051,1.224],[-4.361,3.979],[0,0],[-0.843,1.912],[-6.428,-0.154],[-4.284,0.996],[-0.305,-1.071],[-0.765,-4.821]],"o":[[-2.678,3.519],[-3.443,1.071],[-0.996,-0.077],[-9.18,-1.453],[-1.99,0.153],[-3.061,-1.225],[0.228,-2.141],[9.028,-3.366],[0,0],[0.154,-0.152],[1.53,-1.761],[4.588,1.3],[5.507,0.152],[0.23,1.073],[1.53,5.278],[0.459,3.596]],"v":[[45.253,11.323],[36.99,16.755],[28.499,17.75],[26.662,17.52],[-29.339,18.591],[-41.121,17.367],[-48.771,10.021],[-39.592,4.285],[-21.076,-1.99],[6.847,-11.935],[8.454,-13.541],[11.898,-19.049],[28.499,-16.524],[43.264,-17.979],[44.105,-14.766],[47.701,-3.748]],"c":true},"ix":2},"nm":"Path 1","mn":"ADBE Vector Shape - Group","hd":false},{"ty":"fl","c":{"a":0,"k":[0.914092479033,0.704665000766,0.045043586282,1],"ix":4},"o":{"a":0,"k":100,"ix":5},"r":1,"bm":0,"nm":"Fill 1","mn":"ADBE Vector Graphic - Fill","hd":false},{"ty":"tr","p":{"a":0,"k":[910.543,1147.462],"ix":2},"a":{"a":0,"k":[0,0],"ix":1},"s":{"a":0,"k":[100,100],"ix":3},"r":{"a":0,"k":0,"ix":6},"o":{"a":0,"k":100,"ix":7},"sk":{"a":0,"k":0,"ix":4},"sa":{"a":0,"k":0,"ix":5},"nm":"Transform"}],"nm":"Group 1","np":2,"cix":2,"bm":0,"ix":1,"mn":"ADBE Vector Group","hd":false},{"ty":"gr","it":[{"ind":0,"ty":"sh","ix":1,"ks":{"a":0,"k":{"i":[[3.902,-5.127],[1.684,-0.613],[1.912,0.153],[0.153,0],[0.688,0],[4.284,1.683],[-0.383,2.984],[-6.044,2.295],[-5.051,1.224],[-4.361,3.979],[0,0],[-0.843,1.912],[-0.308,4.743],[2.6,9.257],[0,0],[-0.076,-5.814],[-1.072,-4.742],[-0.305,-1.071],[-0.765,-4.821]],"o":[[-2.678,3.519],[-3.443,1.071],[-0.996,-0.077],[-9.18,-1.453],[-1.99,0.153],[-3.061,-1.225],[0.228,-2.141],[9.028,-3.366],[0,0],[0.154,-0.152],[1.53,-1.761],[2.294,-4.974],[0.305,-5.05],[0,0],[-2.755,9.87],[0,5.05],[0.23,1.073],[1.53,5.278],[0.459,3.596]],"v":[[45.253,29.799],[36.99,35.23],[28.499,36.225],[26.662,35.995],[-29.339,37.067],[-41.121,35.843],[-48.771,28.497],[-39.592,22.76],[-21.076,16.486],[6.847,6.541],[8.454,4.935],[11.898,-0.573],[14.805,-15.493],[12.433,-37.526],[45.406,-37.526],[42.192,-13.504],[43.264,0.496],[44.105,3.71],[47.701,14.728]],"c":true},"ix":2},"nm":"Path 1","mn":"ADBE Vector Shape - Group","hd":false},{"ty":"fl","c":{"a":0,"k":[0.993000464346,0.78289753035,0.521676097197,1],"ix":4},"o":{"a":0,"k":100,"ix":5},"r":1,"bm":0,"nm":"Fill 1","mn":"ADBE Vector Graphic - Fill","hd":false},{"ty":"tr","p":{"a":0,"k":[910.543,1128.986],"ix":2},"a":{"a":0,"k":[0,0],"ix":1},"s":{"a":0,"k":[100,100],"ix":3},"r":{"a":0,"k":0,"ix":6},"o":{"a":0,"k":100,"ix":7},"sk":{"a":0,"k":0,"ix":4},"sa":{"a":0,"k":0,"ix":5},"nm":"Transform"}],"nm":"Group 2","np":2,"cix":2,"bm":0,"ix":2,"mn":"ADBE Vector Group","hd":false}],"ip":0,"op":90,"st":0,"bm":0},{"ddd":0,"ind":8,"ty":4,"nm":"Right leg/gardening Outlines","sr":1,"ks":{"o":{"a":0,"k":100,"ix":11},"r":{"a":0,"k":0,"ix":10},"p":{"a":0,"k":[700,600,0],"ix":2},"a":{"a":0,"k":[800,600,0],"ix":1},"s":{"a":0,"k":[100,100,100],"ix":6}},"ao":0,"shapes":[{"ty":"gr","it":[{"ind":0,"ty":"sh","ix":1,"ks":{"a":0,"k":{"i":[[3.902,-5.127],[1.684,-0.613],[1.912,0.153],[0.153,0],[0.687,0],[4.284,1.683],[-0.384,2.984],[-6.044,2.295],[-5.05,1.224],[-4.361,3.979],[0,0],[-0.842,1.912],[-6.428,-0.154],[-4.284,0.996],[-0.306,-1.071],[-0.765,-4.821]],"o":[[-2.678,3.519],[-3.443,1.071],[-0.996,-0.077],[-9.181,-1.453],[-1.99,0.153],[-3.061,-1.225],[0.228,-2.141],[9.028,-3.366],[0,0],[0.154,-0.152],[1.53,-1.761],[4.589,1.3],[5.507,0.152],[0.231,1.073],[1.53,5.278],[0.459,3.596]],"v":[[45.253,11.323],[36.99,16.755],[28.499,17.75],[26.662,17.52],[-29.339,18.591],[-41.121,17.367],[-48.771,10.021],[-39.592,4.285],[-21.077,-1.99],[6.847,-11.935],[8.454,-13.541],[11.897,-19.049],[28.499,-16.524],[43.263,-17.979],[44.105,-14.766],[47.701,-3.748]],"c":true},"ix":2},"nm":"Path 1","mn":"ADBE Vector Shape - Group","hd":false},{"ty":"fl","c":{"a":0,"k":[0.914092479033,0.704665000766,0.045043586282,1],"ix":4},"o":{"a":0,"k":100,"ix":5},"r":1,"bm":0,"nm":"Fill 1","mn":"ADBE Vector Graphic - Fill","hd":false},{"ty":"tr","p":{"a":0,"k":[703.979,1147.462],"ix":2},"a":{"a":0,"k":[0,0],"ix":1},"s":{"a":0,"k":[100,100],"ix":3},"r":{"a":0,"k":0,"ix":6},"o":{"a":0,"k":100,"ix":7},"sk":{"a":0,"k":0,"ix":4},"sa":{"a":0,"k":0,"ix":5},"nm":"Transform"}],"nm":"Group 1","np":2,"cix":2,"bm":0,"ix":1,"mn":"ADBE Vector Group","hd":false},{"ty":"gr","it":[{"ind":0,"ty":"sh","ix":1,"ks":{"a":0,"k":{"i":[[3.902,-5.127],[1.684,-0.613],[1.912,0.153],[0.153,0],[0.687,0],[4.284,1.683],[-0.384,2.984],[-6.044,2.295],[-5.05,1.224],[-4.361,3.979],[0,0],[-0.842,1.912],[-0.307,4.743],[2.601,9.257],[0,0],[-0.076,-5.814],[-1.071,-4.742],[-0.306,-1.071],[-0.765,-4.821]],"o":[[-2.678,3.519],[-3.443,1.071],[-0.996,-0.077],[-9.181,-1.453],[-1.99,0.153],[-3.061,-1.225],[0.228,-2.141],[9.028,-3.366],[0,0],[0.154,-0.152],[1.53,-1.761],[2.295,-4.974],[0.306,-5.05],[0,0],[-2.755,9.87],[0,5.05],[0.231,1.073],[1.53,5.278],[0.459,3.596]],"v":[[45.253,29.799],[36.99,35.23],[28.499,36.225],[26.662,35.995],[-29.339,37.067],[-41.121,35.843],[-48.771,28.497],[-39.592,22.76],[-21.077,16.486],[6.847,6.541],[8.454,4.935],[11.897,-0.573],[14.804,-15.493],[12.432,-37.526],[45.406,-37.526],[42.192,-13.504],[43.263,0.496],[44.105,3.71],[47.701,14.728]],"c":true},"ix":2},"nm":"Path 1","mn":"ADBE Vector Shape - Group","hd":false},{"ty":"fl","c":{"a":0,"k":[0.993000464346,0.78289753035,0.521676097197,1],"ix":4},"o":{"a":0,"k":100,"ix":5},"r":1,"bm":0,"nm":"Fill 1","mn":"ADBE Vector Graphic - Fill","hd":false},{"ty":"tr","p":{"a":0,"k":[703.979,1128.986],"ix":2},"a":{"a":0,"k":[0,0],"ix":1},"s":{"a":0,"k":[100,100],"ix":3},"r":{"a":0,"k":0,"ix":6},"o":{"a":0,"k":100,"ix":7},"sk":{"a":0,"k":0,"ix":4},"sa":{"a":0,"k":0,"ix":5},"nm":"Transform"}],"nm":"Group 2","np":2,"cix":2,"bm":0,"ix":2,"mn":"ADBE Vector Group","hd":false}],"ip":0,"op":90,"st":0,"bm":0},{"ddd":0,"ind":9,"ty":4,"nm":"Coat/gardening Outlines","sr":1,"ks":{"o":{"a":0,"k":100,"ix":11},"r":{"a":0,"k":0,"ix":10},"p":{"a":0,"k":[846,1104,0],"ix":2},"a":{"a":0,"k":[946,1104,0],"ix":1},"s":{"a":0,"k":[100,100,100],"ix":6}},"ao":0,"shapes":[{"ty":"gr","it":[{"ind":0,"ty":"sh","ix":1,"ks":{"a":0,"k":{"i":[[19.35,167.843],[0,0],[0.611,27.312],[5.946,2.559],[-0.686,6.077],[-6.618,13.044],[4.82,1.99],[5.356,1.224],[2.496,-14.67],[13.942,-7.123],[25.942,1.453],[3.902,2.371],[-5.508,53.936],[-4.82,20.579],[1.913,-1.147],[6.809,-7.879],[1.529,-10.098],[-2.524,-28.613],[-2.066,-21.039],[6.339,-55.492],[5.049,-140.643],[-17.95,-0.421],[-9.747,3.784],[-12.093,110.409],[-6.905,-47.096],[-18.603,0.394],[-9.486,2.856]],"o":[[-4.947,-42.913],[3.749,-30.984],[-22.353,9.143],[-41.524,-17.875],[3.146,-27.92],[-4.361,-3.52],[-5.585,-2.218],[-9.52,23.464],[-5.525,32.493],[-1.007,0.514],[-9.563,-0.536],[-2.831,-1.684],[1.225,-12.701],[-1.836,0.918],[-1.988,1.224],[-13.542,15.607],[-6.35,43.685],[3.672,41.007],[-7.657,53.307],[-17.597,154.036],[9.162,3.561],[20.9,0.49],[5.278,-40.618],[13.776,104.341],[10.416,3.132],[15.698,-0.332],[-1.18,-150.677]],"v":[[115.395,-43.832],[98.976,-170.356],[103.513,-258.19],[61.841,-255.496],[29.99,-367.066],[48.888,-429.638],[35.041,-437.901],[18.591,-443.103],[1.912,-384.916],[-15.301,-322.464],[-41.696,-319.939],[-59.904,-323.075],[-67.555,-386.192],[-59.137,-436.752],[-64.723,-433.617],[-81.629,-419.307],[-98.613,-374.246],[-99.456,-266.3],[-90.513,-171.351],[-111.57,-8.129],[-144.722,434.325],[-103.283,442.613],[-56.104,434.325],[-1.463,-22.043],[62.16,434.645],[106.469,440.7],[144.722,434.645]],"c":true},"ix":2},"nm":"Path 1","mn":"ADBE Vector Shape - Group","hd":false},{"ty":"fl","c":{"a":0,"k":[0.155752398921,0.130589862898,0.134027099609,1],"ix":4},"o":{"a":0,"k":100,"ix":5},"r":1,"bm":0,"nm":"Fill 1","mn":"ADBE Vector Graphic - Fill","hd":false},{"ty":"tr","p":{"a":0,"k":[832.773,661.631],"ix":2},"a":{"a":0,"k":[0,0],"ix":1},"s":{"a":0,"k":[100,100],"ix":3},"r":{"a":0,"k":0,"ix":6},"o":{"a":0,"k":100,"ix":7},"sk":{"a":0,"k":0,"ix":4},"sa":{"a":0,"k":0,"ix":5},"nm":"Transform"}],"nm":"Group 1","np":2,"cix":2,"bm":0,"ix":1,"mn":"ADBE Vector Group","hd":false}],"ip":0,"op":90,"st":0,"bm":0},{"ddd":0,"ind":10,"ty":4,"nm":"Shirt/gardening Outlines","sr":1,"ks":{"o":{"a":0,"k":100,"ix":11},"r":{"a":0,"k":0,"ix":10},"p":{"a":0,"k":[700,600,0],"ix":2},"a":{"a":0,"k":[800,600,0],"ix":1},"s":{"a":0,"k":[100,100,100],"ix":6}},"ao":0,"shapes":[{"ty":"gr","it":[{"ind":0,"ty":"sh","ix":1,"ks":{"a":0,"k":{"i":[[3.749,-30.984],[38.939,-0.383],[21.268,7.879],[3.673,41.006],[-0.306,22.875],[-2.525,17.061],[-13.542,15.608],[-1.529,1.453],[-1.53,0.918],[-1.836,0.917],[-5.203,0.994],[-30.984,-7.497],[-5.584,-2.218],[-4.361,-3.52],[-1.989,-83.238]],"o":[[-20.427,7.345],[-43.15,0.459],[-2.066,-21.039],[-1.53,-17.443],[0.153,-14.689],[1.529,-10.098],[1.453,-1.683],[5.586,-5.203],[1.913,-1.147],[8.262,-4.285],[0,0],[5.356,1.224],[4.821,1.99],[31.597,25.017],[0.611,27.312]],"v":[[98.248,131.781],[7.538,148.004],[-91.241,130.786],[-100.184,35.837],[-103.089,-24.516],[-99.341,-72.108],[-82.357,-117.17],[-77.843,-121.907],[-65.451,-131.48],[-59.865,-134.615],[-38.909,-141.895],[17.863,-140.966],[34.312,-135.764],[48.16,-127.501],[102.785,43.947]],"c":true},"ix":2},"nm":"Path 1","mn":"ADBE Vector Shape - Group","hd":false},{"ty":"fl","c":{"a":0,"k":[0.914092479033,0.704665000766,0.045043586282,1],"ix":4},"o":{"a":0,"k":100,"ix":5},"r":1,"bm":0,"nm":"Fill 1","mn":"ADBE Vector Graphic - Fill","hd":false},{"ty":"tr","p":{"a":0,"k":[833.501,359.493],"ix":2},"a":{"a":0,"k":[0,0],"ix":1},"s":{"a":0,"k":[100,100],"ix":3},"r":{"a":0,"k":0,"ix":6},"o":{"a":0,"k":100,"ix":7},"sk":{"a":0,"k":0,"ix":4},"sa":{"a":0,"k":0,"ix":5},"nm":"Transform"}],"nm":"Group 1","np":2,"cix":2,"bm":0,"ix":1,"mn":"ADBE Vector Group","hd":false}],"ip":0,"op":90,"st":0,"bm":0},{"ddd":0,"ind":11,"ty":4,"nm":"Right Arm/gardening Outlines","sr":1,"ks":{"o":{"a":0,"k":100,"ix":11},"r":{"a":0,"k":0,"ix":10},"p":{"a":1,"k":[{"i":{"x":0.667,"y":1},"o":{"x":0.333,"y":0},"t":0,"s":[700,600,0],"to":[3.667,3.667,0],"ti":[0,0,0]},{"i":{"x":0.667,"y":1},"o":{"x":0.333,"y":0},"t":14,"s":[722,622,0],"to":[0,0,0],"ti":[0,0,0]},{"i":{"x":0.667,"y":1},"o":{"x":0.333,"y":0},"t":29,"s":[700,600,0],"to":[0,0,0],"ti":[0,0,0]},{"i":{"x":0.667,"y":1},"o":{"x":0.333,"y":0},"t":43,"s":[722,622,0],"to":[0,0,0],"ti":[0,0,0]},{"i":{"x":0.667,"y":1},"o":{"x":0.333,"y":0},"t":59,"s":[700,600,0],"to":[0,0,0],"ti":[0,0,0]},{"i":{"x":0.667,"y":1},"o":{"x":0.333,"y":0},"t":73,"s":[722,622,0],"to":[0,0,0],"ti":[3.667,3.667,0]},{"t":89,"s":[700,600,0]}],"ix":2},"a":{"a":0,"k":[800,600,0],"ix":1},"s":{"a":0,"k":[100,100,100],"ix":6}},"ao":0,"shapes":[{"ty":"gr","it":[{"ind":0,"ty":"sh","ix":1,"ks":{"a":0,"k":{"i":[[-10.215,-0.239],[-0.209,-0.664],[6.518,-8.262],[7.519,3.881],[-3.447,8.883]],"o":[[10.451,0.245],[0.973,3.091],[-5.383,6.824],[-9.62,-4.965],[0.548,-1.414]],"v":[[0.656,-24.06],[16.25,-8.162],[13.227,13.312],[-10.125,20.418],[-15.781,-8.807]],"c":true},"ix":2},"nm":"Path 1","mn":"ADBE Vector Shape - Group","hd":false},{"ty":"fl","c":{"a":0,"k":[0.993000464346,0.78289753035,0.521676097197,1],"ix":4},"o":{"a":0,"k":100,"ix":5},"r":1,"bm":0,"nm":"Fill 1","mn":"ADBE Vector Graphic - Fill","hd":false},{"ty":"tr","p":{"a":0,"k":[561.837,496.07],"ix":2},"a":{"a":0,"k":[0,0],"ix":1},"s":{"a":0,"k":[100,100],"ix":3},"r":{"a":0,"k":0,"ix":6},"o":{"a":0,"k":100,"ix":7},"sk":{"a":0,"k":0,"ix":4},"sa":{"a":0,"k":0,"ix":5},"nm":"Transform"}],"nm":"Group 1","np":2,"cix":2,"bm":0,"ix":1,"mn":"ADBE Vector Group","hd":false},{"ty":"gr","it":[{"ind":0,"ty":"sh","ix":1,"ks":{"a":1,"k":[{"i":{"x":0.667,"y":1},"o":{"x":0.333,"y":0},"t":0,"s":[{"i":[[-29.607,15.684],[1.454,-1.682],[1.53,-10.099],[0.154,-14.689],[16.908,-11.782],[15.99,-17.443],[21.729,-29.607],[5.507,4.666],[1.301,2.677],[-36.186,40.624]],"o":[[-1.529,1.454],[-13.541,15.608],[-2.524,17.06],[-14.535,3.596],[-8.263,5.737],[-14.919,16.296],[-2.983,-0.689],[-4.821,-3.979],[12.548,-28.766],[41.467,-46.439]],"v":[[92.458,-108.824],[87.943,-104.087],[70.958,-59.025],[67.211,-11.433],[18.477,10.295],[-13.12,39.978],[-69.505,108.824],[-83.732,101.719],[-92.458,90.635],[-22.301,-19.007]],"c":true}]},{"i":{"x":0.667,"y":1},"o":{"x":0.333,"y":0},"t":14,"s":[{"i":[[-29.607,15.684],[1.454,-1.682],[1.53,-10.099],[0.154,-14.689],[16.908,-11.782],[15.99,-17.443],[21.729,-29.607],[5.507,4.666],[1.301,2.677],[-36.186,40.624]],"o":[[-1.529,1.454],[-13.541,15.608],[-2.524,17.06],[-14.535,3.596],[-8.263,5.737],[-14.919,16.296],[-2.983,-0.689],[-4.821,-3.979],[12.548,-28.766],[41.467,-46.439]],"v":[[77.458,-132.824],[77.943,-88.087],[70.958,-59.025],[65.211,-34.433],[18.477,10.295],[-13.12,39.978],[-69.505,108.824],[-83.732,101.719],[-92.458,90.635],[-18.301,-26.007]],"c":true}]},{"i":{"x":0.667,"y":1},"o":{"x":0.333,"y":0},"t":29,"s":[{"i":[[-29.607,15.684],[1.454,-1.682],[1.53,-10.099],[0.154,-14.689],[16.908,-11.782],[15.99,-17.443],[21.729,-29.607],[5.507,4.666],[1.301,2.677],[-36.186,40.624]],"o":[[-1.529,1.454],[-13.541,15.608],[-2.524,17.06],[-14.535,3.596],[-8.263,5.737],[-14.919,16.296],[-2.983,-0.689],[-4.821,-3.979],[12.548,-28.766],[41.467,-46.439]],"v":[[92.458,-108.824],[87.943,-104.087],[70.958,-59.025],[67.211,-11.433],[18.477,10.295],[-13.12,39.978],[-69.505,108.824],[-83.732,101.719],[-92.458,90.635],[-22.301,-19.007]],"c":true}]},{"i":{"x":0.667,"y":1},"o":{"x":0.333,"y":0},"t":43,"s":[{"i":[[-29.607,15.684],[1.454,-1.682],[1.53,-10.099],[0.154,-14.689],[16.908,-11.782],[15.99,-17.443],[21.729,-29.607],[5.507,4.666],[1.301,2.677],[-36.186,40.624]],"o":[[-1.529,1.454],[-13.541,15.608],[-2.524,17.06],[-14.535,3.596],[-8.263,5.737],[-14.919,16.296],[-2.983,-0.689],[-4.821,-3.979],[12.548,-28.766],[41.467,-46.439]],"v":[[77.458,-132.824],[77.943,-88.087],[70.958,-59.025],[65.211,-34.433],[18.477,10.295],[-13.12,39.978],[-69.505,108.824],[-83.732,101.719],[-92.458,90.635],[-18.301,-26.007]],"c":true}]},{"i":{"x":0.667,"y":1},"o":{"x":0.333,"y":0},"t":59,"s":[{"i":[[-29.607,15.684],[1.454,-1.682],[1.53,-10.099],[0.154,-14.689],[16.908,-11.782],[15.99,-17.443],[21.729,-29.607],[5.507,4.666],[1.301,2.677],[-36.186,40.624]],"o":[[-1.529,1.454],[-13.541,15.608],[-2.524,17.06],[-14.535,3.596],[-8.263,5.737],[-14.919,16.296],[-2.983,-0.689],[-4.821,-3.979],[12.548,-28.766],[41.467,-46.439]],"v":[[92.458,-108.824],[87.943,-104.087],[70.958,-59.025],[67.211,-11.433],[18.477,10.295],[-13.12,39.978],[-69.505,108.824],[-83.732,101.719],[-92.458,90.635],[-22.301,-19.007]],"c":true}]},{"i":{"x":0.667,"y":1},"o":{"x":0.333,"y":0},"t":73,"s":[{"i":[[-29.607,15.684],[1.454,-1.682],[1.53,-10.099],[0.154,-14.689],[16.908,-11.782],[15.99,-17.443],[21.729,-29.607],[5.507,4.666],[1.301,2.677],[-36.186,40.624]],"o":[[-1.529,1.454],[-13.541,15.608],[-2.524,17.06],[-14.535,3.596],[-8.263,5.737],[-14.919,16.296],[-2.983,-0.689],[-4.821,-3.979],[12.548,-28.766],[41.467,-46.439]],"v":[[77.458,-132.824],[77.943,-88.087],[70.958,-59.025],[65.211,-34.433],[18.477,10.295],[-13.12,39.978],[-69.505,108.824],[-83.732,101.719],[-92.458,90.635],[-18.301,-26.007]],"c":true}]},{"t":89,"s":[{"i":[[-29.607,15.684],[1.454,-1.682],[1.53,-10.099],[0.154,-14.689],[16.908,-11.782],[15.99,-17.443],[21.729,-29.607],[5.507,4.666],[1.301,2.677],[-36.186,40.624]],"o":[[-1.529,1.454],[-13.541,15.608],[-2.524,17.06],[-14.535,3.596],[-8.263,5.737],[-14.919,16.296],[-2.983,-0.689],[-4.821,-3.979],[12.548,-28.766],[41.467,-46.439]],"v":[[92.458,-108.824],[87.943,-104.087],[70.958,-59.025],[67.211,-11.433],[18.477,10.295],[-13.12,39.978],[-69.505,108.824],[-83.732,101.719],[-92.458,90.635],[-22.301,-19.007]],"c":true}]}],"ix":2},"nm":"Path 1","mn":"ADBE Vector Shape - Group","hd":false},{"ty":"fl","c":{"a":0,"k":[0.851414040958,0.601980112113,0.044779459635,1],"ix":4},"o":{"a":0,"k":100,"ix":5},"r":1,"bm":0,"nm":"Fill 1","mn":"ADBE Vector Graphic - Fill","hd":false},{"ty":"tr","p":{"a":0,"k":[663.201,346.41],"ix":2},"a":{"a":0,"k":[0,0],"ix":1},"s":{"a":0,"k":[100,100],"ix":3},"r":{"a":0,"k":0,"ix":6},"o":{"a":0,"k":100,"ix":7},"sk":{"a":0,"k":0,"ix":4},"sa":{"a":0,"k":0,"ix":5},"nm":"Transform"}],"nm":"Group 2","np":2,"cix":2,"bm":0,"ix":2,"mn":"ADBE Vector Group","hd":false},{"ty":"gr","it":[{"ind":0,"ty":"sh","ix":1,"ks":{"a":0,"k":{"i":[[7.651,6.056],[5.182,-14.358],[1.179,-5.702],[-4.589,-3.582],[-4.547,6.814],[-6.716,6.622]],"o":[[-6.056,8.344],[-2.403,6.661],[4.59,3.581],[2.914,-5.987],[7.165,-10.735],[-7.651,-6.057]],"v":[[0.19,-31.723],[-17.883,2.331],[-23.143,20.979],[-9.374,31.723],[1.722,12.372],[23.142,-13.534]],"c":true},"ix":2},"nm":"Path 1","mn":"ADBE Vector Shape - Group","hd":false},{"ty":"fl","c":{"a":0,"k":[0.993000464346,0.78289753035,0.521676097197,1],"ix":4},"o":{"a":0,"k":100,"ix":5},"r":1,"bm":0,"nm":"Fill 1","mn":"ADBE Vector Graphic - Fill","hd":false},{"ty":"tr","p":{"a":0,"k":[570.553,468.769],"ix":2},"a":{"a":0,"k":[0,0],"ix":1},"s":{"a":0,"k":[100,100],"ix":3},"r":{"a":0,"k":0,"ix":6},"o":{"a":0,"k":100,"ix":7},"sk":{"a":0,"k":0,"ix":4},"sa":{"a":0,"k":0,"ix":5},"nm":"Transform"}],"nm":"Group 3","np":2,"cix":2,"bm":0,"ix":3,"mn":"ADBE Vector Group","hd":false}],"ip":0,"op":90,"st":0,"bm":0},{"ddd":0,"ind":12,"ty":4,"nm":"Tree 1/gardening Outlines","sr":1,"ks":{"o":{"a":0,"k":100,"ix":11},"r":{"a":1,"k":[{"i":{"x":[0.833],"y":[0.833]},"o":{"x":[0.167],"y":[0.167]},"t":0,"s":[0]},{"i":{"x":[0.833],"y":[0.833]},"o":{"x":[0.167],"y":[0.167]},"t":32,"s":[1]},{"i":{"x":[0.833],"y":[0.833]},"o":{"x":[0.167],"y":[0.167]},"t":63,"s":[-1]},{"t":89,"s":[0]}],"ix":10},"p":{"a":0,"k":[1364,1156,0],"ix":2},"a":{"a":0,"k":[1364,1156,0],"ix":1},"s":{"a":0,"k":[100,100,100],"ix":6}},"ao":0,"shapes":[{"ty":"gr","it":[{"ind":0,"ty":"sh","ix":1,"ks":{"a":0,"k":{"i":[[0.41,0],[0.465,0.865],[0,0],[-1.25,0.67],[-0.674,-1.254],[0,0],[1.25,-0.67]],"o":[[-0.91,0],[0,0],[-0.665,-1.245],[1.225,-0.66],[0,0],[0.666,1.245],[-0.38,0.205]],"v":[[27.866,54.865],[25.605,53.51],[-30.127,-50.739],[-29.072,-54.204],[-25.607,-53.15],[30.126,51.099],[29.071,54.564]],"c":true},"ix":2},"nm":"Path 1","mn":"ADBE Vector Shape - Group","hd":false},{"ty":"fl","c":{"a":0,"k":[0.105344847137,0.264580072141,0.152917390711,1],"ix":4},"o":{"a":0,"k":100,"ix":5},"r":1,"bm":0,"nm":"Fill 1","mn":"ADBE Vector Graphic - Fill","hd":false},{"ty":"tr","p":{"a":0,"k":[1356.422,726.995],"ix":2},"a":{"a":0,"k":[0,0],"ix":1},"s":{"a":0,"k":[100,100],"ix":3},"r":{"a":0,"k":0,"ix":6},"o":{"a":0,"k":100,"ix":7},"sk":{"a":0,"k":0,"ix":4},"sa":{"a":0,"k":0,"ix":5},"nm":"Transform"}],"nm":"Group 1","np":2,"cix":2,"bm":0,"ix":1,"mn":"ADBE Vector Group","hd":false},{"ty":"gr","it":[{"ind":0,"ty":"sh","ix":1,"ks":{"a":0,"k":{"i":[[0.716,0],[0.486,0.425],[-0.93,1.065],[0,0],[-1.064,-0.934],[0.931,-1.067],[0,0]],"o":[[-0.601,0],[-1.07,-0.931],[0,0],[0.925,-1.075],[1.071,0.931],[0,0],[-0.505,0.585]],"v":[[-32.843,40.388],[-34.523,39.758],[-34.773,36.148],[30.912,-39.205],[34.522,-39.455],[34.772,-35.842],[-30.911,39.508]],"c":true},"ix":2},"nm":"Path 1","mn":"ADBE Vector Shape - Group","hd":false},{"ty":"fl","c":{"a":0,"k":[0.105344847137,0.264580072141,0.152917390711,1],"ix":4},"o":{"a":0,"k":100,"ix":5},"r":1,"bm":0,"nm":"Fill 1","mn":"ADBE Vector Graphic - Fill","hd":false},{"ty":"tr","p":{"a":0,"k":[1403.827,846.369],"ix":2},"a":{"a":0,"k":[0,0],"ix":1},"s":{"a":0,"k":[100,100],"ix":3},"r":{"a":0,"k":0,"ix":6},"o":{"a":0,"k":100,"ix":7},"sk":{"a":0,"k":0,"ix":4},"sa":{"a":0,"k":0,"ix":5},"nm":"Transform"}],"nm":"Group 2","np":2,"cix":2,"bm":0,"ix":2,"mn":"ADBE Vector Group","hd":false},{"ty":"gr","it":[{"ind":0,"ty":"sh","ix":1,"ks":{"a":0,"k":{"i":[[0.806,0],[0.446,0.315],[-0.815,1.155],[0,0],[-1.146,-0.81],[0.814,-1.155],[0,0]],"o":[[-0.51,0],[-1.16,-0.81],[0,0],[0.816,-1.155],[1.159,0.81],[0,0],[-0.5,0.71]],"v":[[-29.854,45.26],[-31.325,44.795],[-31.95,41.229],[27.758,-43.825],[31.325,-44.45],[31.95,-40.884],[-27.759,44.17]],"c":true},"ix":2},"nm":"Path 1","mn":"ADBE Vector Shape - Group","hd":false},{"ty":"fl","c":{"a":0,"k":[0.105344847137,0.264580072141,0.152917390711,1],"ix":4},"o":{"a":0,"k":100,"ix":5},"r":1,"bm":0,"nm":"Fill 1","mn":"ADBE Vector Graphic - Fill","hd":false},{"ty":"tr","p":{"a":0,"k":[1410.301,604.73],"ix":2},"a":{"a":0,"k":[0,0],"ix":1},"s":{"a":0,"k":[100,100],"ix":3},"r":{"a":0,"k":0,"ix":6},"o":{"a":0,"k":100,"ix":7},"sk":{"a":0,"k":0,"ix":4},"sa":{"a":0,"k":0,"ix":5},"nm":"Transform"}],"nm":"Group 3","np":2,"cix":2,"bm":0,"ix":3,"mn":"ADBE Vector Group","hd":false},{"ty":"gr","it":[{"ind":0,"ty":"sh","ix":1,"ks":{"a":0,"k":{"i":[[0.301,0],[0.385,1.025],[0,0],[-1.319,0.495],[-0.496,-1.319],[0,0],[1.321,-0.496]],"o":[[-1.035,0],[0,0],[-0.501,-1.324],[1.342,-0.51],[0,0],[0.5,1.326],[-0.299,0.115]],"v":[[18.469,52.064],[16.073,50.404],[-20.864,-48.258],[-19.37,-51.554],[-16.073,-50.059],[20.865,48.603],[19.369,51.9]],"c":true},"ix":2},"nm":"Path 1","mn":"ADBE Vector Shape - Group","hd":false},{"ty":"fl","c":{"a":0,"k":[0.105344847137,0.264580072141,0.152917390711,1],"ix":4},"o":{"a":0,"k":100,"ix":5},"r":1,"bm":0,"nm":"Fill 1","mn":"ADBE Vector Graphic - Fill","hd":false},{"ty":"tr","p":{"a":0,"k":[1367.949,443.227],"ix":2},"a":{"a":0,"k":[0,0],"ix":1},"s":{"a":0,"k":[100,100],"ix":3},"r":{"a":0,"k":0,"ix":6},"o":{"a":0,"k":100,"ix":7},"sk":{"a":0,"k":0,"ix":4},"sa":{"a":0,"k":0,"ix":5},"nm":"Transform"}],"nm":"Group 4","np":2,"cix":2,"bm":0,"ix":4,"mn":"ADBE Vector Group","hd":false},{"ty":"gr","it":[{"ind":0,"ty":"sh","ix":1,"ks":{"a":0,"k":{"i":[[1.666,-0.155],[0.13,1.32],[-4.956,67.16],[-4.396,26.155],[0.109,53.122],[2.44,20.039],[-3.121,43.3],[-2.917,19.825],[-2.485,38.339],[1.405,37.174],[-1.416,0.054],[-0.055,-1.41],[2.44,-37.593],[3.486,-23.699],[1.81,-25.136],[-2.967,-24.38],[-0.085,-39.408],[5.726,-34.038],[3.355,-45.49],[-6.987,-69.912]],"o":[[-1.296,0],[-7.022,-70.206],[3.376,-45.72],[5.686,-33.808],[-0.086,-39.104],[-2.996,-24.641],[1.83,-25.321],[3.469,-23.6],[2.43,-37.423],[-0.05,-1.41],[1.516,0.085],[1.405,37.344],[-2.5,38.543],[-2.9,19.73],[-3.091,42.8],[2.455,20.18],[0.115,53.557],[-4.382,26.046],[-4.937,66.86],[0.144,1.405]],"v":[[-12.18,431.658],[-14.72,429.353],[-17.831,222.342],[-5.073,120.824],[5.415,4.699],[0.128,-77.159],[-2.333,-166.379],[5.17,-230.254],[14.716,-316.588],[16.261,-429.003],[18.727,-431.658],[21.383,-429.193],[19.827,-316.258],[10.234,-229.509],[2.779,-166.009],[5.214,-77.775],[10.535,4.688],[-0.022,121.675],[-12.72,222.722],[-9.63,428.843]],"c":true},"ix":2},"nm":"Path 1","mn":"ADBE Vector Shape - Group","hd":false},{"ty":"fl","c":{"a":0,"k":[0.105344847137,0.264580072141,0.152917390711,1],"ix":4},"o":{"a":0,"k":100,"ix":5},"r":1,"bm":0,"nm":"Fill 1","mn":"ADBE Vector Graphic - Fill","hd":false},{"ty":"tr","p":{"a":0,"k":[1377.739,730.446],"ix":2},"a":{"a":0,"k":[0,0],"ix":1},"s":{"a":0,"k":[100,100],"ix":3},"r":{"a":0,"k":0,"ix":6},"o":{"a":0,"k":100,"ix":7},"sk":{"a":0,"k":0,"ix":4},"sa":{"a":0,"k":0,"ix":5},"nm":"Transform"}],"nm":"Group 5","np":2,"cix":2,"bm":0,"ix":5,"mn":"ADBE Vector Group","hd":false},{"ty":"gr","it":[{"ind":0,"ty":"sh","ix":1,"ks":{"a":0,"k":{"i":[[-31.953,32.799],[-7.039,16.939],[-7.643,20.104],[-17.253,-2.452],[-6.054,-14],[-11.701,-22.677],[-15.427,-18.77],[1.44,-38.363],[-12.692,-58.123],[-8.286,-40.995],[6.572,-38.22],[22.041,-66.68],[15.041,-37.269],[30.188,-3.884],[4.423,7.612],[-0.129,15.196],[3.183,33.232],[13.113,35.42],[-26.173,55.037],[-3.317,27.637],[6.425,37.467]],"o":[[9.36,-9.61],[8.427,-20.278],[7.161,-18.836],[16.515,2.347],[13.044,30.169],[12.266,23.772],[23.246,28.285],[-3.335,88.854],[6.038,27.656],[5.629,27.85],[-8.558,49.783],[-13.835,41.852],[-12.583,31.18],[-32.733,4.213],[-20.618,-35.486],[0.357,-41.477],[-2.987,-31.181],[-16.033,-43.308],[13.814,-29.05],[3.456,-28.783],[-8.037,-46.869]],"v":[[-62.274,-314.487],[-35.924,-346.412],[-26.624,-397.114],[15.225,-434.672],[47.775,-395.237],[64.825,-329.51],[106.674,-290.075],[126.824,-179.279],[103.575,-14.026],[123.724,53.578],[129.924,154.985],[77.225,269.535],[55.525,354.04],[-4.924,432.911],[-68.474,384.086],[-88.624,293.949],[-79.323,211.321],[-107.223,139.962],[-110.323,-34.682],[-77.774,-94.775],[-96.374,-168.012]],"c":true},"ix":2},"nm":"Path 1","mn":"ADBE Vector Shape - Group","hd":false},{"ty":"fl","c":{"a":0,"k":[0.136536886178,0.395479718377,0.226105678783,1],"ix":4},"o":{"a":0,"k":100,"ix":5},"r":1,"bm":0,"nm":"Fill 1","mn":"ADBE Vector Graphic - Fill","hd":false},{"ty":"tr","p":{"a":0,"k":[1376.686,600.813],"ix":2},"a":{"a":0,"k":[0,0],"ix":1},"s":{"a":0,"k":[100,100],"ix":3},"r":{"a":0,"k":0,"ix":6},"o":{"a":0,"k":100,"ix":7},"sk":{"a":0,"k":0,"ix":4},"sa":{"a":0,"k":0,"ix":5},"nm":"Transform"}],"nm":"Group 6","np":2,"cix":2,"bm":0,"ix":6,"mn":"ADBE Vector Group","hd":false}],"ip":-6,"op":90,"st":0,"bm":0},{"ddd":0,"ind":13,"ty":4,"nm":"Tree 2/gardening Outlines","sr":1,"ks":{"o":{"a":0,"k":100,"ix":11},"r":{"a":1,"k":[{"i":{"x":[0.667],"y":[1]},"o":{"x":[0.333],"y":[0]},"t":14,"s":[0]},{"i":{"x":[0.667],"y":[1]},"o":{"x":[0.333],"y":[0]},"t":28,"s":[-0.5]},{"i":{"x":[0.667],"y":[1]},"o":{"x":[0.333],"y":[0]},"t":46,"s":[0]},{"i":{"x":[0.667],"y":[1]},"o":{"x":[0.333],"y":[0]},"t":60,"s":[-0.5]},{"t":77,"s":[0]}],"ix":10},"p":{"a":1,"k":[{"i":{"x":0.667,"y":0.667},"o":{"x":0.333,"y":0.333},"t":14,"s":[332,1152,0],"to":[0,0,0],"ti":[0,0,0]},{"i":{"x":0.667,"y":0.667},"o":{"x":0.333,"y":0.333},"t":28,"s":[332,1152,0],"to":[0,0,0],"ti":[0,0,0]},{"i":{"x":0.667,"y":0.667},"o":{"x":0.333,"y":0.333},"t":46,"s":[332,1152,0],"to":[0,0,0],"ti":[0,0,0]},{"i":{"x":0.667,"y":0.667},"o":{"x":0.333,"y":0.333},"t":60,"s":[332,1152,0],"to":[0,0,0],"ti":[0,0,0]},{"t":77,"s":[332,1152,0]}],"ix":2},"a":{"a":0,"k":[276,1152,0],"ix":1},"s":{"a":0,"k":[100,100,100],"ix":6}},"ao":0,"shapes":[{"ty":"gr","it":[{"ind":0,"ty":"sh","ix":1,"ks":{"a":0,"k":{"i":[[0.708,0],[0.474,0.372],[-0.894,0.98],[-10.666,14.899],[-8.889,16.423],[-1.231,-0.59],[0.62,-1.149],[11.037,-15.422],[12.574,-13.748]],"o":[[-0.571,0],[-1.05,-0.83],[12.448,-13.603],[10.924,-15.268],[0.615,-1.154],[1.236,0.571],[-8.971,16.592],[-10.768,15.05],[-0.493,0.54]],"v":[[-32.531,48.083],[-34.152,47.529],[-34.436,44.253],[0.394,1.3],[30.247,-46.463],[33.601,-47.493],[34.71,-44.376],[4.554,3.872],[-30.626,47.266]],"c":true},"ix":2},"nm":"Path 1","mn":"ADBE Vector Shape - Group","hd":false},{"ty":"fl","c":{"a":0,"k":[0.105344847137,0.264580072141,0.152917390711,1],"ix":4},"o":{"a":0,"k":100,"ix":5},"r":1,"bm":0,"nm":"Fill 1","mn":"ADBE Vector Graphic - Fill","hd":false},{"ty":"tr","p":{"a":0,"k":[316.18,442.598],"ix":2},"a":{"a":0,"k":[0,0],"ix":1},"s":{"a":0,"k":[100,100],"ix":3},"r":{"a":0,"k":0,"ix":6},"o":{"a":0,"k":100,"ix":7},"sk":{"a":0,"k":0,"ix":4},"sa":{"a":0,"k":0,"ix":5},"nm":"Transform"}],"nm":"Group 1","np":2,"cix":2,"bm":0,"ix":1,"mn":"ADBE Vector Group","hd":false},{"ty":"gr","it":[{"ind":0,"ty":"sh","ix":1,"ks":{"a":0,"k":{"i":[[0.416,0],[0.459,0.762],[9.86,18.194],[14.303,31.932],[-1.275,0.494],[-0.533,-1.184],[-16.662,-30.754],[-10.632,-17.708],[1.206,-0.626]],"o":[[-0.875,0],[-10.67,-17.764],[-16.72,-30.853],[-0.527,-1.184],[1.284,-0.472],[14.255,31.833],[9.83,18.134],[0.673,1.116],[-0.382,0.2]],"v":[[38.773,76.76],[36.589,75.568],[5.652,21.376],[-41.102,-73.248],[-39.754,-76.288],[-36.482,-75.036],[10.116,19.289],[40.956,73.308],[39.989,76.466]],"c":true},"ix":2},"nm":"Path 1","mn":"ADBE Vector Shape - Group","hd":false},{"ty":"fl","c":{"a":0,"k":[0.105344847137,0.264580072141,0.152917390711,1],"ix":4},"o":{"a":0,"k":100,"ix":5},"r":1,"bm":0,"nm":"Fill 1","mn":"ADBE Vector Graphic - Fill","hd":false},{"ty":"tr","p":{"a":0,"k":[240.76,569.659],"ix":2},"a":{"a":0,"k":[0,0],"ix":1},"s":{"a":0,"k":[100,100],"ix":3},"r":{"a":0,"k":0,"ix":6},"o":{"a":0,"k":100,"ix":7},"sk":{"a":0,"k":0,"ix":4},"sa":{"a":0,"k":0,"ix":5},"nm":"Transform"}],"nm":"Group 2","np":2,"cix":2,"bm":0,"ix":2,"mn":"ADBE Vector Group","hd":false},{"ty":"gr","it":[{"ind":0,"ty":"sh","ix":1,"ks":{"a":0,"k":{"i":[[1.381,-4.646],[0.039,1.261],[-1.539,40.24],[0,9.161],[0.703,40.777],[0.942,11.161],[0,0],[-2.549,26.393],[-0.987,40.191],[-0.132,16.451],[-1.997,26.902],[-2.877,18.171],[-2.148,10.671],[-1.338,-0.232],[0.255,-1.261],[1.724,-10.902],[1.173,-15.798],[0.239,-30.499],[0.426,-17.246],[1.959,-20.249],[-2.763,-34.628],[0,0],[-0.372,-21.565],[0.045,-0.431],[0.561,-14.604],[-2.95,-100.585]],"o":[[-1.354,0],[-2.95,-100.735],[0.556,-14.56],[0.053,-0.644],[-0.371,-21.416],[0,0],[-2.788,-35.009],[1.953,-20.181],[0.425,-17.204],[0.239,-30.567],[1.187,-15.92],[1.738,-10.961],[0.255,-1.266],[1.358,0.236],[-2.134,10.617],[-2.861,18.054],[-1.988,26.761],[-0.132,16.471],[-0.991,40.346],[-2.53,26.171],[0,0],[0.953,11.22],[0.707,41.036],[0.01,9.03],[-1.534,40.187],[0.039,1.285]],"v":[[-10.802,383.786],[-13.337,380.365],[-12.423,177.992],[-11.427,142.479],[-7.858,57.86],[-10.46,9.921],[-10.905,4.586],[-9.298,-75.901],[-3.926,-161.401],[-3.238,-212.076],[-0.772,-298.422],[5.265,-349.089],[11.119,-381.698],[14.035,-383.555],[16.032,-380.846],[10.216,-348.414],[4.219,-298.106],[1.763,-212.044],[1.074,-161.3],[-4.317,-75.501],[-5.914,4.204],[-5.48,9.486],[-2.856,57.642],[-6.437,142.402],[-7.427,177.574],[-8.336,380.237]],"c":true},"ix":2},"nm":"Path 1","mn":"ADBE Vector Shape - Group","hd":false},{"ty":"fl","c":{"a":0,"k":[0.105344847137,0.264580072141,0.152917390711,1],"ix":4},"o":{"a":0,"k":100,"ix":5},"r":1,"bm":0,"nm":"Fill 1","mn":"ADBE Vector Graphic - Fill","hd":false},{"ty":"tr","p":{"a":0,"k":[282.575,769.929],"ix":2},"a":{"a":0,"k":[0,0],"ix":1},"s":{"a":0,"k":[100,100],"ix":3},"r":{"a":0,"k":0,"ix":6},"o":{"a":0,"k":100,"ix":7},"sk":{"a":0,"k":0,"ix":4},"sa":{"a":0,"k":0,"ix":5},"nm":"Transform"}],"nm":"Group 3","np":2,"cix":2,"bm":0,"ix":3,"mn":"ADBE Vector Group","hd":false},{"ty":"gr","it":[{"ind":0,"ty":"sh","ix":1,"ks":{"a":0,"k":{"i":[[0.655,0],[0.489,0.434],[-0.957,0.925],[-14.753,17.609],[-18.894,33.04],[-1.21,-0.608],[0.649,-1.135],[24.824,-29.628],[16.78,-16.234]],"o":[[-0.625,0],[-0.995,-0.891],[16.657,-16.116],[24.643,-29.424],[0.645,-1.129],[1.222,0.599],[-19.027,33.276],[-14.854,17.74],[-0.488,0.472]],"v":[[-56.725,75.231],[-58.459,74.583],[-58.527,71.297],[-11.191,20.471],[54.419,-73.662],[57.798,-74.623],[58.835,-71.484],[-7.246,23.322],[-54.923,74.518]],"c":true},"ix":2},"nm":"Path 1","mn":"ADBE Vector Shape - Group","hd":false},{"ty":"fl","c":{"a":0,"k":[0.105344847137,0.264580072141,0.152917390711,1],"ix":4},"o":{"a":0,"k":100,"ix":5},"r":1,"bm":0,"nm":"Fill 1","mn":"ADBE Vector Graphic - Fill","hd":false},{"ty":"tr","p":{"a":0,"k":[329.537,668.757],"ix":2},"a":{"a":0,"k":[0,0],"ix":1},"s":{"a":0,"k":[100,100],"ix":3},"r":{"a":0,"k":0,"ix":6},"o":{"a":0,"k":100,"ix":7},"sk":{"a":0,"k":0,"ix":4},"sa":{"a":0,"k":0,"ix":5},"nm":"Transform"}],"nm":"Group 4","np":2,"cix":2,"bm":0,"ix":4,"mn":"ADBE Vector Group","hd":false},{"ty":"gr","it":[{"ind":0,"ty":"sh","ix":1,"ks":{"a":0,"k":{"i":[[0.615,0],[0.494,0.486],[10.402,11.592],[20.061,30.095],[-1.171,0.675],[-0.732,-1.089],[-24.164,-26.941],[-10.954,-10.821],[1.007,-0.881]],"o":[[-0.664,0],[-11.022,-10.889],[-24.316,-27.11],[-0.728,-1.094],[1.172,-0.676],[19.945,29.918],[10.343,11.525],[0.947,0.935],[-0.484,0.422]],"v":[[49.475,62.353],[47.653,61.622],[15.364,27.739],[-51.516,-58.477],[-50.711,-61.677],[-47.268,-60.927],[19.202,24.762],[51.297,58.437],[51.189,61.722]],"c":true},"ix":2},"nm":"Path 1","mn":"ADBE Vector Shape - Group","hd":false},{"ty":"fl","c":{"a":0,"k":[0.105344847137,0.264580072141,0.152917390711,1],"ix":4},"o":{"a":0,"k":100,"ix":5},"r":1,"bm":0,"nm":"Fill 1","mn":"ADBE Vector Graphic - Fill","hd":false},{"ty":"tr","p":{"a":0,"k":[227.191,753.455],"ix":2},"a":{"a":0,"k":[0,0],"ix":1},"s":{"a":0,"k":[100,100],"ix":3},"r":{"a":0,"k":0,"ix":6},"o":{"a":0,"k":100,"ix":7},"sk":{"a":0,"k":0,"ix":4},"sa":{"a":0,"k":0,"ix":5},"nm":"Transform"}],"nm":"Group 5","np":2,"cix":2,"bm":0,"ix":5,"mn":"ADBE Vector Group","hd":false},{"ty":"gr","it":[{"ind":0,"ty":"sh","ix":1,"ks":{"a":0,"k":{"i":[[9.711,52.079],[98.964,-2.59],[18.855,-90.345],[-139.327,14.737],[-38.115,-18.478],[-52.394,8.829]],"o":[[-16.942,-90.864],[-95.535,2.501],[-24.144,115.687],[37.978,-4.017],[25.708,12.463],[95.583,-16.105]],"v":[[165.933,-106.266],[12.042,-319.301],[-163.138,-74.263],[-81.617,277.105],[28.347,271.327],[125.362,313.062]],"c":true},"ix":2},"nm":"Path 1","mn":"ADBE Vector Shape - Group","hd":false},{"ty":"fl","c":{"a":0,"k":[0.136536886178,0.395479718377,0.226105678783,1],"ix":4},"o":{"a":0,"k":100,"ix":5},"r":1,"bm":0,"nm":"Fill 1","mn":"ADBE Vector Graphic - Fill","hd":false},{"ty":"tr","p":{"a":0,"k":[280.814,604.431],"ix":2},"a":{"a":0,"k":[0,0],"ix":1},"s":{"a":0,"k":[100,100],"ix":3},"r":{"a":0,"k":0,"ix":6},"o":{"a":0,"k":100,"ix":7},"sk":{"a":0,"k":0,"ix":4},"sa":{"a":0,"k":0,"ix":5},"nm":"Transform"}],"nm":"Group 6","np":2,"cix":2,"bm":0,"ix":6,"mn":"ADBE Vector Group","hd":false}],"ip":0,"op":90,"st":0,"bm":0},{"ddd":0,"ind":14,"ty":4,"nm":"Tree 3/gardening Outlines","sr":1,"ks":{"o":{"a":0,"k":100,"ix":11},"r":{"a":1,"k":[{"i":{"x":[0.833],"y":[0.833]},"o":{"x":[0.167],"y":[0.167]},"t":0,"s":[0]},{"i":{"x":[0.833],"y":[0.833]},"o":{"x":[0.167],"y":[0.167]},"t":25,"s":[2]},{"i":{"x":[0.833],"y":[0.833]},"o":{"x":[0.167],"y":[0.167]},"t":53,"s":[-1]},{"t":89,"s":[0]}],"ix":10},"p":{"a":0,"k":[1180,1168,0],"ix":2},"a":{"a":0,"k":[1180,1168,0],"ix":1},"s":{"a":0,"k":[100,100,100],"ix":6}},"ao":0,"shapes":[{"ty":"gr","it":[{"ind":0,"ty":"sh","ix":1,"ks":{"a":0,"k":{"i":[[0.961,0],[0.464,0.285],[8.144,8.504],[6.698,17.116],[-1.47,0.575],[-0.576,-1.467],[-12.005,-12.538],[-9.686,-5.937],[0.821,-1.347]],"o":[[-0.514,0],[-10.111,-6.192],[-12.524,-13.077],[-0.575,-1.472],[1.49,-0.573],[6.418,16.417],[7.798,8.148],[1.352,0.825],[-0.543,0.879]],"v":[[27.638,36.177],[26.146,35.755],[-1.36,13.607],[-30.325,-31.899],[-28.704,-35.604],[-24.995,-33.982],[2.774,9.651],[29.129,30.878],[30.079,34.812]],"c":true},"ix":2},"nm":"Path 1","mn":"ADBE Vector Shape - Group","hd":false},{"ty":"fl","c":{"a":0,"k":[0.144230741613,0.313339382994,0.207788026099,1],"ix":4},"o":{"a":0,"k":100,"ix":5},"r":1,"bm":0,"nm":"Fill 1","mn":"ADBE Vector Graphic - Fill","hd":false},{"ty":"tr","p":{"a":0,"k":[1170.577,828.385],"ix":2},"a":{"a":0,"k":[0,0],"ix":1},"s":{"a":0,"k":[100,100],"ix":3},"r":{"a":0,"k":0,"ix":6},"o":{"a":0,"k":100,"ix":7},"sk":{"a":0,"k":0,"ix":4},"sa":{"a":0,"k":0,"ix":5},"nm":"Transform"}],"nm":"Group 1","np":2,"cix":2,"bm":0,"ix":1,"mn":"ADBE Vector Group","hd":false},{"ty":"gr","it":[{"ind":0,"ty":"sh","ix":1,"ks":{"a":0,"k":{"i":[[0.189,0],[0.274,1.358],[-0.123,9.188],[-1.117,6.596],[-1.508,-0.216],[0.262,-1.56],[0.089,-6.373],[-1.743,-8.611],[1.554,-0.312]],"o":[[-1.329,0],[-1.821,-9.007],[0.089,-6.667],[0.268,-1.558],[1.558,0.265],[-1.073,6.302],[-0.117,8.78],[0.313,1.547],[-0.189,0.039]],"v":[[1.179,26.128],[-1.62,23.835],[-4.178,-3.586],[-2.352,-23.573],[0.95,-25.913],[3.291,-22.611],[1.542,-3.508],[3.989,22.701],[1.748,26.071]],"c":true},"ix":2},"nm":"Path 1","mn":"ADBE Vector Shape - Group","hd":false},{"ty":"fl","c":{"a":0,"k":[0.144230741613,0.313339382994,0.207788026099,1],"ix":4},"o":{"a":0,"k":100,"ix":5},"r":1,"bm":0,"nm":"Fill 1","mn":"ADBE Vector Graphic - Fill","hd":false},{"ty":"tr","p":{"a":0,"k":[1230.637,829.022],"ix":2},"a":{"a":0,"k":[0,0],"ix":1},"s":{"a":0,"k":[100,100],"ix":3},"r":{"a":0,"k":0,"ix":6},"o":{"a":0,"k":100,"ix":7},"sk":{"a":0,"k":0,"ix":4},"sa":{"a":0,"k":0,"ix":5},"nm":"Transform"}],"nm":"Group 2","np":2,"cix":2,"bm":0,"ix":2,"mn":"ADBE Vector Group","hd":false},{"ty":"gr","it":[{"ind":0,"ty":"sh","ix":1,"ks":{"a":0,"k":{"i":[[0.692,0],[0.565,0.615],[-1.162,1.067],[-7.196,8.675],[-8.558,17.026],[-1.407,-0.709],[0.71,-1.411],[12.361,-14.894],[8.552,-7.841]],"o":[[-0.771,0],[-1.073,-1.165],[8.363,-7.665],[12.082,-14.56],[0.704,-1.419],[1.414,0.709],[-8.749,17.412],[-7.363,8.873],[-0.547,0.502]],"v":[[-27.629,39.588],[-29.735,38.661],[-29.562,34.62],[-6.116,9.995],[24.993,-37.607],[28.83,-38.879],[30.099,-35.037],[-1.714,13.65],[-25.696,38.838]],"c":true},"ix":2},"nm":"Path 1","mn":"ADBE Vector Shape - Group","hd":false},{"ty":"fl","c":{"a":0,"k":[0.144230741613,0.313339382994,0.207788026099,1],"ix":4},"o":{"a":0,"k":100,"ix":5},"r":1,"bm":0,"nm":"Fill 1","mn":"ADBE Vector Graphic - Fill","hd":false},{"ty":"tr","p":{"a":0,"k":[1224.056,856.078],"ix":2},"a":{"a":0,"k":[0,0],"ix":1},"s":{"a":0,"k":[100,100],"ix":3},"r":{"a":0,"k":0,"ix":6},"o":{"a":0,"k":100,"ix":7},"sk":{"a":0,"k":0,"ix":4},"sa":{"a":0,"k":0,"ix":5},"nm":"Transform"}],"nm":"Group 3","np":2,"cix":2,"bm":0,"ix":3,"mn":"ADBE Vector Group","hd":false},{"ty":"gr","it":[{"ind":0,"ty":"sh","ix":1,"ks":{"a":0,"k":{"i":[[0.698,0],[0.565,0.602],[-1.15,1.078],[-2.027,3.091],[0.804,8.703],[-1.575,0.144],[-0.145,-1.575],[8.681,-13.261],[3.079,-2.882]],"o":[[-0.766,0],[-1.078,-1.154],[2.749,-2.57],[7.771,-11.88],[-0.146,-1.573],[1.541,-0.157],[0.882,9.608],[-2.274,3.474],[-0.553,0.517]],"v":[[-8.147,25.099],[-10.237,24.192],[-10.103,20.15],[-2.908,11.618],[4.735,-21.83],[7.321,-24.941],[10.433,-22.355],[1.874,14.751],[-6.193,24.328]],"c":true},"ix":2},"nm":"Path 1","mn":"ADBE Vector Shape - Group","hd":false},{"ty":"fl","c":{"a":0,"k":[0.144230741613,0.313339382994,0.207788026099,1],"ix":4},"o":{"a":0,"k":100,"ix":5},"r":1,"bm":0,"nm":"Fill 1","mn":"ADBE Vector Graphic - Fill","hd":false},{"ty":"tr","p":{"a":0,"k":[1198.256,646.405],"ix":2},"a":{"a":0,"k":[0,0],"ix":1},"s":{"a":0,"k":[100,100],"ix":3},"r":{"a":0,"k":0,"ix":6},"o":{"a":0,"k":100,"ix":7},"sk":{"a":0,"k":0,"ix":4},"sa":{"a":0,"k":0,"ix":5},"nm":"Transform"}],"nm":"Group 4","np":2,"cix":2,"bm":0,"ix":4,"mn":"ADBE Vector Group","hd":false},{"ty":"gr","it":[{"ind":0,"ty":"sh","ix":1,"ks":{"a":0,"k":{"i":[[1.81,-0.137],[0.123,1.497],[-0.207,28.998],[-6.641,38.645],[-1,6.508],[30.349,98.264],[-1.508,0.466],[-0.469,-1.505],[12.898,-84.061],[1.412,-8.214],[0.57,-78.513],[-2.329,-28.576]],"o":[[-1.469,0],[-2.345,-28.74],[0.575,-78.983],[1.409,-8.177],[12.77,-83.2],[-0.469,-1.509],[1.508,-0.466],[30.613,99.095],[-1,6.542],[-6.609,38.464],[-0.207,28.834],[0.128,1.572]],"v":[[-10.644,282.606],[-13.489,279.977],[-16.71,192.959],[0.545,16.927],[4.209,-5.093],[-22.292,-278.565],[-20.403,-282.14],[-16.828,-280.252],[9.863,-4.228],[6.182,17.896],[-10.99,192.998],[-7.791,279.514]],"c":true},"ix":2},"nm":"Path 1","mn":"ADBE Vector Shape - Group","hd":false},{"ty":"fl","c":{"a":0,"k":[0.144230741613,0.313339382994,0.207788026099,1],"ix":4},"o":{"a":0,"k":100,"ix":5},"r":1,"bm":0,"nm":"Fill 1","mn":"ADBE Vector Graphic - Fill","hd":false},{"ty":"tr","p":{"a":0,"k":[1191.078,882.748],"ix":2},"a":{"a":0,"k":[0,0],"ix":1},"s":{"a":0,"k":[100,100],"ix":3},"r":{"a":0,"k":0,"ix":6},"o":{"a":0,"k":100,"ix":7},"sk":{"a":0,"k":0,"ix":4},"sa":{"a":0,"k":0,"ix":5},"nm":"Transform"}],"nm":"Group 5","np":2,"cix":2,"bm":0,"ix":5,"mn":"ADBE Vector Group","hd":false},{"ty":"gr","it":[{"ind":0,"ty":"sh","ix":1,"ks":{"a":0,"k":{"i":[[-18.244,16.023],[-27.51,13.034],[-35.718,-2.455],[-13.796,-11.016],[-3.173,-42.788],[24.286,-16.84],[53.533,0],[50.297,18.338],[2.184,3.668],[-1.872,5.792]],"o":[[5.226,-4.59],[25.325,-12],[42.54,2.924],[19.361,15.46],[0.356,4.811],[-25.368,17.591],[-72.14,0.001],[-25.102,-9.152],[-18.195,-30.552],[7.285,-22.533]],"v":[[-115.523,-57.753],[-65.711,-89.888],[22.664,-112.385],[107.825,-75.427],[164.063,9.734],[143.175,72.398],[40.338,59.544],[-109.096,96.501],[-149.266,62.759],[-155.694,-6.334]],"c":true},"ix":2},"nm":"Path 1","mn":"ADBE Vector Shape - Group","hd":false},{"ty":"fl","c":{"a":0,"k":[0.298071827608,0.618759933172,0.33416559556,1],"ix":4},"o":{"a":0,"k":100,"ix":5},"r":1,"bm":0,"nm":"Fill 1","mn":"ADBE Vector Graphic - Fill","hd":false},{"ty":"tr","p":{"a":0,"k":[1177.06,871.567],"ix":2},"a":{"a":0,"k":[0,0],"ix":1},"s":{"a":0,"k":[100,100],"ix":3},"r":{"a":0,"k":0,"ix":6},"o":{"a":0,"k":100,"ix":7},"sk":{"a":0,"k":0,"ix":4},"sa":{"a":0,"k":0,"ix":5},"nm":"Transform"}],"nm":"Group 6","np":2,"cix":2,"bm":0,"ix":6,"mn":"ADBE Vector Group","hd":false},{"ty":"gr","it":[{"ind":0,"ty":"sh","ix":1,"ks":{"a":0,"k":{"i":[[-22.595,-15.298],[-1.176,-0.11],[-15.584,7.737],[-28.197,4.194],[-19.835,3.69],[-10.71,8.981],[-0.122,5.383],[5.713,6.845],[11.757,2.253],[34.967,-21.282],[5.348,-16.084]],"o":[[6.854,4.639],[13.979,1.315],[0,0],[18.94,-2.816],[17.757,-3.303],[20.139,-16.89],[0.643,-28.244],[-21.602,-25.878],[-11.239,-2.153],[-33.644,20.476],[-10.616,31.923]],"v":[[-93.467,90.712],[-76.705,96.363],[-38.834,82.678],[12.583,66.609],[54.361,63.396],[94.531,48.935],[115.42,-0.877],[94.531,-55.508],[31.865,-89.252],[-50.083,-76.396],[-99.893,-7.304]],"c":true},"ix":2},"nm":"Path 1","mn":"ADBE Vector Shape - Group","hd":false},{"ty":"fl","c":{"a":0,"k":[0.298071827608,0.618759933172,0.33416559556,1],"ix":4},"o":{"a":0,"k":100,"ix":5},"r":1,"bm":0,"nm":"Fill 1","mn":"ADBE Vector Graphic - Fill","hd":false},{"ty":"tr","p":{"a":0,"k":[1179.106,634.727],"ix":2},"a":{"a":0,"k":[0,0],"ix":1},"s":{"a":0,"k":[100,109.265],"ix":3},"r":{"a":0,"k":0,"ix":6},"o":{"a":0,"k":100,"ix":7},"sk":{"a":1,"k":[{"i":{"x":[0.833],"y":[0.833]},"o":{"x":[0.167],"y":[0.167]},"t":5,"s":[0]},{"i":{"x":[0.833],"y":[0.833]},"o":{"x":[0.167],"y":[0.167]},"t":38,"s":[5]},{"i":{"x":[0.833],"y":[0.833]},"o":{"x":[0.167],"y":[0.167]},"t":76,"s":[-3]},{"t":89,"s":[0]}],"ix":4},"sa":{"a":0,"k":0,"ix":5},"nm":"Transform"}],"nm":"Group 7","np":2,"cix":2,"bm":0,"ix":7,"mn":"ADBE Vector Group","hd":false}],"ip":0,"op":90,"st":0,"bm":0},{"ddd":0,"ind":15,"ty":4,"nm":"Shape Layer 4","sr":1,"ks":{"o":{"a":0,"k":100,"ix":11},"r":{"a":0,"k":0,"ix":10},"p":{"a":0,"k":[800,600,0],"ix":2},"a":{"a":0,"k":[0,0,0],"ix":1},"s":{"a":0,"k":[100,100,100],"ix":6}},"ao":0,"shapes":[{"ty":"gr","it":[{"ind":0,"ty":"sh","ix":1,"ks":{"a":0,"k":{"i":[[0,0],[-240,124],[-64,-64],[116,0],[4.515,45.179],[-101.799,22.513],[-136,112],[-116,-12]],"o":[[0,0],[199.008,-102.821],[64,64],[-89.997,0],[-4.917,-49.198],[208,-46],[136,-112],[116,12]],"v":[[-752,-324],[-288,-452],[204,-358],[94,-162],[-43.135,-289.887],[76,-416],[588,-312],[776,-548]],"c":false},"ix":2},"nm":"Path 1","mn":"ADBE Vector Shape - Group","hd":false},{"ty":"st","c":{"a":0,"k":[0.023360908031,0.687170267105,1,1],"ix":3},"o":{"a":0,"k":100,"ix":4},"w":{"a":0,"k":10,"ix":5},"lc":2,"lj":2,"bm":0,"nm":"Stroke 1","mn":"ADBE Vector Graphic - Stroke","hd":false},{"ty":"tr","p":{"a":0,"k":[0,0],"ix":2},"a":{"a":0,"k":[0,0],"ix":1},"s":{"a":0,"k":[100,100],"ix":3},"r":{"a":0,"k":0,"ix":6},"o":{"a":0,"k":100,"ix":7},"sk":{"a":0,"k":0,"ix":4},"sa":{"a":0,"k":0,"ix":5},"nm":"Transform"}],"nm":"Shape 1","np":3,"cix":2,"bm":0,"ix":1,"mn":"ADBE Vector Group","hd":false},{"ty":"tm","s":{"a":1,"k":[{"i":{"x":[0.833],"y":[0.833]},"o":{"x":[0.167],"y":[0.167]},"t":8,"s":[0]},{"t":45,"s":[100]}],"ix":1},"e":{"a":1,"k":[{"i":{"x":[0.833],"y":[0.833]},"o":{"x":[0.167],"y":[0.167]},"t":5,"s":[0]},{"t":40,"s":[100]}],"ix":2},"o":{"a":0,"k":0,"ix":3},"m":1,"ix":2,"nm":"Trim Paths 1","mn":"ADBE Vector Filter - Trim","hd":false}],"ip":0,"op":90,"st":0,"bm":0}],"markers":[]}